["[\n {\n \"login\": \"no-one-21\",\n\"id\": 36171050,\n\"node_id\": \"MDQ6VXNlcjM2MTcxMDUw\",\n\"avatar_url\": \"https://avatars1.githubusercontent.com/u/36171050?v=4\",\n\"gravatar_id\": \"\",\n\"url\": \"https://api.github.com/users/no-one-21\",\n\"html_url\": \"https://github.com/no-one-21\",\n\"followers_url\": \"https://api.github.com/users/no-one-21/followers\",\n\"following_url\": \"https://api.github.com/users/no-one-21/following{/other_user}\",\n\"gists_url\": \"https://api.github.com/users/no-one-21/gists{/gist_id}\",\n\"starred_url\": \"https://api.github.com/users/no-one-21/starred{/owner}{/repo}\",\n\"subscriptions_url\": \"https://api.github.com/users/no-one-21/subscriptions\",\n\"organizations_url\": \"https://api.github.com/users/no-one-21/orgs\",\n\"repos_url\": \"https://api.github.com/users/no-one-21/repos\",\n\"events_url\": \"https://api.github.com/users/no-one-21/events{/privacy}\",\n\"received_events_url\": \"https://api.github.com/users/no-one-21/received_events\",\n\"type\": \"User\",\n\"site_admin\": false \n} \n]"]
