["[\n {\n \"login\": \"buhijs\",\n\"id\": 483391,\n\"node_id\": \"MDQ6VXNlcjQ4MzM5MQ==\",\n\"avatar_url\": \"https://avatars3.githubusercontent.com/u/483391?v=4\",\n\"gravatar_id\": \"\",\n\"url\": \"https://api.github.com/users/buhijs\",\n\"html_url\": \"https://github.com/buhijs\",\n\"followers_url\": \"https://api.github.com/users/buhijs/followers\",\n\"following_url\": \"https://api.github.com/users/buhijs/following{/other_user}\",\n\"gists_url\": \"https://api.github.com/users/buhijs/gists{/gist_id}\",\n\"starred_url\": \"https://api.github.com/users/buhijs/starred{/owner}{/repo}\",\n\"subscriptions_url\": \"https://api.github.com/users/buhijs/subscriptions\",\n\"organizations_url\": \"https://api.github.com/users/buhijs/orgs\",\n\"repos_url\": \"https://api.github.com/users/buhijs/repos\",\n\"events_url\": \"https://api.github.com/users/buhijs/events{/privacy}\",\n\"received_events_url\": \"https://api.github.com/users/buhijs/received_events\",\n\"type\": \"User\",\n\"site_admin\": false \n} \n]"]
