["[\n {\n \"login\": \"seepls\",\n\"id\": 40840674,\n\"node_id\": \"MDQ6VXNlcjQwODQwNjc0\",\n\"avatar_url\": \"https://avatars1.githubusercontent.com/u/40840674?v=4\",\n\"gravatar_id\": \"\",\n\"url\": \"https://api.github.com/users/seepls\",\n\"html_url\": \"https://github.com/seepls\",\n\"followers_url\": \"https://api.github.com/users/seepls/followers\",\n\"following_url\": \"https://api.github.com/users/seepls/following{/other_user}\",\n\"gists_url\": \"https://api.github.com/users/seepls/gists{/gist_id}\",\n\"starred_url\": \"https://api.github.com/users/seepls/starred{/owner}{/repo}\",\n\"subscriptions_url\": \"https://api.github.com/users/seepls/subscriptions\",\n\"organizations_url\": \"https://api.github.com/users/seepls/orgs\",\n\"repos_url\": \"https://api.github.com/users/seepls/repos\",\n\"events_url\": \"https://api.github.com/users/seepls/events{/privacy}\",\n\"received_events_url\": \"https://api.github.com/users/seepls/received_events\",\n\"type\": \"User\",\n\"site_admin\": false \n} \n]"]
