["[\n {\n \"login\": \"irfankhan403\",\n\"id\": 17589461,\n\"node_id\": \"MDQ6VXNlcjE3NTg5NDYx\",\n\"avatar_url\": \"https://avatars1.githubusercontent.com/u/17589461?v=4\",\n\"gravatar_id\": \"\",\n\"url\": \"https://api.github.com/users/irfankhan403\",\n\"html_url\": \"https://github.com/irfankhan403\",\n\"followers_url\": \"https://api.github.com/users/irfankhan403/followers\",\n\"following_url\": \"https://api.github.com/users/irfankhan403/following{/other_user}\",\n\"gists_url\": \"https://api.github.com/users/irfankhan403/gists{/gist_id}\",\n\"starred_url\": \"https://api.github.com/users/irfankhan403/starred{/owner}{/repo}\",\n\"subscriptions_url\": \"https://api.github.com/users/irfankhan403/subscriptions\",\n\"organizations_url\": \"https://api.github.com/users/irfankhan403/orgs\",\n\"repos_url\": \"https://api.github.com/users/irfankhan403/repos\",\n\"events_url\": \"https://api.github.com/users/irfankhan403/events{/privacy}\",\n\"received_events_url\": \"https://api.github.com/users/irfankhan403/received_events\",\n\"type\": \"User\",\n\"site_admin\": false \n} \n]"]
