["[\n {\n \"login\": \"MohamedMedhat1998\",\n\"id\": 8533363,\n\"node_id\": \"MDQ6VXNlcjg1MzMzNjM=\",\n\"avatar_url\": \"https://avatars0.githubusercontent.com/u/8533363?v=4\",\n\"gravatar_id\": \"\",\n\"url\": \"https://api.github.com/users/MohamedMedhat1998\",\n\"html_url\": \"https://github.com/MohamedMedhat1998\",\n\"followers_url\": \"https://api.github.com/users/MohamedMedhat1998/followers\",\n\"following_url\": \"https://api.github.com/users/MohamedMedhat1998/following{/other_user}\",\n\"gists_url\": \"https://api.github.com/users/MohamedMedhat1998/gists{/gist_id}\",\n\"starred_url\": \"https://api.github.com/users/MohamedMedhat1998/starred{/owner}{/repo}\",\n\"subscriptions_url\": \"https://api.github.com/users/MohamedMedhat1998/subscriptions\",\n\"organizations_url\": \"https://api.github.com/users/MohamedMedhat1998/orgs\",\n\"repos_url\": \"https://api.github.com/users/MohamedMedhat1998/repos\",\n\"events_url\": \"https://api.github.com/users/MohamedMedhat1998/events{/privacy}\",\n\"received_events_url\": \"https://api.github.com/users/MohamedMedhat1998/received_events\",\n\"type\": \"User\",\n\"site_admin\": false \n} \n]"]
