["[\n {\n \"login\": \"christianbender\",\n\"id\": 23243382,\n\"node_id\": \"MDQ6VXNlcjIzMjQzMzgy\",\n\"avatar_url\": \"https://avatars0.githubusercontent.com/u/23243382?v=4\",\n\"gravatar_id\": \"\",\n\"url\": \"https://api.github.com/users/christianbender\",\n\"html_url\": \"https://github.com/christianbender\",\n\"followers_url\": \"https://api.github.com/users/christianbender/followers\",\n\"following_url\": \"https://api.github.com/users/christianbender/following{/other_user}\",\n\"gists_url\": \"https://api.github.com/users/christianbender/gists{/gist_id}\",\n\"starred_url\": \"https://api.github.com/users/christianbender/starred{/owner}{/repo}\",\n\"subscriptions_url\": \"https://api.github.com/users/christianbender/subscriptions\",\n\"organizations_url\": \"https://api.github.com/users/christianbender/orgs\",\n\"repos_url\": \"https://api.github.com/users/christianbender/repos\",\n\"events_url\": \"https://api.github.com/users/christianbender/events{/privacy}\",\n\"received_events_url\": \"https://api.github.com/users/christianbender/received_events\",\n\"type\": \"User\",\n\"site_admin\": false \n} \n]"]
