["[\n {\n \"login\": \"DuminduA\",\n\"id\": 16842512,\n\"node_id\": \"MDQ6VXNlcjE2ODQyNTEy\",\n\"avatar_url\": \"https://avatars3.githubusercontent.com/u/16842512?v=4\",\n\"gravatar_id\": \"\",\n\"url\": \"https://api.github.com/users/DuminduA\",\n\"html_url\": \"https://github.com/DuminduA\",\n\"followers_url\": \"https://api.github.com/users/DuminduA/followers\",\n\"following_url\": \"https://api.github.com/users/DuminduA/following{/other_user}\",\n\"gists_url\": \"https://api.github.com/users/DuminduA/gists{/gist_id}\",\n\"starred_url\": \"https://api.github.com/users/DuminduA/starred{/owner}{/repo}\",\n\"subscriptions_url\": \"https://api.github.com/users/DuminduA/subscriptions\",\n\"organizations_url\": \"https://api.github.com/users/DuminduA/orgs\",\n\"repos_url\": \"https://api.github.com/users/DuminduA/repos\",\n\"events_url\": \"https://api.github.com/users/DuminduA/events{/privacy}\",\n\"received_events_url\": \"https://api.github.com/users/DuminduA/received_events\",\n\"type\": \"User\",\n\"site_admin\": false \n} \n]"]
