["[\n {\n \"login\": \"randilfernando\",\n\"id\": 17607423,\n\"node_id\": \"MDQ6VXNlcjE3NjA3NDIz\",\n\"avatar_url\": \"https://avatars2.githubusercontent.com/u/17607423?v=4\",\n\"gravatar_id\": \"\",\n\"url\": \"https://api.github.com/users/randilfernando\",\n\"html_url\": \"https://github.com/randilfernando\",\n\"followers_url\": \"https://api.github.com/users/randilfernando/followers\",\n\"following_url\": \"https://api.github.com/users/randilfernando/following{/other_user}\",\n\"gists_url\": \"https://api.github.com/users/randilfernando/gists{/gist_id}\",\n\"starred_url\": \"https://api.github.com/users/randilfernando/starred{/owner}{/repo}\",\n\"subscriptions_url\": \"https://api.github.com/users/randilfernando/subscriptions\",\n\"organizations_url\": \"https://api.github.com/users/randilfernando/orgs\",\n\"repos_url\": \"https://api.github.com/users/randilfernando/repos\",\n\"events_url\": \"https://api.github.com/users/randilfernando/events{/privacy}\",\n\"received_events_url\": \"https://api.github.com/users/randilfernando/received_events\",\n\"type\": \"User\",\n\"site_admin\": false \n} \n]"]
