["[\n {\n \"login\": \"GauravWalia19\",\n\"id\": 29369199,\n\"node_id\": \"MDQ6VXNlcjI5MzY5MTk5\",\n\"avatar_url\": \"https://avatars1.githubusercontent.com/u/29369199?v=4\",\n\"gravatar_id\": \"\",\n\"url\": \"https://api.github.com/users/GauravWalia19\",\n\"html_url\": \"https://github.com/GauravWalia19\",\n\"followers_url\": \"https://api.github.com/users/GauravWalia19/followers\",\n\"following_url\": \"https://api.github.com/users/GauravWalia19/following{/other_user}\",\n\"gists_url\": \"https://api.github.com/users/GauravWalia19/gists{/gist_id}\",\n\"starred_url\": \"https://api.github.com/users/GauravWalia19/starred{/owner}{/repo}\",\n\"subscriptions_url\": \"https://api.github.com/users/GauravWalia19/subscriptions\",\n\"organizations_url\": \"https://api.github.com/users/GauravWalia19/orgs\",\n\"repos_url\": \"https://api.github.com/users/GauravWalia19/repos\",\n\"events_url\": \"https://api.github.com/users/GauravWalia19/events{/privacy}\",\n\"received_events_url\": \"https://api.github.com/users/GauravWalia19/received_events\",\n\"type\": \"User\",\n\"site_admin\": false \n} \n]"]
