["[\n {\n \"login\": \"SuKSW\",\n\"id\": 17605554,\n\"node_id\": \"MDQ6VXNlcjE3NjA1NTU0\",\n\"avatar_url\": \"https://avatars3.githubusercontent.com/u/17605554?v=4\",\n\"gravatar_id\": \"\",\n\"url\": \"https://api.github.com/users/SuKSW\",\n\"html_url\": \"https://github.com/SuKSW\",\n\"followers_url\": \"https://api.github.com/users/SuKSW/followers\",\n\"following_url\": \"https://api.github.com/users/SuKSW/following{/other_user}\",\n\"gists_url\": \"https://api.github.com/users/SuKSW/gists{/gist_id}\",\n\"starred_url\": \"https://api.github.com/users/SuKSW/starred{/owner}{/repo}\",\n\"subscriptions_url\": \"https://api.github.com/users/SuKSW/subscriptions\",\n\"organizations_url\": \"https://api.github.com/users/SuKSW/orgs\",\n\"repos_url\": \"https://api.github.com/users/SuKSW/repos\",\n\"events_url\": \"https://api.github.com/users/SuKSW/events{/privacy}\",\n\"received_events_url\": \"https://api.github.com/users/SuKSW/received_events\",\n\"type\": \"User\",\n\"site_admin\": false \n} \n]"]
