["[\n {\n \"login\": \"sandykree\",\n\"id\": 25310895,\n\"node_id\": \"MDQ6VXNlcjI1MzEwODk1\",\n\"avatar_url\": \"https://avatars2.githubusercontent.com/u/25310895?v=4\",\n\"gravatar_id\": \"\",\n\"url\": \"https://api.github.com/users/sandykree\",\n\"html_url\": \"https://github.com/sandykree\",\n\"followers_url\": \"https://api.github.com/users/sandykree/followers\",\n\"following_url\": \"https://api.github.com/users/sandykree/following{/other_user}\",\n\"gists_url\": \"https://api.github.com/users/sandykree/gists{/gist_id}\",\n\"starred_url\": \"https://api.github.com/users/sandykree/starred{/owner}{/repo}\",\n\"subscriptions_url\": \"https://api.github.com/users/sandykree/subscriptions\",\n\"organizations_url\": \"https://api.github.com/users/sandykree/orgs\",\n\"repos_url\": \"https://api.github.com/users/sandykree/repos\",\n\"events_url\": \"https://api.github.com/users/sandykree/events{/privacy}\",\n\"received_events_url\": \"https://api.github.com/users/sandykree/received_events\",\n\"type\": \"User\",\n\"site_admin\": false \n} \n]"]
