["[\n {\n \"login\": \"sivakar12\",\n\"id\": 10211495,\n\"node_id\": \"MDQ6VXNlcjEwMjExNDk1\",\n\"avatar_url\": \"https://avatars0.githubusercontent.com/u/10211495?v=4\",\n\"gravatar_id\": \"\",\n\"url\": \"https://api.github.com/users/sivakar12\",\n\"html_url\": \"https://github.com/sivakar12\",\n\"followers_url\": \"https://api.github.com/users/sivakar12/followers\",\n\"following_url\": \"https://api.github.com/users/sivakar12/following{/other_user}\",\n\"gists_url\": \"https://api.github.com/users/sivakar12/gists{/gist_id}\",\n\"starred_url\": \"https://api.github.com/users/sivakar12/starred{/owner}{/repo}\",\n\"subscriptions_url\": \"https://api.github.com/users/sivakar12/subscriptions\",\n\"organizations_url\": \"https://api.github.com/users/sivakar12/orgs\",\n\"repos_url\": \"https://api.github.com/users/sivakar12/repos\",\n\"events_url\": \"https://api.github.com/users/sivakar12/events{/privacy}\",\n\"received_events_url\": \"https://api.github.com/users/sivakar12/received_events\",\n\"type\": \"User\",\n\"site_admin\": false \n} \n]"]
