["[\n {\n \"login\": \"AdityaAnandKrishna\",\n\"id\": 33352601,\n\"node_id\": \"MDQ6VXNlcjMzMzUyNjAx\",\n\"avatar_url\": \"https://avatars2.githubusercontent.com/u/33352601?v=4\",\n\"gravatar_id\": \"\",\n\"url\": \"https://api.github.com/users/AdityaAnandKrishna\",\n\"html_url\": \"https://github.com/AdityaAnandKrishna\",\n\"followers_url\": \"https://api.github.com/users/AdityaAnandKrishna/followers\",\n\"following_url\": \"https://api.github.com/users/AdityaAnandKrishna/following{/other_user}\",\n\"gists_url\": \"https://api.github.com/users/AdityaAnandKrishna/gists{/gist_id}\",\n\"starred_url\": \"https://api.github.com/users/AdityaAnandKrishna/starred{/owner}{/repo}\",\n\"subscriptions_url\": \"https://api.github.com/users/AdityaAnandKrishna/subscriptions\",\n\"organizations_url\": \"https://api.github.com/users/AdityaAnandKrishna/orgs\",\n\"repos_url\": \"https://api.github.com/users/AdityaAnandKrishna/repos\",\n\"events_url\": \"https://api.github.com/users/AdityaAnandKrishna/events{/privacy}\",\n\"received_events_url\": \"https://api.github.com/users/AdityaAnandKrishna/received_events\",\n\"type\": \"User\",\n\"site_admin\": false \n} \n]"]
