["[\n {\n \"login\": \"gionuno\",\n\"id\": 15267508,\n\"node_id\": \"MDQ6VXNlcjE1MjY3NTA4\",\n\"avatar_url\": \"https://avatars1.githubusercontent.com/u/15267508?v=4\",\n\"gravatar_id\": \"\",\n\"url\": \"https://api.github.com/users/gionuno\",\n\"html_url\": \"https://github.com/gionuno\",\n\"followers_url\": \"https://api.github.com/users/gionuno/followers\",\n\"following_url\": \"https://api.github.com/users/gionuno/following{/other_user}\",\n\"gists_url\": \"https://api.github.com/users/gionuno/gists{/gist_id}\",\n\"starred_url\": \"https://api.github.com/users/gionuno/starred{/owner}{/repo}\",\n\"subscriptions_url\": \"https://api.github.com/users/gionuno/subscriptions\",\n\"organizations_url\": \"https://api.github.com/users/gionuno/orgs\",\n\"repos_url\": \"https://api.github.com/users/gionuno/repos\",\n\"events_url\": \"https://api.github.com/users/gionuno/events{/privacy}\",\n\"received_events_url\": \"https://api.github.com/users/gionuno/received_events\",\n\"type\": \"User\",\n\"site_admin\": false \n} \n]"]
