["[\n {\n \"login\": \"302Blue\",\n\"id\": 21272827,\n\"node_id\": \"MDQ6VXNlcjIxMjcyODI3\",\n\"avatar_url\": \"https://avatars2.githubusercontent.com/u/21272827?v=4\",\n\"gravatar_id\": \"\",\n\"url\": \"https://api.github.com/users/302Blue\",\n\"html_url\": \"https://github.com/302Blue\",\n\"followers_url\": \"https://api.github.com/users/302Blue/followers\",\n\"following_url\": \"https://api.github.com/users/302Blue/following{/other_user}\",\n\"gists_url\": \"https://api.github.com/users/302Blue/gists{/gist_id}\",\n\"starred_url\": \"https://api.github.com/users/302Blue/starred{/owner}{/repo}\",\n\"subscriptions_url\": \"https://api.github.com/users/302Blue/subscriptions\",\n\"organizations_url\": \"https://api.github.com/users/302Blue/orgs\",\n\"repos_url\": \"https://api.github.com/users/302Blue/repos\",\n\"events_url\": \"https://api.github.com/users/302Blue/events{/privacy}\",\n\"received_events_url\": \"https://api.github.com/users/302Blue/received_events\",\n\"type\": \"User\",\n\"site_admin\": false \n} \n]"]
