["[\n {\n \"login\": \"MukulCode\",\n\"id\": 33973666,\n\"node_id\": \"MDQ6VXNlcjMzOTczNjY2\",\n\"avatar_url\": \"https://avatars2.githubusercontent.com/u/33973666?v=4\",\n\"gravatar_id\": \"\",\n\"url\": \"https://api.github.com/users/MukulCode\",\n\"html_url\": \"https://github.com/MukulCode\",\n\"followers_url\": \"https://api.github.com/users/MukulCode/followers\",\n\"following_url\": \"https://api.github.com/users/MukulCode/following{/other_user}\",\n\"gists_url\": \"https://api.github.com/users/MukulCode/gists{/gist_id}\",\n\"starred_url\": \"https://api.github.com/users/MukulCode/starred{/owner}{/repo}\",\n\"subscriptions_url\": \"https://api.github.com/users/MukulCode/subscriptions\",\n\"organizations_url\": \"https://api.github.com/users/MukulCode/orgs\",\n\"repos_url\": \"https://api.github.com/users/MukulCode/repos\",\n\"events_url\": \"https://api.github.com/users/MukulCode/events{/privacy}\",\n\"received_events_url\": \"https://api.github.com/users/MukulCode/received_events\",\n\"type\": \"User\",\n\"site_admin\": false \n} \n]"]
