["[\n {\n \"login\": \"shivsan\",\n\"id\": 2430621,\n\"node_id\": \"MDQ6VXNlcjI0MzA2MjE=\",\n\"avatar_url\": \"https://avatars0.githubusercontent.com/u/2430621?v=4\",\n\"gravatar_id\": \"\",\n\"url\": \"https://api.github.com/users/shivsan\",\n\"html_url\": \"https://github.com/shivsan\",\n\"followers_url\": \"https://api.github.com/users/shivsan/followers\",\n\"following_url\": \"https://api.github.com/users/shivsan/following{/other_user}\",\n\"gists_url\": \"https://api.github.com/users/shivsan/gists{/gist_id}\",\n\"starred_url\": \"https://api.github.com/users/shivsan/starred{/owner}{/repo}\",\n\"subscriptions_url\": \"https://api.github.com/users/shivsan/subscriptions\",\n\"organizations_url\": \"https://api.github.com/users/shivsan/orgs\",\n\"repos_url\": \"https://api.github.com/users/shivsan/repos\",\n\"events_url\": \"https://api.github.com/users/shivsan/events{/privacy}\",\n\"received_events_url\": \"https://api.github.com/users/shivsan/received_events\",\n\"type\": \"User\",\n\"site_admin\": false \n} \n]"]
