["[\n {\n \"login\": \"hitesh1157\",\n\"id\": 25616334,\n\"node_id\": \"MDQ6VXNlcjI1NjE2MzM0\",\n\"avatar_url\": \"https://avatars1.githubusercontent.com/u/25616334?v=4\",\n\"gravatar_id\": \"\",\n\"url\": \"https://api.github.com/users/hitesh1157\",\n\"html_url\": \"https://github.com/hitesh1157\",\n\"followers_url\": \"https://api.github.com/users/hitesh1157/followers\",\n\"following_url\": \"https://api.github.com/users/hitesh1157/following{/other_user}\",\n\"gists_url\": \"https://api.github.com/users/hitesh1157/gists{/gist_id}\",\n\"starred_url\": \"https://api.github.com/users/hitesh1157/starred{/owner}{/repo}\",\n\"subscriptions_url\": \"https://api.github.com/users/hitesh1157/subscriptions\",\n\"organizations_url\": \"https://api.github.com/users/hitesh1157/orgs\",\n\"repos_url\": \"https://api.github.com/users/hitesh1157/repos\",\n\"events_url\": \"https://api.github.com/users/hitesh1157/events{/privacy}\",\n\"received_events_url\": \"https://api.github.com/users/hitesh1157/received_events\",\n\"type\": \"User\",\n\"site_admin\": false \n} \n]"]
