["[\n {\n \"login\": \"rvee\",\n\"id\": 5296438,\n\"node_id\": \"MDQ6VXNlcjUyOTY0Mzg=\",\n\"avatar_url\": \"https://avatars0.githubusercontent.com/u/5296438?v=4\",\n\"gravatar_id\": \"\",\n\"url\": \"https://api.github.com/users/rvee\",\n\"html_url\": \"https://github.com/rvee\",\n\"followers_url\": \"https://api.github.com/users/rvee/followers\",\n\"following_url\": \"https://api.github.com/users/rvee/following{/other_user}\",\n\"gists_url\": \"https://api.github.com/users/rvee/gists{/gist_id}\",\n\"starred_url\": \"https://api.github.com/users/rvee/starred{/owner}{/repo}\",\n\"subscriptions_url\": \"https://api.github.com/users/rvee/subscriptions\",\n\"organizations_url\": \"https://api.github.com/users/rvee/orgs\",\n\"repos_url\": \"https://api.github.com/users/rvee/repos\",\n\"events_url\": \"https://api.github.com/users/rvee/events{/privacy}\",\n\"received_events_url\": \"https://api.github.com/users/rvee/received_events\",\n\"type\": \"User\",\n\"site_admin\": false \n} \n]"]
