["[\n {\n \"login\": \"UdAyAn123\",\n\"id\": 45636609,\n\"node_id\": \"MDQ6VXNlcjQ1NjM2NjA5\",\n\"avatar_url\": \"https://avatars3.githubusercontent.com/u/45636609?v=4\",\n\"gravatar_id\": \"\",\n\"url\": \"https://api.github.com/users/UdAyAn123\",\n\"html_url\": \"https://github.com/UdAyAn123\",\n\"followers_url\": \"https://api.github.com/users/UdAyAn123/followers\",\n\"following_url\": \"https://api.github.com/users/UdAyAn123/following{/other_user}\",\n\"gists_url\": \"https://api.github.com/users/UdAyAn123/gists{/gist_id}\",\n\"starred_url\": \"https://api.github.com/users/UdAyAn123/starred{/owner}{/repo}\",\n\"subscriptions_url\": \"https://api.github.com/users/UdAyAn123/subscriptions\",\n\"organizations_url\": \"https://api.github.com/users/UdAyAn123/orgs\",\n\"repos_url\": \"https://api.github.com/users/UdAyAn123/repos\",\n\"events_url\": \"https://api.github.com/users/UdAyAn123/events{/privacy}\",\n\"received_events_url\": \"https://api.github.com/users/UdAyAn123/received_events\",\n\"type\": \"User\",\n\"site_admin\": false \n} \n]"]
