["[\n {\n \"login\": \"ErangaD\",\n\"id\": 17006912,\n\"node_id\": \"MDQ6VXNlcjE3MDA2OTEy\",\n\"avatar_url\": \"https://avatars1.githubusercontent.com/u/17006912?v=4\",\n\"gravatar_id\": \"\",\n\"url\": \"https://api.github.com/users/ErangaD\",\n\"html_url\": \"https://github.com/ErangaD\",\n\"followers_url\": \"https://api.github.com/users/ErangaD/followers\",\n\"following_url\": \"https://api.github.com/users/ErangaD/following{/other_user}\",\n\"gists_url\": \"https://api.github.com/users/ErangaD/gists{/gist_id}\",\n\"starred_url\": \"https://api.github.com/users/ErangaD/starred{/owner}{/repo}\",\n\"subscriptions_url\": \"https://api.github.com/users/ErangaD/subscriptions\",\n\"organizations_url\": \"https://api.github.com/users/ErangaD/orgs\",\n\"repos_url\": \"https://api.github.com/users/ErangaD/repos\",\n\"events_url\": \"https://api.github.com/users/ErangaD/events{/privacy}\",\n\"received_events_url\": \"https://api.github.com/users/ErangaD/received_events\",\n\"type\": \"User\",\n\"site_admin\": false \n} \n]"]
