["[\n {\n \"login\": \"umstek\",\n\"id\": 7861481,\n\"node_id\": \"MDQ6VXNlcjc4NjE0ODE=\",\n\"avatar_url\": \"https://avatars2.githubusercontent.com/u/7861481?v=4\",\n\"gravatar_id\": \"\",\n\"url\": \"https://api.github.com/users/umstek\",\n\"html_url\": \"https://github.com/umstek\",\n\"followers_url\": \"https://api.github.com/users/umstek/followers\",\n\"following_url\": \"https://api.github.com/users/umstek/following{/other_user}\",\n\"gists_url\": \"https://api.github.com/users/umstek/gists{/gist_id}\",\n\"starred_url\": \"https://api.github.com/users/umstek/starred{/owner}{/repo}\",\n\"subscriptions_url\": \"https://api.github.com/users/umstek/subscriptions\",\n\"organizations_url\": \"https://api.github.com/users/umstek/orgs\",\n\"repos_url\": \"https://api.github.com/users/umstek/repos\",\n\"events_url\": \"https://api.github.com/users/umstek/events{/privacy}\",\n\"received_events_url\": \"https://api.github.com/users/umstek/received_events\",\n\"type\": \"User\",\n\"site_admin\": false \n} \n]"]
