["[\n {\n \"login\": \"Kvaibhav01\",\n\"id\": 11731837,\n\"node_id\": \"MDQ6VXNlcjExNzMxODM3\",\n\"avatar_url\": \"https://avatars0.githubusercontent.com/u/11731837?v=4\",\n\"gravatar_id\": \"\",\n\"url\": \"https://api.github.com/users/Kvaibhav01\",\n\"html_url\": \"https://github.com/Kvaibhav01\",\n\"followers_url\": \"https://api.github.com/users/Kvaibhav01/followers\",\n\"following_url\": \"https://api.github.com/users/Kvaibhav01/following{/other_user}\",\n\"gists_url\": \"https://api.github.com/users/Kvaibhav01/gists{/gist_id}\",\n\"starred_url\": \"https://api.github.com/users/Kvaibhav01/starred{/owner}{/repo}\",\n\"subscriptions_url\": \"https://api.github.com/users/Kvaibhav01/subscriptions\",\n\"organizations_url\": \"https://api.github.com/users/Kvaibhav01/orgs\",\n\"repos_url\": \"https://api.github.com/users/Kvaibhav01/repos\",\n\"events_url\": \"https://api.github.com/users/Kvaibhav01/events{/privacy}\",\n\"received_events_url\": \"https://api.github.com/users/Kvaibhav01/received_events\",\n\"type\": \"User\",\n\"site_admin\": false \n} \n]"]
