["[\n {\n \"login\": \"lavalojan\",\n\"id\": 17602398,\n\"node_id\": \"MDQ6VXNlcjE3NjAyMzk4\",\n\"avatar_url\": \"https://avatars2.githubusercontent.com/u/17602398?v=4\",\n\"gravatar_id\": \"\",\n\"url\": \"https://api.github.com/users/lavalojan\",\n\"html_url\": \"https://github.com/lavalojan\",\n\"followers_url\": \"https://api.github.com/users/lavalojan/followers\",\n\"following_url\": \"https://api.github.com/users/lavalojan/following{/other_user}\",\n\"gists_url\": \"https://api.github.com/users/lavalojan/gists{/gist_id}\",\n\"starred_url\": \"https://api.github.com/users/lavalojan/starred{/owner}{/repo}\",\n\"subscriptions_url\": \"https://api.github.com/users/lavalojan/subscriptions\",\n\"organizations_url\": \"https://api.github.com/users/lavalojan/orgs\",\n\"repos_url\": \"https://api.github.com/users/lavalojan/repos\",\n\"events_url\": \"https://api.github.com/users/lavalojan/events{/privacy}\",\n\"received_events_url\": \"https://api.github.com/users/lavalojan/received_events\",\n\"type\": \"User\",\n\"site_admin\": false \n} \n]"]
