["[\n {\n \"login\": \"sanjay555\",\n\"id\": 13683559,\n\"node_id\": \"MDQ6VXNlcjEzNjgzNTU5\",\n\"avatar_url\": \"https://avatars3.githubusercontent.com/u/13683559?v=4\",\n\"gravatar_id\": \"\",\n\"url\": \"https://api.github.com/users/sanjay555\",\n\"html_url\": \"https://github.com/sanjay555\",\n\"followers_url\": \"https://api.github.com/users/sanjay555/followers\",\n\"following_url\": \"https://api.github.com/users/sanjay555/following{/other_user}\",\n\"gists_url\": \"https://api.github.com/users/sanjay555/gists{/gist_id}\",\n\"starred_url\": \"https://api.github.com/users/sanjay555/starred{/owner}{/repo}\",\n\"subscriptions_url\": \"https://api.github.com/users/sanjay555/subscriptions\",\n\"organizations_url\": \"https://api.github.com/users/sanjay555/orgs\",\n\"repos_url\": \"https://api.github.com/users/sanjay555/repos\",\n\"events_url\": \"https://api.github.com/users/sanjay555/events{/privacy}\",\n\"received_events_url\": \"https://api.github.com/users/sanjay555/received_events\",\n\"type\": \"User\",\n\"site_admin\": false \n} \n]"]
