["[\n {\n \"login\": \"dalinhuang99\",\n\"id\": 6508763,\n\"node_id\": \"MDQ6VXNlcjY1MDg3NjM=\",\n\"avatar_url\": \"https://avatars2.githubusercontent.com/u/6508763?v=4\",\n\"gravatar_id\": \"\",\n\"url\": \"https://api.github.com/users/dalinhuang99\",\n\"html_url\": \"https://github.com/dalinhuang99\",\n\"followers_url\": \"https://api.github.com/users/dalinhuang99/followers\",\n\"following_url\": \"https://api.github.com/users/dalinhuang99/following{/other_user}\",\n\"gists_url\": \"https://api.github.com/users/dalinhuang99/gists{/gist_id}\",\n\"starred_url\": \"https://api.github.com/users/dalinhuang99/starred{/owner}{/repo}\",\n\"subscriptions_url\": \"https://api.github.com/users/dalinhuang99/subscriptions\",\n\"organizations_url\": \"https://api.github.com/users/dalinhuang99/orgs\",\n\"repos_url\": \"https://api.github.com/users/dalinhuang99/repos\",\n\"events_url\": \"https://api.github.com/users/dalinhuang99/events{/privacy}\",\n\"received_events_url\": \"https://api.github.com/users/dalinhuang99/received_events\",\n\"type\": \"User\",\n\"site_admin\": false \n} \n]"]
