["[\n {\n \"login\": \"jeffmayn\",\n\"id\": 11981450,\n\"node_id\": \"MDQ6VXNlcjExOTgxNDUw\",\n\"avatar_url\": \"https://avatars3.githubusercontent.com/u/11981450?v=4\",\n\"gravatar_id\": \"\",\n\"url\": \"https://api.github.com/users/jeffmayn\",\n\"html_url\": \"https://github.com/jeffmayn\",\n\"followers_url\": \"https://api.github.com/users/jeffmayn/followers\",\n\"following_url\": \"https://api.github.com/users/jeffmayn/following{/other_user}\",\n\"gists_url\": \"https://api.github.com/users/jeffmayn/gists{/gist_id}\",\n\"starred_url\": \"https://api.github.com/users/jeffmayn/starred{/owner}{/repo}\",\n\"subscriptions_url\": \"https://api.github.com/users/jeffmayn/subscriptions\",\n\"organizations_url\": \"https://api.github.com/users/jeffmayn/orgs\",\n\"repos_url\": \"https://api.github.com/users/jeffmayn/repos\",\n\"events_url\": \"https://api.github.com/users/jeffmayn/events{/privacy}\",\n\"received_events_url\": \"https://api.github.com/users/jeffmayn/received_events\",\n\"type\": \"User\",\n\"site_admin\": false \n} \n]"]
