["[\n {\n \"login\": \"ddrdushy\",\n\"id\": 17252833,\n\"node_id\": \"MDQ6VXNlcjE3MjUyODMz\",\n\"avatar_url\": \"https://avatars2.githubusercontent.com/u/17252833?v=4\",\n\"gravatar_id\": \"\",\n\"url\": \"https://api.github.com/users/ddrdushy\",\n\"html_url\": \"https://github.com/ddrdushy\",\n\"followers_url\": \"https://api.github.com/users/ddrdushy/followers\",\n\"following_url\": \"https://api.github.com/users/ddrdushy/following{/other_user}\",\n\"gists_url\": \"https://api.github.com/users/ddrdushy/gists{/gist_id}\",\n\"starred_url\": \"https://api.github.com/users/ddrdushy/starred{/owner}{/repo}\",\n\"subscriptions_url\": \"https://api.github.com/users/ddrdushy/subscriptions\",\n\"organizations_url\": \"https://api.github.com/users/ddrdushy/orgs\",\n\"repos_url\": \"https://api.github.com/users/ddrdushy/repos\",\n\"events_url\": \"https://api.github.com/users/ddrdushy/events{/privacy}\",\n\"received_events_url\": \"https://api.github.com/users/ddrdushy/received_events\",\n\"type\": \"User\",\n\"site_admin\": false \n} \n]"]
