["[\n {\n \"login\": \"skeptycal\",\n\"id\": 26148512,\n\"node_id\": \"MDQ6VXNlcjI2MTQ4NTEy\",\n\"avatar_url\": \"https://avatars1.githubusercontent.com/u/26148512?v=4\",\n\"gravatar_id\": \"\",\n\"url\": \"https://api.github.com/users/skeptycal\",\n\"html_url\": \"https://github.com/skeptycal\",\n\"followers_url\": \"https://api.github.com/users/skeptycal/followers\",\n\"following_url\": \"https://api.github.com/users/skeptycal/following{/other_user}\",\n\"gists_url\": \"https://api.github.com/users/skeptycal/gists{/gist_id}\",\n\"starred_url\": \"https://api.github.com/users/skeptycal/starred{/owner}{/repo}\",\n\"subscriptions_url\": \"https://api.github.com/users/skeptycal/subscriptions\",\n\"organizations_url\": \"https://api.github.com/users/skeptycal/orgs\",\n\"repos_url\": \"https://api.github.com/users/skeptycal/repos\",\n\"events_url\": \"https://api.github.com/users/skeptycal/events{/privacy}\",\n\"received_events_url\": \"https://api.github.com/users/skeptycal/received_events\",\n\"type\": \"User\",\n\"site_admin\": false \n} \n]"]
