["[\n {\n \"login\": \"rashedcs\",\n\"id\": 21700555,\n\"node_id\": \"MDQ6VXNlcjIxNzAwNTU1\",\n\"avatar_url\": \"https://avatars2.githubusercontent.com/u/21700555?v=4\",\n\"gravatar_id\": \"\",\n\"url\": \"https://api.github.com/users/rashedcs\",\n\"html_url\": \"https://github.com/rashedcs\",\n\"followers_url\": \"https://api.github.com/users/rashedcs/followers\",\n\"following_url\": \"https://api.github.com/users/rashedcs/following{/other_user}\",\n\"gists_url\": \"https://api.github.com/users/rashedcs/gists{/gist_id}\",\n\"starred_url\": \"https://api.github.com/users/rashedcs/starred{/owner}{/repo}\",\n\"subscriptions_url\": \"https://api.github.com/users/rashedcs/subscriptions\",\n\"organizations_url\": \"https://api.github.com/users/rashedcs/orgs\",\n\"repos_url\": \"https://api.github.com/users/rashedcs/repos\",\n\"events_url\": \"https://api.github.com/users/rashedcs/events{/privacy}\",\n\"received_events_url\": \"https://api.github.com/users/rashedcs/received_events\",\n\"type\": \"User\",\n\"site_admin\": false \n} \n]"]
