["[\n {\n \"login\": \"tk-101\",\n\"id\": 19497090,\n\"node_id\": \"MDQ6VXNlcjE5NDk3MDkw\",\n\"avatar_url\": \"https://avatars2.githubusercontent.com/u/19497090?v=4\",\n\"gravatar_id\": \"\",\n\"url\": \"https://api.github.com/users/tk-101\",\n\"html_url\": \"https://github.com/tk-101\",\n\"followers_url\": \"https://api.github.com/users/tk-101/followers\",\n\"following_url\": \"https://api.github.com/users/tk-101/following{/other_user}\",\n\"gists_url\": \"https://api.github.com/users/tk-101/gists{/gist_id}\",\n\"starred_url\": \"https://api.github.com/users/tk-101/starred{/owner}{/repo}\",\n\"subscriptions_url\": \"https://api.github.com/users/tk-101/subscriptions\",\n\"organizations_url\": \"https://api.github.com/users/tk-101/orgs\",\n\"repos_url\": \"https://api.github.com/users/tk-101/repos\",\n\"events_url\": \"https://api.github.com/users/tk-101/events{/privacy}\",\n\"received_events_url\": \"https://api.github.com/users/tk-101/received_events\",\n\"type\": \"User\",\n\"site_admin\": false \n} \n]"]
