["[\n {\n \"login\": \"moshiurse\",\n\"id\": 15215020,\n\"node_id\": \"MDQ6VXNlcjE1MjE1MDIw\",\n\"avatar_url\": \"https://avatars0.githubusercontent.com/u/15215020?v=4\",\n\"gravatar_id\": \"\",\n\"url\": \"https://api.github.com/users/moshiurse\",\n\"html_url\": \"https://github.com/moshiurse\",\n\"followers_url\": \"https://api.github.com/users/moshiurse/followers\",\n\"following_url\": \"https://api.github.com/users/moshiurse/following{/other_user}\",\n\"gists_url\": \"https://api.github.com/users/moshiurse/gists{/gist_id}\",\n\"starred_url\": \"https://api.github.com/users/moshiurse/starred{/owner}{/repo}\",\n\"subscriptions_url\": \"https://api.github.com/users/moshiurse/subscriptions\",\n\"organizations_url\": \"https://api.github.com/users/moshiurse/orgs\",\n\"repos_url\": \"https://api.github.com/users/moshiurse/repos\",\n\"events_url\": \"https://api.github.com/users/moshiurse/events{/privacy}\",\n\"received_events_url\": \"https://api.github.com/users/moshiurse/received_events\",\n\"type\": \"User\",\n\"site_admin\": false \n} \n]"]
