["[\n {\n \"id\": 96968337,\n\"node_id\": \"MDEwOlJlcG9zaXRvcnk5Njk2ODMzNw==\",\n\"name\": \"C_Codes\",\n\"full_name\": \"Thuva4/C_Codes\",\n\"private\": false,\n\"owner\": {\n \"login\": \"Thuva4\",\n\"id\": 17289840,\n\"node_id\": \"MDQ6VXNlcjE3Mjg5ODQw\",\n\"avatar_url\": \"https://avatars3.githubusercontent.com/u/17289840?v=4\",\n\"gravatar_id\": \"\",\n\"url\": \"https://api.github.com/users/Thuva4\",\n\"html_url\": \"https://github.com/Thuva4\",\n\"followers_url\": \"https://api.github.com/users/Thuva4/followers\",\n\"following_url\": \"https://api.github.com/users/Thuva4/following{/other_user}\",\n\"gists_url\": \"https://api.github.com/users/Thuva4/gists{/gist_id}\",\n\"starred_url\": \"https://api.github.com/users/Thuva4/starred{/owner}{/repo}\",\n\"subscriptions_url\": \"https://api.github.com/users/Thuva4/subscriptions\",\n\"organizations_url\": \"https://api.github.com/users/Thuva4/orgs\",\n\"repos_url\": \"https://api.github.com/users/Thuva4/repos\",\n\"events_url\": \"https://api.github.com/users/Thuva4/events{/privacy}\",\n\"received_events_url\": \"https://api.github.com/users/Thuva4/received_events\",\n\"type\": \"User\",\n\"site_admin\": false \n},\n\"html_url\": \"https://github.com/Thuva4/C_Codes\",\n\"description\": \"My C Practice codes\",\n\"fork\": false,\n\"url\": \"https://api.github.com/repos/Thuva4/C_Codes\",\n\"forks_url\": \"https://api.github.com/repos/Thuva4/C_Codes/forks\",\n\"keys_url\": \"https://api.github.com/repos/Thuva4/C_Codes/keys{/key_id}\",\n\"collaborators_url\": \"https://api.github.com/repos/Thuva4/C_Codes/collaborators{/collaborator}\",\n\"teams_url\": \"https://api.github.com/repos/Thuva4/C_Codes/teams\",\n\"hooks_url\": \"https://api.github.com/repos/Thuva4/C_Codes/hooks\",\n\"issue_events_url\": \"https://api.github.com/repos/Thuva4/C_Codes/issues/events{/number}\",\n\"events_url\": \"https://api.github.com/repos/Thuva4/C_Codes/events\",\n\"assignees_url\": \"https://api.github.com/repos/Thuva4/C_Codes/assignees{/user}\",\n\"branches_url\": \"https://api.github.com/repos/Thuva4/C_Codes/branches{/branch}\",\n\"tags_url\": \"https://api.github.com/repos/Thuva4/C_Codes/tags\",\n\"blobs_url\": \"https://api.github.com/repos/Thuva4/C_Codes/git/blobs{/sha}\",\n\"git_tags_url\": \"https://api.github.com/repos/Thuva4/C_Codes/git/tags{/sha}\",\n\"git_refs_url\": \"https://api.github.com/repos/Thuva4/C_Codes/git/refs{/sha}\",\n\"trees_url\": \"https://api.github.com/repos/Thuva4/C_Codes/git/trees{/sha}\",\n\"statuses_url\": \"https://api.github.com/repos/Thuva4/C_Codes/statuses/{sha}\",\n\"languages_url\": \"https://api.github.com/repos/Thuva4/C_Codes/languages\",\n\"stargazers_url\": \"https://api.github.com/repos/Thuva4/C_Codes/stargazers\",\n\"contributors_url\": \"https://api.github.com/repos/Thuva4/C_Codes/contributors\",\n\"subscribers_url\": \"https://api.github.com/repos/Thuva4/C_Codes/subscribers\",\n\"subscription_url\": \"https://api.github.com/repos/Thuva4/C_Codes/subscription\",\n\"commits_url\": \"https://api.github.com/repos/Thuva4/C_Codes/commits{/sha}\",\n\"git_commits_url\": \"https://api.github.com/repos/Thuva4/C_Codes/git/commits{/sha}\",\n\"comments_url\": \"https://api.github.com/repos/Thuva4/C_Codes/comments{/number}\",\n\"issue_comment_url\": \"https://api.github.com/repos/Thuva4/C_Codes/issues/comments{/number}\",\n\"contents_url\": \"https://api.github.com/repos/Thuva4/C_Codes/contents/{+path}\",\n\"compare_url\": \"https://api.github.com/repos/Thuva4/C_Codes/compare/{base}...{head}\",\n\"merges_url\": \"https://api.github.com/repos/Thuva4/C_Codes/merges\",\n\"archive_url\": \"https://api.github.com/repos/Thuva4/C_Codes/{archive_format}{/ref}\",\n\"downloads_url\": \"https://api.github.com/repos/Thuva4/C_Codes/downloads\",\n\"issues_url\": \"https://api.github.com/repos/Thuva4/C_Codes/issues{/number}\",\n\"pulls_url\": \"https://api.github.com/repos/Thuva4/C_Codes/pulls{/number}\",\n\"milestones_url\": \"https://api.github.com/repos/Thuva4/C_Codes/milestones{/number}\",\n\"notifications_url\": \"https://api.github.com/repos/Thuva4/C_Codes/notifications{?since,all,participating}\",\n\"labels_url\": \"https://api.github.com/repos/Thuva4/C_Codes/labels{/name}\",\n\"releases_url\": \"https://api.github.com/repos/Thuva4/C_Codes/releases{/id}\",\n\"deployments_url\": \"https://api.github.com/repos/Thuva4/C_Codes/deployments\",\n\"created_at\": \"2017-07-12T05:22:42Z\",\n\"updated_at\": \"2018-11-21T13:15:50Z\",\n\"pushed_at\": \"2017-07-12T05:24:28Z\",\n\"git_url\": \"git://github.com/Thuva4/C_Codes.git\",\n\"ssh_url\": \"git@github.com:Thuva4/C_Codes.git\",\n\"clone_url\": \"https://github.com/Thuva4/C_Codes.git\",\n\"svn_url\": \"https://github.com/Thuva4/C_Codes\",\n\"homepage\": null,\n\"size\": 1,\n\"stargazers_count\": 0,\n\"watchers_count\": 0,\n\"language\": \"C\",\n\"has_issues\": true,\n\"has_projects\": true,\n\"has_downloads\": true,\n\"has_wiki\": true,\n\"has_pages\": false,\n\"forks_count\": 0,\n\"mirror_url\": null,\n\"archived\": false,\n\"disabled\": false,\n\"open_issues_count\": 0,\n\"license\": null,\n\"forks\": 0,\n\"open_issues\": 0,\n\"watchers\": 0,\n\"default_branch\": \"master\",\n\"permissions\": {\n \"admin\": false,\n\"push\": false,\n\"pull\": true \n} \n} \n]"]
