["[\n {\n \"id\": 131310866,\n\"node_id\": \"MDEwOlJlcG9zaXRvcnkxMzEzMTA4NjY=\",\n\"name\": \"grunt-protractor-coverage\",\n\"full_name\": \"Thuva4/grunt-protractor-coverage\",\n\"private\": false,\n\"owner\": {\n \"login\": \"Thuva4\",\n\"id\": 17289840,\n\"node_id\": \"MDQ6VXNlcjE3Mjg5ODQw\",\n\"avatar_url\": \"https://avatars3.githubusercontent.com/u/17289840?v=4\",\n\"gravatar_id\": \"\",\n\"url\": \"https://api.github.com/users/Thuva4\",\n\"html_url\": \"https://github.com/Thuva4\",\n\"followers_url\": \"https://api.github.com/users/Thuva4/followers\",\n\"following_url\": \"https://api.github.com/users/Thuva4/following{/other_user}\",\n\"gists_url\": \"https://api.github.com/users/Thuva4/gists{/gist_id}\",\n\"starred_url\": \"https://api.github.com/users/Thuva4/starred{/owner}{/repo}\",\n\"subscriptions_url\": \"https://api.github.com/users/Thuva4/subscriptions\",\n\"organizations_url\": \"https://api.github.com/users/Thuva4/orgs\",\n\"repos_url\": \"https://api.github.com/users/Thuva4/repos\",\n\"events_url\": \"https://api.github.com/users/Thuva4/events{/privacy}\",\n\"received_events_url\": \"https://api.github.com/users/Thuva4/received_events\",\n\"type\": \"User\",\n\"site_admin\": false \n},\n\"html_url\": \"https://github.com/Thuva4/grunt-protractor-coverage\",\n\"description\": \"Coverage analysis for Protractor tests\",\n\"fork\": true,\n\"url\": \"https://api.github.com/repos/Thuva4/grunt-protractor-coverage\",\n\"forks_url\": \"https://api.github.com/repos/Thuva4/grunt-protractor-coverage/forks\",\n\"keys_url\": \"https://api.github.com/repos/Thuva4/grunt-protractor-coverage/keys{/key_id}\",\n\"collaborators_url\": \"https://api.github.com/repos/Thuva4/grunt-protractor-coverage/collaborators{/collaborator}\",\n\"teams_url\": \"https://api.github.com/repos/Thuva4/grunt-protractor-coverage/teams\",\n\"hooks_url\": \"https://api.github.com/repos/Thuva4/grunt-protractor-coverage/hooks\",\n\"issue_events_url\": \"https://api.github.com/repos/Thuva4/grunt-protractor-coverage/issues/events{/number}\",\n\"events_url\": \"https://api.github.com/repos/Thuva4/grunt-protractor-coverage/events\",\n\"assignees_url\": \"https://api.github.com/repos/Thuva4/grunt-protractor-coverage/assignees{/user}\",\n\"branches_url\": \"https://api.github.com/repos/Thuva4/grunt-protractor-coverage/branches{/branch}\",\n\"tags_url\": \"https://api.github.com/repos/Thuva4/grunt-protractor-coverage/tags\",\n\"blobs_url\": \"https://api.github.com/repos/Thuva4/grunt-protractor-coverage/git/blobs{/sha}\",\n\"git_tags_url\": \"https://api.github.com/repos/Thuva4/grunt-protractor-coverage/git/tags{/sha}\",\n\"git_refs_url\": \"https://api.github.com/repos/Thuva4/grunt-protractor-coverage/git/refs{/sha}\",\n\"trees_url\": \"https://api.github.com/repos/Thuva4/grunt-protractor-coverage/git/trees{/sha}\",\n\"statuses_url\": \"https://api.github.com/repos/Thuva4/grunt-protractor-coverage/statuses/{sha}\",\n\"languages_url\": \"https://api.github.com/repos/Thuva4/grunt-protractor-coverage/languages\",\n\"stargazers_url\": \"https://api.github.com/repos/Thuva4/grunt-protractor-coverage/stargazers\",\n\"contributors_url\": \"https://api.github.com/repos/Thuva4/grunt-protractor-coverage/contributors\",\n\"subscribers_url\": \"https://api.github.com/repos/Thuva4/grunt-protractor-coverage/subscribers\",\n\"subscription_url\": \"https://api.github.com/repos/Thuva4/grunt-protractor-coverage/subscription\",\n\"commits_url\": \"https://api.github.com/repos/Thuva4/grunt-protractor-coverage/commits{/sha}\",\n\"git_commits_url\": \"https://api.github.com/repos/Thuva4/grunt-protractor-coverage/git/commits{/sha}\",\n\"comments_url\": \"https://api.github.com/repos/Thuva4/grunt-protractor-coverage/comments{/number}\",\n\"issue_comment_url\": \"https://api.github.com/repos/Thuva4/grunt-protractor-coverage/issues/comments{/number}\",\n\"contents_url\": \"https://api.github.com/repos/Thuva4/grunt-protractor-coverage/contents/{+path}\",\n\"compare_url\": \"https://api.github.com/repos/Thuva4/grunt-protractor-coverage/compare/{base}...{head}\",\n\"merges_url\": \"https://api.github.com/repos/Thuva4/grunt-protractor-coverage/merges\",\n\"archive_url\": \"https://api.github.com/repos/Thuva4/grunt-protractor-coverage/{archive_format}{/ref}\",\n\"downloads_url\": \"https://api.github.com/repos/Thuva4/grunt-protractor-coverage/downloads\",\n\"issues_url\": \"https://api.github.com/repos/Thuva4/grunt-protractor-coverage/issues{/number}\",\n\"pulls_url\": \"https://api.github.com/repos/Thuva4/grunt-protractor-coverage/pulls{/number}\",\n\"milestones_url\": \"https://api.github.com/repos/Thuva4/grunt-protractor-coverage/milestones{/number}\",\n\"notifications_url\": \"https://api.github.com/repos/Thuva4/grunt-protractor-coverage/notifications{?since,all,participating}\",\n\"labels_url\": \"https://api.github.com/repos/Thuva4/grunt-protractor-coverage/labels{/name}\",\n\"releases_url\": \"https://api.github.com/repos/Thuva4/grunt-protractor-coverage/releases{/id}\",\n\"deployments_url\": \"https://api.github.com/repos/Thuva4/grunt-protractor-coverage/deployments\",\n\"created_at\": \"2018-04-27T14:59:56Z\",\n\"updated_at\": \"2018-04-27T15:04:29Z\",\n\"pushed_at\": \"2018-04-27T15:04:27Z\",\n\"git_url\": \"git://github.com/Thuva4/grunt-protractor-coverage.git\",\n\"ssh_url\": \"git@github.com:Thuva4/grunt-protractor-coverage.git\",\n\"clone_url\": \"https://github.com/Thuva4/grunt-protractor-coverage.git\",\n\"svn_url\": \"https://github.com/Thuva4/grunt-protractor-coverage\",\n\"homepage\": \"\",\n\"size\": 312,\n\"stargazers_count\": 0,\n\"watchers_count\": 0,\n\"language\": \"JavaScript\",\n\"has_issues\": false,\n\"has_projects\": true,\n\"has_downloads\": true,\n\"has_wiki\": true,\n\"has_pages\": false,\n\"forks_count\": 0,\n\"mirror_url\": null,\n\"archived\": false,\n\"disabled\": false,\n\"open_issues_count\": 0,\n\"license\": {\n \"key\": \"apache-2.0\",\n\"name\": \"Apache License 2.0\",\n\"spdx_id\": \"Apache-2.0\",\n\"url\": \"https://api.github.com/licenses/apache-2.0\",\n\"node_id\": \"MDc6TGljZW5zZTI=\" \n},\n\"forks\": 0,\n\"open_issues\": 0,\n\"watchers\": 0,\n\"default_branch\": \"master\",\n\"permissions\": {\n \"admin\": false,\n\"push\": false,\n\"pull\": true \n} \n} \n]"]
