["[\n {\n \"id\": 105735897,\n\"node_id\": \"MDEwOlJlcG9zaXRvcnkxMDU3MzU4OTc=\",\n\"name\": \"Algorithms\",\n\"full_name\": \"Thuva4/Algorithms\",\n\"private\": false,\n\"owner\": {\n \"login\": \"Thuva4\",\n\"id\": 17289840,\n\"node_id\": \"MDQ6VXNlcjE3Mjg5ODQw\",\n\"avatar_url\": \"https://avatars3.githubusercontent.com/u/17289840?v=4\",\n\"gravatar_id\": \"\",\n\"url\": \"https://api.github.com/users/Thuva4\",\n\"html_url\": \"https://github.com/Thuva4\",\n\"followers_url\": \"https://api.github.com/users/Thuva4/followers\",\n\"following_url\": \"https://api.github.com/users/Thuva4/following{/other_user}\",\n\"gists_url\": \"https://api.github.com/users/Thuva4/gists{/gist_id}\",\n\"starred_url\": \"https://api.github.com/users/Thuva4/starred{/owner}{/repo}\",\n\"subscriptions_url\": \"https://api.github.com/users/Thuva4/subscriptions\",\n\"organizations_url\": \"https://api.github.com/users/Thuva4/orgs\",\n\"repos_url\": \"https://api.github.com/users/Thuva4/repos\",\n\"events_url\": \"https://api.github.com/users/Thuva4/events{/privacy}\",\n\"received_events_url\": \"https://api.github.com/users/Thuva4/received_events\",\n\"type\": \"User\",\n\"site_admin\": false \n},\n\"html_url\": \"https://github.com/Thuva4/Algorithms\",\n\"description\": \"Collection of algorithms in multiple programming languages.\",\n\"fork\": false,\n\"url\": \"https://api.github.com/repos/Thuva4/Algorithms\",\n\"forks_url\": \"https://api.github.com/repos/Thuva4/Algorithms/forks\",\n\"keys_url\": \"https://api.github.com/repos/Thuva4/Algorithms/keys{/key_id}\",\n\"collaborators_url\": \"https://api.github.com/repos/Thuva4/Algorithms/collaborators{/collaborator}\",\n\"teams_url\": \"https://api.github.com/repos/Thuva4/Algorithms/teams\",\n\"hooks_url\": \"https://api.github.com/repos/Thuva4/Algorithms/hooks\",\n\"issue_events_url\": \"https://api.github.com/repos/Thuva4/Algorithms/issues/events{/number}\",\n\"events_url\": \"https://api.github.com/repos/Thuva4/Algorithms/events\",\n\"assignees_url\": \"https://api.github.com/repos/Thuva4/Algorithms/assignees{/user}\",\n\"branches_url\": \"https://api.github.com/repos/Thuva4/Algorithms/branches{/branch}\",\n\"tags_url\": \"https://api.github.com/repos/Thuva4/Algorithms/tags\",\n\"blobs_url\": \"https://api.github.com/repos/Thuva4/Algorithms/git/blobs{/sha}\",\n\"git_tags_url\": \"https://api.github.com/repos/Thuva4/Algorithms/git/tags{/sha}\",\n\"git_refs_url\": \"https://api.github.com/repos/Thuva4/Algorithms/git/refs{/sha}\",\n\"trees_url\": \"https://api.github.com/repos/Thuva4/Algorithms/git/trees{/sha}\",\n\"statuses_url\": \"https://api.github.com/repos/Thuva4/Algorithms/statuses/{sha}\",\n\"languages_url\": \"https://api.github.com/repos/Thuva4/Algorithms/languages\",\n\"stargazers_url\": \"https://api.github.com/repos/Thuva4/Algorithms/stargazers\",\n\"contributors_url\": \"https://api.github.com/repos/Thuva4/Algorithms/contributors\",\n\"subscribers_url\": \"https://api.github.com/repos/Thuva4/Algorithms/subscribers\",\n\"subscription_url\": \"https://api.github.com/repos/Thuva4/Algorithms/subscription\",\n\"commits_url\": \"https://api.github.com/repos/Thuva4/Algorithms/commits{/sha}\",\n\"git_commits_url\": \"https://api.github.com/repos/Thuva4/Algorithms/git/commits{/sha}\",\n\"comments_url\": \"https://api.github.com/repos/Thuva4/Algorithms/comments{/number}\",\n\"issue_comment_url\": \"https://api.github.com/repos/Thuva4/Algorithms/issues/comments{/number}\",\n\"contents_url\": \"https://api.github.com/repos/Thuva4/Algorithms/contents/{+path}\",\n\"compare_url\": \"https://api.github.com/repos/Thuva4/Algorithms/compare/{base}...{head}\",\n\"merges_url\": \"https://api.github.com/repos/Thuva4/Algorithms/merges\",\n\"archive_url\": \"https://api.github.com/repos/Thuva4/Algorithms/{archive_format}{/ref}\",\n\"downloads_url\": \"https://api.github.com/repos/Thuva4/Algorithms/downloads\",\n\"issues_url\": \"https://api.github.com/repos/Thuva4/Algorithms/issues{/number}\",\n\"pulls_url\": \"https://api.github.com/repos/Thuva4/Algorithms/pulls{/number}\",\n\"milestones_url\": \"https://api.github.com/repos/Thuva4/Algorithms/milestones{/number}\",\n\"notifications_url\": \"https://api.github.com/repos/Thuva4/Algorithms/notifications{?since,all,participating}\",\n\"labels_url\": \"https://api.github.com/repos/Thuva4/Algorithms/labels{/name}\",\n\"releases_url\": \"https://api.github.com/repos/Thuva4/Algorithms/releases{/id}\",\n\"deployments_url\": \"https://api.github.com/repos/Thuva4/Algorithms/deployments\",\n\"created_at\": \"2017-10-04T05:51:01Z\",\n\"updated_at\": \"2019-03-26T02:38:50Z\",\n\"pushed_at\": \"2019-03-13T03:08:30Z\",\n\"git_url\": \"git://github.com/Thuva4/Algorithms.git\",\n\"ssh_url\": \"git@github.com:Thuva4/Algorithms.git\",\n\"clone_url\": \"https://github.com/Thuva4/Algorithms.git\",\n\"svn_url\": \"https://github.com/Thuva4/Algorithms\",\n\"homepage\": \"\",\n\"size\": 1101,\n\"stargazers_count\": 266,\n\"watchers_count\": 266,\n\"language\": \"C++\",\n\"has_issues\": true,\n\"has_projects\": true,\n\"has_downloads\": true,\n\"has_wiki\": true,\n\"has_pages\": false,\n\"forks_count\": 341,\n\"mirror_url\": null,\n\"archived\": false,\n\"disabled\": false,\n\"open_issues_count\": 57,\n\"license\": {\n \"key\": \"apache-2.0\",\n\"name\": \"Apache License 2.0\",\n\"spdx_id\": \"Apache-2.0\",\n\"url\": \"https://api.github.com/licenses/apache-2.0\",\n\"node_id\": \"MDc6TGljZW5zZTI=\" \n},\n\"forks\": 341,\n\"open_issues\": 57,\n\"watchers\": 266,\n\"default_branch\": \"master\",\n\"permissions\": {\n \"admin\": false,\n\"push\": false,\n\"pull\": true \n} \n} \n]"]
