["[\n {\n \"id\": 155324501,\n\"node_id\": \"MDEwOlJlcG9zaXRvcnkxNTUzMjQ1MDE=\",\n\"name\": \"UDM\",\n\"full_name\": \"Thuva4/UDM\",\n\"private\": false,\n\"owner\": {\n \"login\": \"Thuva4\",\n\"id\": 17289840,\n\"node_id\": \"MDQ6VXNlcjE3Mjg5ODQw\",\n\"avatar_url\": \"https://avatars3.githubusercontent.com/u/17289840?v=4\",\n\"gravatar_id\": \"\",\n\"url\": \"https://api.github.com/users/Thuva4\",\n\"html_url\": \"https://github.com/Thuva4\",\n\"followers_url\": \"https://api.github.com/users/Thuva4/followers\",\n\"following_url\": \"https://api.github.com/users/Thuva4/following{/other_user}\",\n\"gists_url\": \"https://api.github.com/users/Thuva4/gists{/gist_id}\",\n\"starred_url\": \"https://api.github.com/users/Thuva4/starred{/owner}{/repo}\",\n\"subscriptions_url\": \"https://api.github.com/users/Thuva4/subscriptions\",\n\"organizations_url\": \"https://api.github.com/users/Thuva4/orgs\",\n\"repos_url\": \"https://api.github.com/users/Thuva4/repos\",\n\"events_url\": \"https://api.github.com/users/Thuva4/events{/privacy}\",\n\"received_events_url\": \"https://api.github.com/users/Thuva4/received_events\",\n\"type\": \"User\",\n\"site_admin\": false \n},\n\"html_url\": \"https://github.com/Thuva4/UDM\",\n\"description\": null,\n\"fork\": true,\n\"url\": \"https://api.github.com/repos/Thuva4/UDM\",\n\"forks_url\": \"https://api.github.com/repos/Thuva4/UDM/forks\",\n\"keys_url\": \"https://api.github.com/repos/Thuva4/UDM/keys{/key_id}\",\n\"collaborators_url\": \"https://api.github.com/repos/Thuva4/UDM/collaborators{/collaborator}\",\n\"teams_url\": \"https://api.github.com/repos/Thuva4/UDM/teams\",\n\"hooks_url\": \"https://api.github.com/repos/Thuva4/UDM/hooks\",\n\"issue_events_url\": \"https://api.github.com/repos/Thuva4/UDM/issues/events{/number}\",\n\"events_url\": \"https://api.github.com/repos/Thuva4/UDM/events\",\n\"assignees_url\": \"https://api.github.com/repos/Thuva4/UDM/assignees{/user}\",\n\"branches_url\": \"https://api.github.com/repos/Thuva4/UDM/branches{/branch}\",\n\"tags_url\": \"https://api.github.com/repos/Thuva4/UDM/tags\",\n\"blobs_url\": \"https://api.github.com/repos/Thuva4/UDM/git/blobs{/sha}\",\n\"git_tags_url\": \"https://api.github.com/repos/Thuva4/UDM/git/tags{/sha}\",\n\"git_refs_url\": \"https://api.github.com/repos/Thuva4/UDM/git/refs{/sha}\",\n\"trees_url\": \"https://api.github.com/repos/Thuva4/UDM/git/trees{/sha}\",\n\"statuses_url\": \"https://api.github.com/repos/Thuva4/UDM/statuses/{sha}\",\n\"languages_url\": \"https://api.github.com/repos/Thuva4/UDM/languages\",\n\"stargazers_url\": \"https://api.github.com/repos/Thuva4/UDM/stargazers\",\n\"contributors_url\": \"https://api.github.com/repos/Thuva4/UDM/contributors\",\n\"subscribers_url\": \"https://api.github.com/repos/Thuva4/UDM/subscribers\",\n\"subscription_url\": \"https://api.github.com/repos/Thuva4/UDM/subscription\",\n\"commits_url\": \"https://api.github.com/repos/Thuva4/UDM/commits{/sha}\",\n\"git_commits_url\": \"https://api.github.com/repos/Thuva4/UDM/git/commits{/sha}\",\n\"comments_url\": \"https://api.github.com/repos/Thuva4/UDM/comments{/number}\",\n\"issue_comment_url\": \"https://api.github.com/repos/Thuva4/UDM/issues/comments{/number}\",\n\"contents_url\": \"https://api.github.com/repos/Thuva4/UDM/contents/{+path}\",\n\"compare_url\": \"https://api.github.com/repos/Thuva4/UDM/compare/{base}...{head}\",\n\"merges_url\": \"https://api.github.com/repos/Thuva4/UDM/merges\",\n\"archive_url\": \"https://api.github.com/repos/Thuva4/UDM/{archive_format}{/ref}\",\n\"downloads_url\": \"https://api.github.com/repos/Thuva4/UDM/downloads\",\n\"issues_url\": \"https://api.github.com/repos/Thuva4/UDM/issues{/number}\",\n\"pulls_url\": \"https://api.github.com/repos/Thuva4/UDM/pulls{/number}\",\n\"milestones_url\": \"https://api.github.com/repos/Thuva4/UDM/milestones{/number}\",\n\"notifications_url\": \"https://api.github.com/repos/Thuva4/UDM/notifications{?since,all,participating}\",\n\"labels_url\": \"https://api.github.com/repos/Thuva4/UDM/labels{/name}\",\n\"releases_url\": \"https://api.github.com/repos/Thuva4/UDM/releases{/id}\",\n\"deployments_url\": \"https://api.github.com/repos/Thuva4/UDM/deployments\",\n\"created_at\": \"2018-10-30T04:29:47Z\",\n\"updated_at\": \"2018-10-30T04:57:51Z\",\n\"pushed_at\": \"2018-10-30T04:57:49Z\",\n\"git_url\": \"git://github.com/Thuva4/UDM.git\",\n\"ssh_url\": \"git@github.com:Thuva4/UDM.git\",\n\"clone_url\": \"https://github.com/Thuva4/UDM.git\",\n\"svn_url\": \"https://github.com/Thuva4/UDM\",\n\"homepage\": null,\n\"size\": 15,\n\"stargazers_count\": 0,\n\"watchers_count\": 0,\n\"language\": \"Python\",\n\"has_issues\": false,\n\"has_projects\": true,\n\"has_downloads\": true,\n\"has_wiki\": true,\n\"has_pages\": false,\n\"forks_count\": 0,\n\"mirror_url\": null,\n\"archived\": false,\n\"disabled\": false,\n\"open_issues_count\": 0,\n\"license\": null,\n\"forks\": 0,\n\"open_issues\": 0,\n\"watchers\": 0,\n\"default_branch\": \"master\",\n\"permissions\": {\n \"admin\": false,\n\"push\": false,\n\"pull\": true \n} \n} \n]"]
