["[\n {\n \"id\": 76167554,\n\"node_id\": \"MDEwOlJlcG9zaXRvcnk3NjE2NzU1NA==\",\n\"name\": \"Javacodes\",\n\"full_name\": \"Thuva4/Javacodes\",\n\"private\": false,\n\"owner\": {\n \"login\": \"Thuva4\",\n\"id\": 17289840,\n\"node_id\": \"MDQ6VXNlcjE3Mjg5ODQw\",\n\"avatar_url\": \"https://avatars3.githubusercontent.com/u/17289840?v=4\",\n\"gravatar_id\": \"\",\n\"url\": \"https://api.github.com/users/Thuva4\",\n\"html_url\": \"https://github.com/Thuva4\",\n\"followers_url\": \"https://api.github.com/users/Thuva4/followers\",\n\"following_url\": \"https://api.github.com/users/Thuva4/following{/other_user}\",\n\"gists_url\": \"https://api.github.com/users/Thuva4/gists{/gist_id}\",\n\"starred_url\": \"https://api.github.com/users/Thuva4/starred{/owner}{/repo}\",\n\"subscriptions_url\": \"https://api.github.com/users/Thuva4/subscriptions\",\n\"organizations_url\": \"https://api.github.com/users/Thuva4/orgs\",\n\"repos_url\": \"https://api.github.com/users/Thuva4/repos\",\n\"events_url\": \"https://api.github.com/users/Thuva4/events{/privacy}\",\n\"received_events_url\": \"https://api.github.com/users/Thuva4/received_events\",\n\"type\": \"User\",\n\"site_admin\": false \n},\n\"html_url\": \"https://github.com/Thuva4/Javacodes\",\n\"description\": null,\n\"fork\": false,\n\"url\": \"https://api.github.com/repos/Thuva4/Javacodes\",\n\"forks_url\": \"https://api.github.com/repos/Thuva4/Javacodes/forks\",\n\"keys_url\": \"https://api.github.com/repos/Thuva4/Javacodes/keys{/key_id}\",\n\"collaborators_url\": \"https://api.github.com/repos/Thuva4/Javacodes/collaborators{/collaborator}\",\n\"teams_url\": \"https://api.github.com/repos/Thuva4/Javacodes/teams\",\n\"hooks_url\": \"https://api.github.com/repos/Thuva4/Javacodes/hooks\",\n\"issue_events_url\": \"https://api.github.com/repos/Thuva4/Javacodes/issues/events{/number}\",\n\"events_url\": \"https://api.github.com/repos/Thuva4/Javacodes/events\",\n\"assignees_url\": \"https://api.github.com/repos/Thuva4/Javacodes/assignees{/user}\",\n\"branches_url\": \"https://api.github.com/repos/Thuva4/Javacodes/branches{/branch}\",\n\"tags_url\": \"https://api.github.com/repos/Thuva4/Javacodes/tags\",\n\"blobs_url\": \"https://api.github.com/repos/Thuva4/Javacodes/git/blobs{/sha}\",\n\"git_tags_url\": \"https://api.github.com/repos/Thuva4/Javacodes/git/tags{/sha}\",\n\"git_refs_url\": \"https://api.github.com/repos/Thuva4/Javacodes/git/refs{/sha}\",\n\"trees_url\": \"https://api.github.com/repos/Thuva4/Javacodes/git/trees{/sha}\",\n\"statuses_url\": \"https://api.github.com/repos/Thuva4/Javacodes/statuses/{sha}\",\n\"languages_url\": \"https://api.github.com/repos/Thuva4/Javacodes/languages\",\n\"stargazers_url\": \"https://api.github.com/repos/Thuva4/Javacodes/stargazers\",\n\"contributors_url\": \"https://api.github.com/repos/Thuva4/Javacodes/contributors\",\n\"subscribers_url\": \"https://api.github.com/repos/Thuva4/Javacodes/subscribers\",\n\"subscription_url\": \"https://api.github.com/repos/Thuva4/Javacodes/subscription\",\n\"commits_url\": \"https://api.github.com/repos/Thuva4/Javacodes/commits{/sha}\",\n\"git_commits_url\": \"https://api.github.com/repos/Thuva4/Javacodes/git/commits{/sha}\",\n\"comments_url\": \"https://api.github.com/repos/Thuva4/Javacodes/comments{/number}\",\n\"issue_comment_url\": \"https://api.github.com/repos/Thuva4/Javacodes/issues/comments{/number}\",\n\"contents_url\": \"https://api.github.com/repos/Thuva4/Javacodes/contents/{+path}\",\n\"compare_url\": \"https://api.github.com/repos/Thuva4/Javacodes/compare/{base}...{head}\",\n\"merges_url\": \"https://api.github.com/repos/Thuva4/Javacodes/merges\",\n\"archive_url\": \"https://api.github.com/repos/Thuva4/Javacodes/{archive_format}{/ref}\",\n\"downloads_url\": \"https://api.github.com/repos/Thuva4/Javacodes/downloads\",\n\"issues_url\": \"https://api.github.com/repos/Thuva4/Javacodes/issues{/number}\",\n\"pulls_url\": \"https://api.github.com/repos/Thuva4/Javacodes/pulls{/number}\",\n\"milestones_url\": \"https://api.github.com/repos/Thuva4/Javacodes/milestones{/number}\",\n\"notifications_url\": \"https://api.github.com/repos/Thuva4/Javacodes/notifications{?since,all,participating}\",\n\"labels_url\": \"https://api.github.com/repos/Thuva4/Javacodes/labels{/name}\",\n\"releases_url\": \"https://api.github.com/repos/Thuva4/Javacodes/releases{/id}\",\n\"deployments_url\": \"https://api.github.com/repos/Thuva4/Javacodes/deployments\",\n\"created_at\": \"2016-12-11T10:28:27Z\",\n\"updated_at\": \"2018-11-21T13:16:09Z\",\n\"pushed_at\": \"2017-04-10T12:11:15Z\",\n\"git_url\": \"git://github.com/Thuva4/Javacodes.git\",\n\"ssh_url\": \"git@github.com:Thuva4/Javacodes.git\",\n\"clone_url\": \"https://github.com/Thuva4/Javacodes.git\",\n\"svn_url\": \"https://github.com/Thuva4/Javacodes\",\n\"homepage\": null,\n\"size\": 173,\n\"stargazers_count\": 0,\n\"watchers_count\": 0,\n\"language\": \"Java\",\n\"has_issues\": true,\n\"has_projects\": true,\n\"has_downloads\": true,\n\"has_wiki\": true,\n\"has_pages\": false,\n\"forks_count\": 0,\n\"mirror_url\": null,\n\"archived\": false,\n\"disabled\": false,\n\"open_issues_count\": 0,\n\"license\": null,\n\"forks\": 0,\n\"open_issues\": 0,\n\"watchers\": 0,\n\"default_branch\": \"master\",\n\"permissions\": {\n \"admin\": false,\n\"push\": false,\n\"pull\": true \n} \n} \n]"]
