["[\n {\n \"id\": 105520382,\n\"node_id\": \"MDEwOlJlcG9zaXRvcnkxMDU1MjAzODI=\",\n\"name\": \"Hacktoberfest-Mathematics\",\n\"full_name\": \"Thuva4/Hacktoberfest-Mathematics\",\n\"private\": false,\n\"owner\": {\n \"login\": \"Thuva4\",\n\"id\": 17289840,\n\"node_id\": \"MDQ6VXNlcjE3Mjg5ODQw\",\n\"avatar_url\": \"https://avatars3.githubusercontent.com/u/17289840?v=4\",\n\"gravatar_id\": \"\",\n\"url\": \"https://api.github.com/users/Thuva4\",\n\"html_url\": \"https://github.com/Thuva4\",\n\"followers_url\": \"https://api.github.com/users/Thuva4/followers\",\n\"following_url\": \"https://api.github.com/users/Thuva4/following{/other_user}\",\n\"gists_url\": \"https://api.github.com/users/Thuva4/gists{/gist_id}\",\n\"starred_url\": \"https://api.github.com/users/Thuva4/starred{/owner}{/repo}\",\n\"subscriptions_url\": \"https://api.github.com/users/Thuva4/subscriptions\",\n\"organizations_url\": \"https://api.github.com/users/Thuva4/orgs\",\n\"repos_url\": \"https://api.github.com/users/Thuva4/repos\",\n\"events_url\": \"https://api.github.com/users/Thuva4/events{/privacy}\",\n\"received_events_url\": \"https://api.github.com/users/Thuva4/received_events\",\n\"type\": \"User\",\n\"site_admin\": false \n},\n\"html_url\": \"https://github.com/Thuva4/Hacktoberfest-Mathematics\",\n\"description\": \"Math is fun so let's make some scripts and or programs that use some of your favorite math formulas and functions.\",\n\"fork\": true,\n\"url\": \"https://api.github.com/repos/Thuva4/Hacktoberfest-Mathematics\",\n\"forks_url\": \"https://api.github.com/repos/Thuva4/Hacktoberfest-Mathematics/forks\",\n\"keys_url\": \"https://api.github.com/repos/Thuva4/Hacktoberfest-Mathematics/keys{/key_id}\",\n\"collaborators_url\": \"https://api.github.com/repos/Thuva4/Hacktoberfest-Mathematics/collaborators{/collaborator}\",\n\"teams_url\": \"https://api.github.com/repos/Thuva4/Hacktoberfest-Mathematics/teams\",\n\"hooks_url\": \"https://api.github.com/repos/Thuva4/Hacktoberfest-Mathematics/hooks\",\n\"issue_events_url\": \"https://api.github.com/repos/Thuva4/Hacktoberfest-Mathematics/issues/events{/number}\",\n\"events_url\": \"https://api.github.com/repos/Thuva4/Hacktoberfest-Mathematics/events\",\n\"assignees_url\": \"https://api.github.com/repos/Thuva4/Hacktoberfest-Mathematics/assignees{/user}\",\n\"branches_url\": \"https://api.github.com/repos/Thuva4/Hacktoberfest-Mathematics/branches{/branch}\",\n\"tags_url\": \"https://api.github.com/repos/Thuva4/Hacktoberfest-Mathematics/tags\",\n\"blobs_url\": \"https://api.github.com/repos/Thuva4/Hacktoberfest-Mathematics/git/blobs{/sha}\",\n\"git_tags_url\": \"https://api.github.com/repos/Thuva4/Hacktoberfest-Mathematics/git/tags{/sha}\",\n\"git_refs_url\": \"https://api.github.com/repos/Thuva4/Hacktoberfest-Mathematics/git/refs{/sha}\",\n\"trees_url\": \"https://api.github.com/repos/Thuva4/Hacktoberfest-Mathematics/git/trees{/sha}\",\n\"statuses_url\": \"https://api.github.com/repos/Thuva4/Hacktoberfest-Mathematics/statuses/{sha}\",\n\"languages_url\": \"https://api.github.com/repos/Thuva4/Hacktoberfest-Mathematics/languages\",\n\"stargazers_url\": \"https://api.github.com/repos/Thuva4/Hacktoberfest-Mathematics/stargazers\",\n\"contributors_url\": \"https://api.github.com/repos/Thuva4/Hacktoberfest-Mathematics/contributors\",\n\"subscribers_url\": \"https://api.github.com/repos/Thuva4/Hacktoberfest-Mathematics/subscribers\",\n\"subscription_url\": \"https://api.github.com/repos/Thuva4/Hacktoberfest-Mathematics/subscription\",\n\"commits_url\": \"https://api.github.com/repos/Thuva4/Hacktoberfest-Mathematics/commits{/sha}\",\n\"git_commits_url\": \"https://api.github.com/repos/Thuva4/Hacktoberfest-Mathematics/git/commits{/sha}\",\n\"comments_url\": \"https://api.github.com/repos/Thuva4/Hacktoberfest-Mathematics/comments{/number}\",\n\"issue_comment_url\": \"https://api.github.com/repos/Thuva4/Hacktoberfest-Mathematics/issues/comments{/number}\",\n\"contents_url\": \"https://api.github.com/repos/Thuva4/Hacktoberfest-Mathematics/contents/{+path}\",\n\"compare_url\": \"https://api.github.com/repos/Thuva4/Hacktoberfest-Mathematics/compare/{base}...{head}\",\n\"merges_url\": \"https://api.github.com/repos/Thuva4/Hacktoberfest-Mathematics/merges\",\n\"archive_url\": \"https://api.github.com/repos/Thuva4/Hacktoberfest-Mathematics/{archive_format}{/ref}\",\n\"downloads_url\": \"https://api.github.com/repos/Thuva4/Hacktoberfest-Mathematics/downloads\",\n\"issues_url\": \"https://api.github.com/repos/Thuva4/Hacktoberfest-Mathematics/issues{/number}\",\n\"pulls_url\": \"https://api.github.com/repos/Thuva4/Hacktoberfest-Mathematics/pulls{/number}\",\n\"milestones_url\": \"https://api.github.com/repos/Thuva4/Hacktoberfest-Mathematics/milestones{/number}\",\n\"notifications_url\": \"https://api.github.com/repos/Thuva4/Hacktoberfest-Mathematics/notifications{?since,all,participating}\",\n\"labels_url\": \"https://api.github.com/repos/Thuva4/Hacktoberfest-Mathematics/labels{/name}\",\n\"releases_url\": \"https://api.github.com/repos/Thuva4/Hacktoberfest-Mathematics/releases{/id}\",\n\"deployments_url\": \"https://api.github.com/repos/Thuva4/Hacktoberfest-Mathematics/deployments\",\n\"created_at\": \"2017-10-02T09:59:08Z\",\n\"updated_at\": \"2017-10-02T09:59:09Z\",\n\"pushed_at\": \"2017-10-02T13:54:00Z\",\n\"git_url\": \"git://github.com/Thuva4/Hacktoberfest-Mathematics.git\",\n\"ssh_url\": \"git@github.com:Thuva4/Hacktoberfest-Mathematics.git\",\n\"clone_url\": \"https://github.com/Thuva4/Hacktoberfest-Mathematics.git\",\n\"svn_url\": \"https://github.com/Thuva4/Hacktoberfest-Mathematics\",\n\"homepage\": null,\n\"size\": 61,\n\"stargazers_count\": 0,\n\"watchers_count\": 0,\n\"language\": \"Java\",\n\"has_issues\": false,\n\"has_projects\": true,\n\"has_downloads\": true,\n\"has_wiki\": true,\n\"has_pages\": false,\n\"forks_count\": 0,\n\"mirror_url\": null,\n\"archived\": false,\n\"disabled\": false,\n\"open_issues_count\": 0,\n\"license\": {\n \"key\": \"gpl-3.0\",\n\"name\": \"GNU General Public License v3.0\",\n\"spdx_id\": \"GPL-3.0\",\n\"url\": \"https://api.github.com/licenses/gpl-3.0\",\n\"node_id\": \"MDc6TGljZW5zZTk=\" \n},\n\"forks\": 0,\n\"open_issues\": 0,\n\"watchers\": 0,\n\"default_branch\": \"master\",\n\"permissions\": {\n \"admin\": false,\n\"push\": false,\n\"pull\": true \n} \n} \n]"]
