["[\n {\n \"id\": 171862614,\n\"node_id\": \"MDEwOlJlcG9zaXRvcnkxNzE4NjI2MTQ=\",\n\"name\": \"testOauthServer\",\n\"full_name\": \"Thuva4/testOauthServer\",\n\"private\": false,\n\"owner\": {\n \"login\": \"Thuva4\",\n\"id\": 17289840,\n\"node_id\": \"MDQ6VXNlcjE3Mjg5ODQw\",\n\"avatar_url\": \"https://avatars3.githubusercontent.com/u/17289840?v=4\",\n\"gravatar_id\": \"\",\n\"url\": \"https://api.github.com/users/Thuva4\",\n\"html_url\": \"https://github.com/Thuva4\",\n\"followers_url\": \"https://api.github.com/users/Thuva4/followers\",\n\"following_url\": \"https://api.github.com/users/Thuva4/following{/other_user}\",\n\"gists_url\": \"https://api.github.com/users/Thuva4/gists{/gist_id}\",\n\"starred_url\": \"https://api.github.com/users/Thuva4/starred{/owner}{/repo}\",\n\"subscriptions_url\": \"https://api.github.com/users/Thuva4/subscriptions\",\n\"organizations_url\": \"https://api.github.com/users/Thuva4/orgs\",\n\"repos_url\": \"https://api.github.com/users/Thuva4/repos\",\n\"events_url\": \"https://api.github.com/users/Thuva4/events{/privacy}\",\n\"received_events_url\": \"https://api.github.com/users/Thuva4/received_events\",\n\"type\": \"User\",\n\"site_admin\": false \n},\n\"html_url\": \"https://github.com/Thuva4/testOauthServer\",\n\"description\": null,\n\"fork\": false,\n\"url\": \"https://api.github.com/repos/Thuva4/testOauthServer\",\n\"forks_url\": \"https://api.github.com/repos/Thuva4/testOauthServer/forks\",\n\"keys_url\": \"https://api.github.com/repos/Thuva4/testOauthServer/keys{/key_id}\",\n\"collaborators_url\": \"https://api.github.com/repos/Thuva4/testOauthServer/collaborators{/collaborator}\",\n\"teams_url\": \"https://api.github.com/repos/Thuva4/testOauthServer/teams\",\n\"hooks_url\": \"https://api.github.com/repos/Thuva4/testOauthServer/hooks\",\n\"issue_events_url\": \"https://api.github.com/repos/Thuva4/testOauthServer/issues/events{/number}\",\n\"events_url\": \"https://api.github.com/repos/Thuva4/testOauthServer/events\",\n\"assignees_url\": \"https://api.github.com/repos/Thuva4/testOauthServer/assignees{/user}\",\n\"branches_url\": \"https://api.github.com/repos/Thuva4/testOauthServer/branches{/branch}\",\n\"tags_url\": \"https://api.github.com/repos/Thuva4/testOauthServer/tags\",\n\"blobs_url\": \"https://api.github.com/repos/Thuva4/testOauthServer/git/blobs{/sha}\",\n\"git_tags_url\": \"https://api.github.com/repos/Thuva4/testOauthServer/git/tags{/sha}\",\n\"git_refs_url\": \"https://api.github.com/repos/Thuva4/testOauthServer/git/refs{/sha}\",\n\"trees_url\": \"https://api.github.com/repos/Thuva4/testOauthServer/git/trees{/sha}\",\n\"statuses_url\": \"https://api.github.com/repos/Thuva4/testOauthServer/statuses/{sha}\",\n\"languages_url\": \"https://api.github.com/repos/Thuva4/testOauthServer/languages\",\n\"stargazers_url\": \"https://api.github.com/repos/Thuva4/testOauthServer/stargazers\",\n\"contributors_url\": \"https://api.github.com/repos/Thuva4/testOauthServer/contributors\",\n\"subscribers_url\": \"https://api.github.com/repos/Thuva4/testOauthServer/subscribers\",\n\"subscription_url\": \"https://api.github.com/repos/Thuva4/testOauthServer/subscription\",\n\"commits_url\": \"https://api.github.com/repos/Thuva4/testOauthServer/commits{/sha}\",\n\"git_commits_url\": \"https://api.github.com/repos/Thuva4/testOauthServer/git/commits{/sha}\",\n\"comments_url\": \"https://api.github.com/repos/Thuva4/testOauthServer/comments{/number}\",\n\"issue_comment_url\": \"https://api.github.com/repos/Thuva4/testOauthServer/issues/comments{/number}\",\n\"contents_url\": \"https://api.github.com/repos/Thuva4/testOauthServer/contents/{+path}\",\n\"compare_url\": \"https://api.github.com/repos/Thuva4/testOauthServer/compare/{base}...{head}\",\n\"merges_url\": \"https://api.github.com/repos/Thuva4/testOauthServer/merges\",\n\"archive_url\": \"https://api.github.com/repos/Thuva4/testOauthServer/{archive_format}{/ref}\",\n\"downloads_url\": \"https://api.github.com/repos/Thuva4/testOauthServer/downloads\",\n\"issues_url\": \"https://api.github.com/repos/Thuva4/testOauthServer/issues{/number}\",\n\"pulls_url\": \"https://api.github.com/repos/Thuva4/testOauthServer/pulls{/number}\",\n\"milestones_url\": \"https://api.github.com/repos/Thuva4/testOauthServer/milestones{/number}\",\n\"notifications_url\": \"https://api.github.com/repos/Thuva4/testOauthServer/notifications{?since,all,participating}\",\n\"labels_url\": \"https://api.github.com/repos/Thuva4/testOauthServer/labels{/name}\",\n\"releases_url\": \"https://api.github.com/repos/Thuva4/testOauthServer/releases{/id}\",\n\"deployments_url\": \"https://api.github.com/repos/Thuva4/testOauthServer/deployments\",\n\"created_at\": \"2019-02-21T11:51:43Z\",\n\"updated_at\": \"2019-02-21T11:57:33Z\",\n\"pushed_at\": \"2019-02-21T11:57:32Z\",\n\"git_url\": \"git://github.com/Thuva4/testOauthServer.git\",\n\"ssh_url\": \"git@github.com:Thuva4/testOauthServer.git\",\n\"clone_url\": \"https://github.com/Thuva4/testOauthServer.git\",\n\"svn_url\": \"https://github.com/Thuva4/testOauthServer\",\n\"homepage\": null,\n\"size\": 10,\n\"stargazers_count\": 0,\n\"watchers_count\": 0,\n\"language\": \"JavaScript\",\n\"has_issues\": true,\n\"has_projects\": true,\n\"has_downloads\": true,\n\"has_wiki\": true,\n\"has_pages\": false,\n\"forks_count\": 0,\n\"mirror_url\": null,\n\"archived\": false,\n\"disabled\": false,\n\"open_issues_count\": 0,\n\"license\": null,\n\"forks\": 0,\n\"open_issues\": 0,\n\"watchers\": 0,\n\"default_branch\": \"master\",\n\"permissions\": {\n \"admin\": false,\n\"push\": false,\n\"pull\": true \n} \n} \n]"]
