["[\n {\n \"id\": 172845756,\n\"node_id\": \"MDEwOlJlcG9zaXRvcnkxNzI4NDU3NTY=\",\n\"name\": \"microsoft-ad-oauth2\",\n\"full_name\": \"Thuva4/microsoft-ad-oauth2\",\n\"private\": false,\n\"owner\": {\n \"login\": \"Thuva4\",\n\"id\": 17289840,\n\"node_id\": \"MDQ6VXNlcjE3Mjg5ODQw\",\n\"avatar_url\": \"https://avatars3.githubusercontent.com/u/17289840?v=4\",\n\"gravatar_id\": \"\",\n\"url\": \"https://api.github.com/users/Thuva4\",\n\"html_url\": \"https://github.com/Thuva4\",\n\"followers_url\": \"https://api.github.com/users/Thuva4/followers\",\n\"following_url\": \"https://api.github.com/users/Thuva4/following{/other_user}\",\n\"gists_url\": \"https://api.github.com/users/Thuva4/gists{/gist_id}\",\n\"starred_url\": \"https://api.github.com/users/Thuva4/starred{/owner}{/repo}\",\n\"subscriptions_url\": \"https://api.github.com/users/Thuva4/subscriptions\",\n\"organizations_url\": \"https://api.github.com/users/Thuva4/orgs\",\n\"repos_url\": \"https://api.github.com/users/Thuva4/repos\",\n\"events_url\": \"https://api.github.com/users/Thuva4/events{/privacy}\",\n\"received_events_url\": \"https://api.github.com/users/Thuva4/received_events\",\n\"type\": \"User\",\n\"site_admin\": false \n},\n\"html_url\": \"https://github.com/Thuva4/microsoft-ad-oauth2\",\n\"description\": \"Test module\",\n\"fork\": true,\n\"url\": \"https://api.github.com/repos/Thuva4/microsoft-ad-oauth2\",\n\"forks_url\": \"https://api.github.com/repos/Thuva4/microsoft-ad-oauth2/forks\",\n\"keys_url\": \"https://api.github.com/repos/Thuva4/microsoft-ad-oauth2/keys{/key_id}\",\n\"collaborators_url\": \"https://api.github.com/repos/Thuva4/microsoft-ad-oauth2/collaborators{/collaborator}\",\n\"teams_url\": \"https://api.github.com/repos/Thuva4/microsoft-ad-oauth2/teams\",\n\"hooks_url\": \"https://api.github.com/repos/Thuva4/microsoft-ad-oauth2/hooks\",\n\"issue_events_url\": \"https://api.github.com/repos/Thuva4/microsoft-ad-oauth2/issues/events{/number}\",\n\"events_url\": \"https://api.github.com/repos/Thuva4/microsoft-ad-oauth2/events\",\n\"assignees_url\": \"https://api.github.com/repos/Thuva4/microsoft-ad-oauth2/assignees{/user}\",\n\"branches_url\": \"https://api.github.com/repos/Thuva4/microsoft-ad-oauth2/branches{/branch}\",\n\"tags_url\": \"https://api.github.com/repos/Thuva4/microsoft-ad-oauth2/tags\",\n\"blobs_url\": \"https://api.github.com/repos/Thuva4/microsoft-ad-oauth2/git/blobs{/sha}\",\n\"git_tags_url\": \"https://api.github.com/repos/Thuva4/microsoft-ad-oauth2/git/tags{/sha}\",\n\"git_refs_url\": \"https://api.github.com/repos/Thuva4/microsoft-ad-oauth2/git/refs{/sha}\",\n\"trees_url\": \"https://api.github.com/repos/Thuva4/microsoft-ad-oauth2/git/trees{/sha}\",\n\"statuses_url\": \"https://api.github.com/repos/Thuva4/microsoft-ad-oauth2/statuses/{sha}\",\n\"languages_url\": \"https://api.github.com/repos/Thuva4/microsoft-ad-oauth2/languages\",\n\"stargazers_url\": \"https://api.github.com/repos/Thuva4/microsoft-ad-oauth2/stargazers\",\n\"contributors_url\": \"https://api.github.com/repos/Thuva4/microsoft-ad-oauth2/contributors\",\n\"subscribers_url\": \"https://api.github.com/repos/Thuva4/microsoft-ad-oauth2/subscribers\",\n\"subscription_url\": \"https://api.github.com/repos/Thuva4/microsoft-ad-oauth2/subscription\",\n\"commits_url\": \"https://api.github.com/repos/Thuva4/microsoft-ad-oauth2/commits{/sha}\",\n\"git_commits_url\": \"https://api.github.com/repos/Thuva4/microsoft-ad-oauth2/git/commits{/sha}\",\n\"comments_url\": \"https://api.github.com/repos/Thuva4/microsoft-ad-oauth2/comments{/number}\",\n\"issue_comment_url\": \"https://api.github.com/repos/Thuva4/microsoft-ad-oauth2/issues/comments{/number}\",\n\"contents_url\": \"https://api.github.com/repos/Thuva4/microsoft-ad-oauth2/contents/{+path}\",\n\"compare_url\": \"https://api.github.com/repos/Thuva4/microsoft-ad-oauth2/compare/{base}...{head}\",\n\"merges_url\": \"https://api.github.com/repos/Thuva4/microsoft-ad-oauth2/merges\",\n\"archive_url\": \"https://api.github.com/repos/Thuva4/microsoft-ad-oauth2/{archive_format}{/ref}\",\n\"downloads_url\": \"https://api.github.com/repos/Thuva4/microsoft-ad-oauth2/downloads\",\n\"issues_url\": \"https://api.github.com/repos/Thuva4/microsoft-ad-oauth2/issues{/number}\",\n\"pulls_url\": \"https://api.github.com/repos/Thuva4/microsoft-ad-oauth2/pulls{/number}\",\n\"milestones_url\": \"https://api.github.com/repos/Thuva4/microsoft-ad-oauth2/milestones{/number}\",\n\"notifications_url\": \"https://api.github.com/repos/Thuva4/microsoft-ad-oauth2/notifications{?since,all,participating}\",\n\"labels_url\": \"https://api.github.com/repos/Thuva4/microsoft-ad-oauth2/labels{/name}\",\n\"releases_url\": \"https://api.github.com/repos/Thuva4/microsoft-ad-oauth2/releases{/id}\",\n\"deployments_url\": \"https://api.github.com/repos/Thuva4/microsoft-ad-oauth2/deployments\",\n\"created_at\": \"2019-02-27T04:55:08Z\",\n\"updated_at\": \"2019-03-04T06:36:23Z\",\n\"pushed_at\": \"2019-03-04T06:36:22Z\",\n\"git_url\": \"git://github.com/Thuva4/microsoft-ad-oauth2.git\",\n\"ssh_url\": \"git@github.com:Thuva4/microsoft-ad-oauth2.git\",\n\"clone_url\": \"https://github.com/Thuva4/microsoft-ad-oauth2.git\",\n\"svn_url\": \"https://github.com/Thuva4/microsoft-ad-oauth2\",\n\"homepage\": null,\n\"size\": 353,\n\"stargazers_count\": 0,\n\"watchers_count\": 0,\n\"language\": \"JavaScript\",\n\"has_issues\": false,\n\"has_projects\": true,\n\"has_downloads\": true,\n\"has_wiki\": true,\n\"has_pages\": false,\n\"forks_count\": 0,\n\"mirror_url\": null,\n\"archived\": false,\n\"disabled\": false,\n\"open_issues_count\": 0,\n\"license\": null,\n\"forks\": 0,\n\"open_issues\": 0,\n\"watchers\": 0,\n\"default_branch\": \"master\",\n\"permissions\": {\n \"admin\": false,\n\"push\": false,\n\"pull\": true \n} \n} \n]"]
