["[\n {\n \"id\": 172728106,\n\"node_id\": \"MDEwOlJlcG9zaXRvcnkxNzI3MjgxMDY=\",\n\"name\": \"react-native-azure-ad\",\n\"full_name\": \"Thuva4/react-native-azure-ad\",\n\"private\": false,\n\"owner\": {\n \"login\": \"Thuva4\",\n\"id\": 17289840,\n\"node_id\": \"MDQ6VXNlcjE3Mjg5ODQw\",\n\"avatar_url\": \"https://avatars3.githubusercontent.com/u/17289840?v=4\",\n\"gravatar_id\": \"\",\n\"url\": \"https://api.github.com/users/Thuva4\",\n\"html_url\": \"https://github.com/Thuva4\",\n\"followers_url\": \"https://api.github.com/users/Thuva4/followers\",\n\"following_url\": \"https://api.github.com/users/Thuva4/following{/other_user}\",\n\"gists_url\": \"https://api.github.com/users/Thuva4/gists{/gist_id}\",\n\"starred_url\": \"https://api.github.com/users/Thuva4/starred{/owner}{/repo}\",\n\"subscriptions_url\": \"https://api.github.com/users/Thuva4/subscriptions\",\n\"organizations_url\": \"https://api.github.com/users/Thuva4/orgs\",\n\"repos_url\": \"https://api.github.com/users/Thuva4/repos\",\n\"events_url\": \"https://api.github.com/users/Thuva4/events{/privacy}\",\n\"received_events_url\": \"https://api.github.com/users/Thuva4/received_events\",\n\"type\": \"User\",\n\"site_admin\": false \n},\n\"html_url\": \"https://github.com/Thuva4/react-native-azure-ad\",\n\"description\": null,\n\"fork\": false,\n\"url\": \"https://api.github.com/repos/Thuva4/react-native-azure-ad\",\n\"forks_url\": \"https://api.github.com/repos/Thuva4/react-native-azure-ad/forks\",\n\"keys_url\": \"https://api.github.com/repos/Thuva4/react-native-azure-ad/keys{/key_id}\",\n\"collaborators_url\": \"https://api.github.com/repos/Thuva4/react-native-azure-ad/collaborators{/collaborator}\",\n\"teams_url\": \"https://api.github.com/repos/Thuva4/react-native-azure-ad/teams\",\n\"hooks_url\": \"https://api.github.com/repos/Thuva4/react-native-azure-ad/hooks\",\n\"issue_events_url\": \"https://api.github.com/repos/Thuva4/react-native-azure-ad/issues/events{/number}\",\n\"events_url\": \"https://api.github.com/repos/Thuva4/react-native-azure-ad/events\",\n\"assignees_url\": \"https://api.github.com/repos/Thuva4/react-native-azure-ad/assignees{/user}\",\n\"branches_url\": \"https://api.github.com/repos/Thuva4/react-native-azure-ad/branches{/branch}\",\n\"tags_url\": \"https://api.github.com/repos/Thuva4/react-native-azure-ad/tags\",\n\"blobs_url\": \"https://api.github.com/repos/Thuva4/react-native-azure-ad/git/blobs{/sha}\",\n\"git_tags_url\": \"https://api.github.com/repos/Thuva4/react-native-azure-ad/git/tags{/sha}\",\n\"git_refs_url\": \"https://api.github.com/repos/Thuva4/react-native-azure-ad/git/refs{/sha}\",\n\"trees_url\": \"https://api.github.com/repos/Thuva4/react-native-azure-ad/git/trees{/sha}\",\n\"statuses_url\": \"https://api.github.com/repos/Thuva4/react-native-azure-ad/statuses/{sha}\",\n\"languages_url\": \"https://api.github.com/repos/Thuva4/react-native-azure-ad/languages\",\n\"stargazers_url\": \"https://api.github.com/repos/Thuva4/react-native-azure-ad/stargazers\",\n\"contributors_url\": \"https://api.github.com/repos/Thuva4/react-native-azure-ad/contributors\",\n\"subscribers_url\": \"https://api.github.com/repos/Thuva4/react-native-azure-ad/subscribers\",\n\"subscription_url\": \"https://api.github.com/repos/Thuva4/react-native-azure-ad/subscription\",\n\"commits_url\": \"https://api.github.com/repos/Thuva4/react-native-azure-ad/commits{/sha}\",\n\"git_commits_url\": \"https://api.github.com/repos/Thuva4/react-native-azure-ad/git/commits{/sha}\",\n\"comments_url\": \"https://api.github.com/repos/Thuva4/react-native-azure-ad/comments{/number}\",\n\"issue_comment_url\": \"https://api.github.com/repos/Thuva4/react-native-azure-ad/issues/comments{/number}\",\n\"contents_url\": \"https://api.github.com/repos/Thuva4/react-native-azure-ad/contents/{+path}\",\n\"compare_url\": \"https://api.github.com/repos/Thuva4/react-native-azure-ad/compare/{base}...{head}\",\n\"merges_url\": \"https://api.github.com/repos/Thuva4/react-native-azure-ad/merges\",\n\"archive_url\": \"https://api.github.com/repos/Thuva4/react-native-azure-ad/{archive_format}{/ref}\",\n\"downloads_url\": \"https://api.github.com/repos/Thuva4/react-native-azure-ad/downloads\",\n\"issues_url\": \"https://api.github.com/repos/Thuva4/react-native-azure-ad/issues{/number}\",\n\"pulls_url\": \"https://api.github.com/repos/Thuva4/react-native-azure-ad/pulls{/number}\",\n\"milestones_url\": \"https://api.github.com/repos/Thuva4/react-native-azure-ad/milestones{/number}\",\n\"notifications_url\": \"https://api.github.com/repos/Thuva4/react-native-azure-ad/notifications{?since,all,participating}\",\n\"labels_url\": \"https://api.github.com/repos/Thuva4/react-native-azure-ad/labels{/name}\",\n\"releases_url\": \"https://api.github.com/repos/Thuva4/react-native-azure-ad/releases{/id}\",\n\"deployments_url\": \"https://api.github.com/repos/Thuva4/react-native-azure-ad/deployments\",\n\"created_at\": \"2019-02-26T14:32:02Z\",\n\"updated_at\": \"2019-02-26T14:33:42Z\",\n\"pushed_at\": \"2019-02-26T14:33:40Z\",\n\"git_url\": \"git://github.com/Thuva4/react-native-azure-ad.git\",\n\"ssh_url\": \"git@github.com:Thuva4/react-native-azure-ad.git\",\n\"clone_url\": \"https://github.com/Thuva4/react-native-azure-ad.git\",\n\"svn_url\": \"https://github.com/Thuva4/react-native-azure-ad\",\n\"homepage\": null,\n\"size\": 161,\n\"stargazers_count\": 0,\n\"watchers_count\": 0,\n\"language\": \"JavaScript\",\n\"has_issues\": true,\n\"has_projects\": true,\n\"has_downloads\": true,\n\"has_wiki\": true,\n\"has_pages\": false,\n\"forks_count\": 0,\n\"mirror_url\": null,\n\"archived\": false,\n\"disabled\": false,\n\"open_issues_count\": 0,\n\"license\": null,\n\"forks\": 0,\n\"open_issues\": 0,\n\"watchers\": 0,\n\"default_branch\": \"master\",\n\"permissions\": {\n \"admin\": false,\n\"push\": false,\n\"pull\": true \n} \n} \n]"]
