["[\n {\n \"id\": 73598287,\n\"node_id\": \"MDEwOlJlcG9zaXRvcnk3MzU5ODI4Nw==\",\n\"name\": \"SimpleExpenseManager\",\n\"full_name\": \"Thuva4/SimpleExpenseManager\",\n\"private\": false,\n\"owner\": {\n \"login\": \"Thuva4\",\n\"id\": 17289840,\n\"node_id\": \"MDQ6VXNlcjE3Mjg5ODQw\",\n\"avatar_url\": \"https://avatars3.githubusercontent.com/u/17289840?v=4\",\n\"gravatar_id\": \"\",\n\"url\": \"https://api.github.com/users/Thuva4\",\n\"html_url\": \"https://github.com/Thuva4\",\n\"followers_url\": \"https://api.github.com/users/Thuva4/followers\",\n\"following_url\": \"https://api.github.com/users/Thuva4/following{/other_user}\",\n\"gists_url\": \"https://api.github.com/users/Thuva4/gists{/gist_id}\",\n\"starred_url\": \"https://api.github.com/users/Thuva4/starred{/owner}{/repo}\",\n\"subscriptions_url\": \"https://api.github.com/users/Thuva4/subscriptions\",\n\"organizations_url\": \"https://api.github.com/users/Thuva4/orgs\",\n\"repos_url\": \"https://api.github.com/users/Thuva4/repos\",\n\"events_url\": \"https://api.github.com/users/Thuva4/events{/privacy}\",\n\"received_events_url\": \"https://api.github.com/users/Thuva4/received_events\",\n\"type\": \"User\",\n\"site_admin\": false \n},\n\"html_url\": \"https://github.com/Thuva4/SimpleExpenseManager\",\n\"description\": \"This is an android based basic expense manager application which will be used as a lab assignment for CS3042 - Database Systems course module.\",\n\"fork\": true,\n\"url\": \"https://api.github.com/repos/Thuva4/SimpleExpenseManager\",\n\"forks_url\": \"https://api.github.com/repos/Thuva4/SimpleExpenseManager/forks\",\n\"keys_url\": \"https://api.github.com/repos/Thuva4/SimpleExpenseManager/keys{/key_id}\",\n\"collaborators_url\": \"https://api.github.com/repos/Thuva4/SimpleExpenseManager/collaborators{/collaborator}\",\n\"teams_url\": \"https://api.github.com/repos/Thuva4/SimpleExpenseManager/teams\",\n\"hooks_url\": \"https://api.github.com/repos/Thuva4/SimpleExpenseManager/hooks\",\n\"issue_events_url\": \"https://api.github.com/repos/Thuva4/SimpleExpenseManager/issues/events{/number}\",\n\"events_url\": \"https://api.github.com/repos/Thuva4/SimpleExpenseManager/events\",\n\"assignees_url\": \"https://api.github.com/repos/Thuva4/SimpleExpenseManager/assignees{/user}\",\n\"branches_url\": \"https://api.github.com/repos/Thuva4/SimpleExpenseManager/branches{/branch}\",\n\"tags_url\": \"https://api.github.com/repos/Thuva4/SimpleExpenseManager/tags\",\n\"blobs_url\": \"https://api.github.com/repos/Thuva4/SimpleExpenseManager/git/blobs{/sha}\",\n\"git_tags_url\": \"https://api.github.com/repos/Thuva4/SimpleExpenseManager/git/tags{/sha}\",\n\"git_refs_url\": \"https://api.github.com/repos/Thuva4/SimpleExpenseManager/git/refs{/sha}\",\n\"trees_url\": \"https://api.github.com/repos/Thuva4/SimpleExpenseManager/git/trees{/sha}\",\n\"statuses_url\": \"https://api.github.com/repos/Thuva4/SimpleExpenseManager/statuses/{sha}\",\n\"languages_url\": \"https://api.github.com/repos/Thuva4/SimpleExpenseManager/languages\",\n\"stargazers_url\": \"https://api.github.com/repos/Thuva4/SimpleExpenseManager/stargazers\",\n\"contributors_url\": \"https://api.github.com/repos/Thuva4/SimpleExpenseManager/contributors\",\n\"subscribers_url\": \"https://api.github.com/repos/Thuva4/SimpleExpenseManager/subscribers\",\n\"subscription_url\": \"https://api.github.com/repos/Thuva4/SimpleExpenseManager/subscription\",\n\"commits_url\": \"https://api.github.com/repos/Thuva4/SimpleExpenseManager/commits{/sha}\",\n\"git_commits_url\": \"https://api.github.com/repos/Thuva4/SimpleExpenseManager/git/commits{/sha}\",\n\"comments_url\": \"https://api.github.com/repos/Thuva4/SimpleExpenseManager/comments{/number}\",\n\"issue_comment_url\": \"https://api.github.com/repos/Thuva4/SimpleExpenseManager/issues/comments{/number}\",\n\"contents_url\": \"https://api.github.com/repos/Thuva4/SimpleExpenseManager/contents/{+path}\",\n\"compare_url\": \"https://api.github.com/repos/Thuva4/SimpleExpenseManager/compare/{base}...{head}\",\n\"merges_url\": \"https://api.github.com/repos/Thuva4/SimpleExpenseManager/merges\",\n\"archive_url\": \"https://api.github.com/repos/Thuva4/SimpleExpenseManager/{archive_format}{/ref}\",\n\"downloads_url\": \"https://api.github.com/repos/Thuva4/SimpleExpenseManager/downloads\",\n\"issues_url\": \"https://api.github.com/repos/Thuva4/SimpleExpenseManager/issues{/number}\",\n\"pulls_url\": \"https://api.github.com/repos/Thuva4/SimpleExpenseManager/pulls{/number}\",\n\"milestones_url\": \"https://api.github.com/repos/Thuva4/SimpleExpenseManager/milestones{/number}\",\n\"notifications_url\": \"https://api.github.com/repos/Thuva4/SimpleExpenseManager/notifications{?since,all,participating}\",\n\"labels_url\": \"https://api.github.com/repos/Thuva4/SimpleExpenseManager/labels{/name}\",\n\"releases_url\": \"https://api.github.com/repos/Thuva4/SimpleExpenseManager/releases{/id}\",\n\"deployments_url\": \"https://api.github.com/repos/Thuva4/SimpleExpenseManager/deployments\",\n\"created_at\": \"2016-11-13T05:53:37Z\",\n\"updated_at\": \"2016-11-13T05:53:38Z\",\n\"pushed_at\": \"2016-11-20T13:33:17Z\",\n\"git_url\": \"git://github.com/Thuva4/SimpleExpenseManager.git\",\n\"ssh_url\": \"git@github.com:Thuva4/SimpleExpenseManager.git\",\n\"clone_url\": \"https://github.com/Thuva4/SimpleExpenseManager.git\",\n\"svn_url\": \"https://github.com/Thuva4/SimpleExpenseManager\",\n\"homepage\": \"\",\n\"size\": 107,\n\"stargazers_count\": 0,\n\"watchers_count\": 0,\n\"language\": \"Java\",\n\"has_issues\": false,\n\"has_projects\": true,\n\"has_downloads\": true,\n\"has_wiki\": true,\n\"has_pages\": false,\n\"forks_count\": 0,\n\"mirror_url\": null,\n\"archived\": false,\n\"disabled\": false,\n\"open_issues_count\": 0,\n\"license\": null,\n\"forks\": 0,\n\"open_issues\": 0,\n\"watchers\": 0,\n\"default_branch\": \"master\",\n\"permissions\": {\n \"admin\": false,\n\"push\": false,\n\"pull\": true \n} \n} \n]"]
