["[\n {\n \"id\": 129480162,\n\"node_id\": \"MDEwOlJlcG9zaXRvcnkxMjk0ODAxNjI=\",\n\"name\": \"open-event-frontend\",\n\"full_name\": \"Thuva4/open-event-frontend\",\n\"private\": false,\n\"owner\": {\n \"login\": \"Thuva4\",\n\"id\": 17289840,\n\"node_id\": \"MDQ6VXNlcjE3Mjg5ODQw\",\n\"avatar_url\": \"https://avatars3.githubusercontent.com/u/17289840?v=4\",\n\"gravatar_id\": \"\",\n\"url\": \"https://api.github.com/users/Thuva4\",\n\"html_url\": \"https://github.com/Thuva4\",\n\"followers_url\": \"https://api.github.com/users/Thuva4/followers\",\n\"following_url\": \"https://api.github.com/users/Thuva4/following{/other_user}\",\n\"gists_url\": \"https://api.github.com/users/Thuva4/gists{/gist_id}\",\n\"starred_url\": \"https://api.github.com/users/Thuva4/starred{/owner}{/repo}\",\n\"subscriptions_url\": \"https://api.github.com/users/Thuva4/subscriptions\",\n\"organizations_url\": \"https://api.github.com/users/Thuva4/orgs\",\n\"repos_url\": \"https://api.github.com/users/Thuva4/repos\",\n\"events_url\": \"https://api.github.com/users/Thuva4/events{/privacy}\",\n\"received_events_url\": \"https://api.github.com/users/Thuva4/received_events\",\n\"type\": \"User\",\n\"site_admin\": false \n},\n\"html_url\": \"https://github.com/Thuva4/open-event-frontend\",\n\"description\": \"The frontend for the Open Event API Server\",\n\"fork\": true,\n\"url\": \"https://api.github.com/repos/Thuva4/open-event-frontend\",\n\"forks_url\": \"https://api.github.com/repos/Thuva4/open-event-frontend/forks\",\n\"keys_url\": \"https://api.github.com/repos/Thuva4/open-event-frontend/keys{/key_id}\",\n\"collaborators_url\": \"https://api.github.com/repos/Thuva4/open-event-frontend/collaborators{/collaborator}\",\n\"teams_url\": \"https://api.github.com/repos/Thuva4/open-event-frontend/teams\",\n\"hooks_url\": \"https://api.github.com/repos/Thuva4/open-event-frontend/hooks\",\n\"issue_events_url\": \"https://api.github.com/repos/Thuva4/open-event-frontend/issues/events{/number}\",\n\"events_url\": \"https://api.github.com/repos/Thuva4/open-event-frontend/events\",\n\"assignees_url\": \"https://api.github.com/repos/Thuva4/open-event-frontend/assignees{/user}\",\n\"branches_url\": \"https://api.github.com/repos/Thuva4/open-event-frontend/branches{/branch}\",\n\"tags_url\": \"https://api.github.com/repos/Thuva4/open-event-frontend/tags\",\n\"blobs_url\": \"https://api.github.com/repos/Thuva4/open-event-frontend/git/blobs{/sha}\",\n\"git_tags_url\": \"https://api.github.com/repos/Thuva4/open-event-frontend/git/tags{/sha}\",\n\"git_refs_url\": \"https://api.github.com/repos/Thuva4/open-event-frontend/git/refs{/sha}\",\n\"trees_url\": \"https://api.github.com/repos/Thuva4/open-event-frontend/git/trees{/sha}\",\n\"statuses_url\": \"https://api.github.com/repos/Thuva4/open-event-frontend/statuses/{sha}\",\n\"languages_url\": \"https://api.github.com/repos/Thuva4/open-event-frontend/languages\",\n\"stargazers_url\": \"https://api.github.com/repos/Thuva4/open-event-frontend/stargazers\",\n\"contributors_url\": \"https://api.github.com/repos/Thuva4/open-event-frontend/contributors\",\n\"subscribers_url\": \"https://api.github.com/repos/Thuva4/open-event-frontend/subscribers\",\n\"subscription_url\": \"https://api.github.com/repos/Thuva4/open-event-frontend/subscription\",\n\"commits_url\": \"https://api.github.com/repos/Thuva4/open-event-frontend/commits{/sha}\",\n\"git_commits_url\": \"https://api.github.com/repos/Thuva4/open-event-frontend/git/commits{/sha}\",\n\"comments_url\": \"https://api.github.com/repos/Thuva4/open-event-frontend/comments{/number}\",\n\"issue_comment_url\": \"https://api.github.com/repos/Thuva4/open-event-frontend/issues/comments{/number}\",\n\"contents_url\": \"https://api.github.com/repos/Thuva4/open-event-frontend/contents/{+path}\",\n\"compare_url\": \"https://api.github.com/repos/Thuva4/open-event-frontend/compare/{base}...{head}\",\n\"merges_url\": \"https://api.github.com/repos/Thuva4/open-event-frontend/merges\",\n\"archive_url\": \"https://api.github.com/repos/Thuva4/open-event-frontend/{archive_format}{/ref}\",\n\"downloads_url\": \"https://api.github.com/repos/Thuva4/open-event-frontend/downloads\",\n\"issues_url\": \"https://api.github.com/repos/Thuva4/open-event-frontend/issues{/number}\",\n\"pulls_url\": \"https://api.github.com/repos/Thuva4/open-event-frontend/pulls{/number}\",\n\"milestones_url\": \"https://api.github.com/repos/Thuva4/open-event-frontend/milestones{/number}\",\n\"notifications_url\": \"https://api.github.com/repos/Thuva4/open-event-frontend/notifications{?since,all,participating}\",\n\"labels_url\": \"https://api.github.com/repos/Thuva4/open-event-frontend/labels{/name}\",\n\"releases_url\": \"https://api.github.com/repos/Thuva4/open-event-frontend/releases{/id}\",\n\"deployments_url\": \"https://api.github.com/repos/Thuva4/open-event-frontend/deployments\",\n\"created_at\": \"2018-04-14T04:03:03Z\",\n\"updated_at\": \"2018-04-14T04:03:06Z\",\n\"pushed_at\": \"2018-04-13T09:21:23Z\",\n\"git_url\": \"git://github.com/Thuva4/open-event-frontend.git\",\n\"ssh_url\": \"git@github.com:Thuva4/open-event-frontend.git\",\n\"clone_url\": \"https://github.com/Thuva4/open-event-frontend.git\",\n\"svn_url\": \"https://github.com/Thuva4/open-event-frontend\",\n\"homepage\": \"https://open-event-frontend.herokuapp.com\",\n\"size\": 9107,\n\"stargazers_count\": 0,\n\"watchers_count\": 0,\n\"language\": \"JavaScript\",\n\"has_issues\": false,\n\"has_projects\": true,\n\"has_downloads\": true,\n\"has_wiki\": false,\n\"has_pages\": false,\n\"forks_count\": 0,\n\"mirror_url\": null,\n\"archived\": false,\n\"disabled\": false,\n\"open_issues_count\": 0,\n\"license\": {\n \"key\": \"apache-2.0\",\n\"name\": \"Apache License 2.0\",\n\"spdx_id\": \"Apache-2.0\",\n\"url\": \"https://api.github.com/licenses/apache-2.0\",\n\"node_id\": \"MDc6TGljZW5zZTI=\" \n},\n\"forks\": 0,\n\"open_issues\": 0,\n\"watchers\": 0,\n\"default_branch\": \"development\",\n\"permissions\": {\n \"admin\": false,\n\"push\": false,\n\"pull\": true \n} \n} \n]"]
