["[\n {\n \"id\": 87631099,\n\"node_id\": \"MDEwOlJlcG9zaXRvcnk4NzYzMTA5OQ==\",\n\"name\": \"node_authentication\",\n\"full_name\": \"Thuva4/node_authentication\",\n\"private\": false,\n\"owner\": {\n \"login\": \"Thuva4\",\n\"id\": 17289840,\n\"node_id\": \"MDQ6VXNlcjE3Mjg5ODQw\",\n\"avatar_url\": \"https://avatars3.githubusercontent.com/u/17289840?v=4\",\n\"gravatar_id\": \"\",\n\"url\": \"https://api.github.com/users/Thuva4\",\n\"html_url\": \"https://github.com/Thuva4\",\n\"followers_url\": \"https://api.github.com/users/Thuva4/followers\",\n\"following_url\": \"https://api.github.com/users/Thuva4/following{/other_user}\",\n\"gists_url\": \"https://api.github.com/users/Thuva4/gists{/gist_id}\",\n\"starred_url\": \"https://api.github.com/users/Thuva4/starred{/owner}{/repo}\",\n\"subscriptions_url\": \"https://api.github.com/users/Thuva4/subscriptions\",\n\"organizations_url\": \"https://api.github.com/users/Thuva4/orgs\",\n\"repos_url\": \"https://api.github.com/users/Thuva4/repos\",\n\"events_url\": \"https://api.github.com/users/Thuva4/events{/privacy}\",\n\"received_events_url\": \"https://api.github.com/users/Thuva4/received_events\",\n\"type\": \"User\",\n\"site_admin\": false \n},\n\"html_url\": \"https://github.com/Thuva4/node_authentication\",\n\"description\": null,\n\"fork\": false,\n\"url\": \"https://api.github.com/repos/Thuva4/node_authentication\",\n\"forks_url\": \"https://api.github.com/repos/Thuva4/node_authentication/forks\",\n\"keys_url\": \"https://api.github.com/repos/Thuva4/node_authentication/keys{/key_id}\",\n\"collaborators_url\": \"https://api.github.com/repos/Thuva4/node_authentication/collaborators{/collaborator}\",\n\"teams_url\": \"https://api.github.com/repos/Thuva4/node_authentication/teams\",\n\"hooks_url\": \"https://api.github.com/repos/Thuva4/node_authentication/hooks\",\n\"issue_events_url\": \"https://api.github.com/repos/Thuva4/node_authentication/issues/events{/number}\",\n\"events_url\": \"https://api.github.com/repos/Thuva4/node_authentication/events\",\n\"assignees_url\": \"https://api.github.com/repos/Thuva4/node_authentication/assignees{/user}\",\n\"branches_url\": \"https://api.github.com/repos/Thuva4/node_authentication/branches{/branch}\",\n\"tags_url\": \"https://api.github.com/repos/Thuva4/node_authentication/tags\",\n\"blobs_url\": \"https://api.github.com/repos/Thuva4/node_authentication/git/blobs{/sha}\",\n\"git_tags_url\": \"https://api.github.com/repos/Thuva4/node_authentication/git/tags{/sha}\",\n\"git_refs_url\": \"https://api.github.com/repos/Thuva4/node_authentication/git/refs{/sha}\",\n\"trees_url\": \"https://api.github.com/repos/Thuva4/node_authentication/git/trees{/sha}\",\n\"statuses_url\": \"https://api.github.com/repos/Thuva4/node_authentication/statuses/{sha}\",\n\"languages_url\": \"https://api.github.com/repos/Thuva4/node_authentication/languages\",\n\"stargazers_url\": \"https://api.github.com/repos/Thuva4/node_authentication/stargazers\",\n\"contributors_url\": \"https://api.github.com/repos/Thuva4/node_authentication/contributors\",\n\"subscribers_url\": \"https://api.github.com/repos/Thuva4/node_authentication/subscribers\",\n\"subscription_url\": \"https://api.github.com/repos/Thuva4/node_authentication/subscription\",\n\"commits_url\": \"https://api.github.com/repos/Thuva4/node_authentication/commits{/sha}\",\n\"git_commits_url\": \"https://api.github.com/repos/Thuva4/node_authentication/git/commits{/sha}\",\n\"comments_url\": \"https://api.github.com/repos/Thuva4/node_authentication/comments{/number}\",\n\"issue_comment_url\": \"https://api.github.com/repos/Thuva4/node_authentication/issues/comments{/number}\",\n\"contents_url\": \"https://api.github.com/repos/Thuva4/node_authentication/contents/{+path}\",\n\"compare_url\": \"https://api.github.com/repos/Thuva4/node_authentication/compare/{base}...{head}\",\n\"merges_url\": \"https://api.github.com/repos/Thuva4/node_authentication/merges\",\n\"archive_url\": \"https://api.github.com/repos/Thuva4/node_authentication/{archive_format}{/ref}\",\n\"downloads_url\": \"https://api.github.com/repos/Thuva4/node_authentication/downloads\",\n\"issues_url\": \"https://api.github.com/repos/Thuva4/node_authentication/issues{/number}\",\n\"pulls_url\": \"https://api.github.com/repos/Thuva4/node_authentication/pulls{/number}\",\n\"milestones_url\": \"https://api.github.com/repos/Thuva4/node_authentication/milestones{/number}\",\n\"notifications_url\": \"https://api.github.com/repos/Thuva4/node_authentication/notifications{?since,all,participating}\",\n\"labels_url\": \"https://api.github.com/repos/Thuva4/node_authentication/labels{/name}\",\n\"releases_url\": \"https://api.github.com/repos/Thuva4/node_authentication/releases{/id}\",\n\"deployments_url\": \"https://api.github.com/repos/Thuva4/node_authentication/deployments\",\n\"created_at\": \"2017-04-08T12:06:47Z\",\n\"updated_at\": \"2017-04-08T13:25:36Z\",\n\"pushed_at\": \"2017-04-08T13:25:35Z\",\n\"git_url\": \"git://github.com/Thuva4/node_authentication.git\",\n\"ssh_url\": \"git@github.com:Thuva4/node_authentication.git\",\n\"clone_url\": \"https://github.com/Thuva4/node_authentication.git\",\n\"svn_url\": \"https://github.com/Thuva4/node_authentication\",\n\"homepage\": null,\n\"size\": 7,\n\"stargazers_count\": 0,\n\"watchers_count\": 0,\n\"language\": \"JavaScript\",\n\"has_issues\": true,\n\"has_projects\": true,\n\"has_downloads\": true,\n\"has_wiki\": true,\n\"has_pages\": false,\n\"forks_count\": 1,\n\"mirror_url\": null,\n\"archived\": false,\n\"disabled\": false,\n\"open_issues_count\": 0,\n\"license\": null,\n\"forks\": 1,\n\"open_issues\": 0,\n\"watchers\": 0,\n\"default_branch\": \"master\",\n\"permissions\": {\n \"admin\": false,\n\"push\": false,\n\"pull\": true \n} \n} \n]"]
