["[\n {\n \"id\": 80408953,\n\"node_id\": \"MDEwOlJlcG9zaXRvcnk4MDQwODk1Mw==\",\n\"name\": \"Tank-Game\",\n\"full_name\": \"Thuva4/Tank-Game\",\n\"private\": false,\n\"owner\": {\n \"login\": \"Thuva4\",\n\"id\": 17289840,\n\"node_id\": \"MDQ6VXNlcjE3Mjg5ODQw\",\n\"avatar_url\": \"https://avatars3.githubusercontent.com/u/17289840?v=4\",\n\"gravatar_id\": \"\",\n\"url\": \"https://api.github.com/users/Thuva4\",\n\"html_url\": \"https://github.com/Thuva4\",\n\"followers_url\": \"https://api.github.com/users/Thuva4/followers\",\n\"following_url\": \"https://api.github.com/users/Thuva4/following{/other_user}\",\n\"gists_url\": \"https://api.github.com/users/Thuva4/gists{/gist_id}\",\n\"starred_url\": \"https://api.github.com/users/Thuva4/starred{/owner}{/repo}\",\n\"subscriptions_url\": \"https://api.github.com/users/Thuva4/subscriptions\",\n\"organizations_url\": \"https://api.github.com/users/Thuva4/orgs\",\n\"repos_url\": \"https://api.github.com/users/Thuva4/repos\",\n\"events_url\": \"https://api.github.com/users/Thuva4/events{/privacy}\",\n\"received_events_url\": \"https://api.github.com/users/Thuva4/received_events\",\n\"type\": \"User\",\n\"site_admin\": false \n},\n\"html_url\": \"https://github.com/Thuva4/Tank-Game\",\n\"description\": \"Tank game build in java\",\n\"fork\": false,\n\"url\": \"https://api.github.com/repos/Thuva4/Tank-Game\",\n\"forks_url\": \"https://api.github.com/repos/Thuva4/Tank-Game/forks\",\n\"keys_url\": \"https://api.github.com/repos/Thuva4/Tank-Game/keys{/key_id}\",\n\"collaborators_url\": \"https://api.github.com/repos/Thuva4/Tank-Game/collaborators{/collaborator}\",\n\"teams_url\": \"https://api.github.com/repos/Thuva4/Tank-Game/teams\",\n\"hooks_url\": \"https://api.github.com/repos/Thuva4/Tank-Game/hooks\",\n\"issue_events_url\": \"https://api.github.com/repos/Thuva4/Tank-Game/issues/events{/number}\",\n\"events_url\": \"https://api.github.com/repos/Thuva4/Tank-Game/events\",\n\"assignees_url\": \"https://api.github.com/repos/Thuva4/Tank-Game/assignees{/user}\",\n\"branches_url\": \"https://api.github.com/repos/Thuva4/Tank-Game/branches{/branch}\",\n\"tags_url\": \"https://api.github.com/repos/Thuva4/Tank-Game/tags\",\n\"blobs_url\": \"https://api.github.com/repos/Thuva4/Tank-Game/git/blobs{/sha}\",\n\"git_tags_url\": \"https://api.github.com/repos/Thuva4/Tank-Game/git/tags{/sha}\",\n\"git_refs_url\": \"https://api.github.com/repos/Thuva4/Tank-Game/git/refs{/sha}\",\n\"trees_url\": \"https://api.github.com/repos/Thuva4/Tank-Game/git/trees{/sha}\",\n\"statuses_url\": \"https://api.github.com/repos/Thuva4/Tank-Game/statuses/{sha}\",\n\"languages_url\": \"https://api.github.com/repos/Thuva4/Tank-Game/languages\",\n\"stargazers_url\": \"https://api.github.com/repos/Thuva4/Tank-Game/stargazers\",\n\"contributors_url\": \"https://api.github.com/repos/Thuva4/Tank-Game/contributors\",\n\"subscribers_url\": \"https://api.github.com/repos/Thuva4/Tank-Game/subscribers\",\n\"subscription_url\": \"https://api.github.com/repos/Thuva4/Tank-Game/subscription\",\n\"commits_url\": \"https://api.github.com/repos/Thuva4/Tank-Game/commits{/sha}\",\n\"git_commits_url\": \"https://api.github.com/repos/Thuva4/Tank-Game/git/commits{/sha}\",\n\"comments_url\": \"https://api.github.com/repos/Thuva4/Tank-Game/comments{/number}\",\n\"issue_comment_url\": \"https://api.github.com/repos/Thuva4/Tank-Game/issues/comments{/number}\",\n\"contents_url\": \"https://api.github.com/repos/Thuva4/Tank-Game/contents/{+path}\",\n\"compare_url\": \"https://api.github.com/repos/Thuva4/Tank-Game/compare/{base}...{head}\",\n\"merges_url\": \"https://api.github.com/repos/Thuva4/Tank-Game/merges\",\n\"archive_url\": \"https://api.github.com/repos/Thuva4/Tank-Game/{archive_format}{/ref}\",\n\"downloads_url\": \"https://api.github.com/repos/Thuva4/Tank-Game/downloads\",\n\"issues_url\": \"https://api.github.com/repos/Thuva4/Tank-Game/issues{/number}\",\n\"pulls_url\": \"https://api.github.com/repos/Thuva4/Tank-Game/pulls{/number}\",\n\"milestones_url\": \"https://api.github.com/repos/Thuva4/Tank-Game/milestones{/number}\",\n\"notifications_url\": \"https://api.github.com/repos/Thuva4/Tank-Game/notifications{?since,all,participating}\",\n\"labels_url\": \"https://api.github.com/repos/Thuva4/Tank-Game/labels{/name}\",\n\"releases_url\": \"https://api.github.com/repos/Thuva4/Tank-Game/releases{/id}\",\n\"deployments_url\": \"https://api.github.com/repos/Thuva4/Tank-Game/deployments\",\n\"created_at\": \"2017-01-30T09:44:05Z\",\n\"updated_at\": \"2017-01-30T09:47:58Z\",\n\"pushed_at\": \"2017-01-30T09:47:57Z\",\n\"git_url\": \"git://github.com/Thuva4/Tank-Game.git\",\n\"ssh_url\": \"git@github.com:Thuva4/Tank-Game.git\",\n\"clone_url\": \"https://github.com/Thuva4/Tank-Game.git\",\n\"svn_url\": \"https://github.com/Thuva4/Tank-Game\",\n\"homepage\": null,\n\"size\": 2691,\n\"stargazers_count\": 0,\n\"watchers_count\": 0,\n\"language\": \"Java\",\n\"has_issues\": true,\n\"has_projects\": true,\n\"has_downloads\": true,\n\"has_wiki\": true,\n\"has_pages\": false,\n\"forks_count\": 0,\n\"mirror_url\": null,\n\"archived\": false,\n\"disabled\": false,\n\"open_issues_count\": 0,\n\"license\": null,\n\"forks\": 0,\n\"open_issues\": 0,\n\"watchers\": 0,\n\"default_branch\": \"master\",\n\"permissions\": {\n \"admin\": false,\n\"push\": false,\n\"pull\": true \n} \n} \n]"]
