["[\n {\n \"id\": 86246681,\n\"node_id\": \"MDEwOlJlcG9zaXRvcnk4NjI0NjY4MQ==\",\n\"name\": \"react_recipeapp\",\n\"full_name\": \"Thuva4/react_recipeapp\",\n\"private\": false,\n\"owner\": {\n \"login\": \"Thuva4\",\n\"id\": 17289840,\n\"node_id\": \"MDQ6VXNlcjE3Mjg5ODQw\",\n\"avatar_url\": \"https://avatars3.githubusercontent.com/u/17289840?v=4\",\n\"gravatar_id\": \"\",\n\"url\": \"https://api.github.com/users/Thuva4\",\n\"html_url\": \"https://github.com/Thuva4\",\n\"followers_url\": \"https://api.github.com/users/Thuva4/followers\",\n\"following_url\": \"https://api.github.com/users/Thuva4/following{/other_user}\",\n\"gists_url\": \"https://api.github.com/users/Thuva4/gists{/gist_id}\",\n\"starred_url\": \"https://api.github.com/users/Thuva4/starred{/owner}{/repo}\",\n\"subscriptions_url\": \"https://api.github.com/users/Thuva4/subscriptions\",\n\"organizations_url\": \"https://api.github.com/users/Thuva4/orgs\",\n\"repos_url\": \"https://api.github.com/users/Thuva4/repos\",\n\"events_url\": \"https://api.github.com/users/Thuva4/events{/privacy}\",\n\"received_events_url\": \"https://api.github.com/users/Thuva4/received_events\",\n\"type\": \"User\",\n\"site_admin\": false \n},\n\"html_url\": \"https://github.com/Thuva4/react_recipeapp\",\n\"description\": \"A simple Recipe search react application\",\n\"fork\": false,\n\"url\": \"https://api.github.com/repos/Thuva4/react_recipeapp\",\n\"forks_url\": \"https://api.github.com/repos/Thuva4/react_recipeapp/forks\",\n\"keys_url\": \"https://api.github.com/repos/Thuva4/react_recipeapp/keys{/key_id}\",\n\"collaborators_url\": \"https://api.github.com/repos/Thuva4/react_recipeapp/collaborators{/collaborator}\",\n\"teams_url\": \"https://api.github.com/repos/Thuva4/react_recipeapp/teams\",\n\"hooks_url\": \"https://api.github.com/repos/Thuva4/react_recipeapp/hooks\",\n\"issue_events_url\": \"https://api.github.com/repos/Thuva4/react_recipeapp/issues/events{/number}\",\n\"events_url\": \"https://api.github.com/repos/Thuva4/react_recipeapp/events\",\n\"assignees_url\": \"https://api.github.com/repos/Thuva4/react_recipeapp/assignees{/user}\",\n\"branches_url\": \"https://api.github.com/repos/Thuva4/react_recipeapp/branches{/branch}\",\n\"tags_url\": \"https://api.github.com/repos/Thuva4/react_recipeapp/tags\",\n\"blobs_url\": \"https://api.github.com/repos/Thuva4/react_recipeapp/git/blobs{/sha}\",\n\"git_tags_url\": \"https://api.github.com/repos/Thuva4/react_recipeapp/git/tags{/sha}\",\n\"git_refs_url\": \"https://api.github.com/repos/Thuva4/react_recipeapp/git/refs{/sha}\",\n\"trees_url\": \"https://api.github.com/repos/Thuva4/react_recipeapp/git/trees{/sha}\",\n\"statuses_url\": \"https://api.github.com/repos/Thuva4/react_recipeapp/statuses/{sha}\",\n\"languages_url\": \"https://api.github.com/repos/Thuva4/react_recipeapp/languages\",\n\"stargazers_url\": \"https://api.github.com/repos/Thuva4/react_recipeapp/stargazers\",\n\"contributors_url\": \"https://api.github.com/repos/Thuva4/react_recipeapp/contributors\",\n\"subscribers_url\": \"https://api.github.com/repos/Thuva4/react_recipeapp/subscribers\",\n\"subscription_url\": \"https://api.github.com/repos/Thuva4/react_recipeapp/subscription\",\n\"commits_url\": \"https://api.github.com/repos/Thuva4/react_recipeapp/commits{/sha}\",\n\"git_commits_url\": \"https://api.github.com/repos/Thuva4/react_recipeapp/git/commits{/sha}\",\n\"comments_url\": \"https://api.github.com/repos/Thuva4/react_recipeapp/comments{/number}\",\n\"issue_comment_url\": \"https://api.github.com/repos/Thuva4/react_recipeapp/issues/comments{/number}\",\n\"contents_url\": \"https://api.github.com/repos/Thuva4/react_recipeapp/contents/{+path}\",\n\"compare_url\": \"https://api.github.com/repos/Thuva4/react_recipeapp/compare/{base}...{head}\",\n\"merges_url\": \"https://api.github.com/repos/Thuva4/react_recipeapp/merges\",\n\"archive_url\": \"https://api.github.com/repos/Thuva4/react_recipeapp/{archive_format}{/ref}\",\n\"downloads_url\": \"https://api.github.com/repos/Thuva4/react_recipeapp/downloads\",\n\"issues_url\": \"https://api.github.com/repos/Thuva4/react_recipeapp/issues{/number}\",\n\"pulls_url\": \"https://api.github.com/repos/Thuva4/react_recipeapp/pulls{/number}\",\n\"milestones_url\": \"https://api.github.com/repos/Thuva4/react_recipeapp/milestones{/number}\",\n\"notifications_url\": \"https://api.github.com/repos/Thuva4/react_recipeapp/notifications{?since,all,participating}\",\n\"labels_url\": \"https://api.github.com/repos/Thuva4/react_recipeapp/labels{/name}\",\n\"releases_url\": \"https://api.github.com/repos/Thuva4/react_recipeapp/releases{/id}\",\n\"deployments_url\": \"https://api.github.com/repos/Thuva4/react_recipeapp/deployments\",\n\"created_at\": \"2017-03-26T16:20:13Z\",\n\"updated_at\": \"2017-03-26T16:29:14Z\",\n\"pushed_at\": \"2017-03-30T14:07:39Z\",\n\"git_url\": \"git://github.com/Thuva4/react_recipeapp.git\",\n\"ssh_url\": \"git@github.com:Thuva4/react_recipeapp.git\",\n\"clone_url\": \"https://github.com/Thuva4/react_recipeapp.git\",\n\"svn_url\": \"https://github.com/Thuva4/react_recipeapp\",\n\"homepage\": \"\",\n\"size\": 302,\n\"stargazers_count\": 0,\n\"watchers_count\": 0,\n\"language\": \"JavaScript\",\n\"has_issues\": true,\n\"has_projects\": true,\n\"has_downloads\": true,\n\"has_wiki\": true,\n\"has_pages\": false,\n\"forks_count\": 0,\n\"mirror_url\": null,\n\"archived\": false,\n\"disabled\": false,\n\"open_issues_count\": 0,\n\"license\": null,\n\"forks\": 0,\n\"open_issues\": 0,\n\"watchers\": 0,\n\"default_branch\": \"master\",\n\"permissions\": {\n \"admin\": false,\n\"push\": false,\n\"pull\": true \n} \n} \n]"]
