["[\n {\n \"id\": 177992458,\n\"node_id\": \"MDEwOlJlcG9zaXRvcnkxNzc5OTI0NTg=\",\n\"name\": \"aws-dashboard\",\n\"full_name\": \"Thuva4/aws-dashboard\",\n\"private\": false,\n\"owner\": {\n \"login\": \"Thuva4\",\n\"id\": 17289840,\n\"node_id\": \"MDQ6VXNlcjE3Mjg5ODQw\",\n\"avatar_url\": \"https://avatars3.githubusercontent.com/u/17289840?v=4\",\n\"gravatar_id\": \"\",\n\"url\": \"https://api.github.com/users/Thuva4\",\n\"html_url\": \"https://github.com/Thuva4\",\n\"followers_url\": \"https://api.github.com/users/Thuva4/followers\",\n\"following_url\": \"https://api.github.com/users/Thuva4/following{/other_user}\",\n\"gists_url\": \"https://api.github.com/users/Thuva4/gists{/gist_id}\",\n\"starred_url\": \"https://api.github.com/users/Thuva4/starred{/owner}{/repo}\",\n\"subscriptions_url\": \"https://api.github.com/users/Thuva4/subscriptions\",\n\"organizations_url\": \"https://api.github.com/users/Thuva4/orgs\",\n\"repos_url\": \"https://api.github.com/users/Thuva4/repos\",\n\"events_url\": \"https://api.github.com/users/Thuva4/events{/privacy}\",\n\"received_events_url\": \"https://api.github.com/users/Thuva4/received_events\",\n\"type\": \"User\",\n\"site_admin\": false \n},\n\"html_url\": \"https://github.com/Thuva4/aws-dashboard\",\n\"description\": null,\n\"fork\": false,\n\"url\": \"https://api.github.com/repos/Thuva4/aws-dashboard\",\n\"forks_url\": \"https://api.github.com/repos/Thuva4/aws-dashboard/forks\",\n\"keys_url\": \"https://api.github.com/repos/Thuva4/aws-dashboard/keys{/key_id}\",\n\"collaborators_url\": \"https://api.github.com/repos/Thuva4/aws-dashboard/collaborators{/collaborator}\",\n\"teams_url\": \"https://api.github.com/repos/Thuva4/aws-dashboard/teams\",\n\"hooks_url\": \"https://api.github.com/repos/Thuva4/aws-dashboard/hooks\",\n\"issue_events_url\": \"https://api.github.com/repos/Thuva4/aws-dashboard/issues/events{/number}\",\n\"events_url\": \"https://api.github.com/repos/Thuva4/aws-dashboard/events\",\n\"assignees_url\": \"https://api.github.com/repos/Thuva4/aws-dashboard/assignees{/user}\",\n\"branches_url\": \"https://api.github.com/repos/Thuva4/aws-dashboard/branches{/branch}\",\n\"tags_url\": \"https://api.github.com/repos/Thuva4/aws-dashboard/tags\",\n\"blobs_url\": \"https://api.github.com/repos/Thuva4/aws-dashboard/git/blobs{/sha}\",\n\"git_tags_url\": \"https://api.github.com/repos/Thuva4/aws-dashboard/git/tags{/sha}\",\n\"git_refs_url\": \"https://api.github.com/repos/Thuva4/aws-dashboard/git/refs{/sha}\",\n\"trees_url\": \"https://api.github.com/repos/Thuva4/aws-dashboard/git/trees{/sha}\",\n\"statuses_url\": \"https://api.github.com/repos/Thuva4/aws-dashboard/statuses/{sha}\",\n\"languages_url\": \"https://api.github.com/repos/Thuva4/aws-dashboard/languages\",\n\"stargazers_url\": \"https://api.github.com/repos/Thuva4/aws-dashboard/stargazers\",\n\"contributors_url\": \"https://api.github.com/repos/Thuva4/aws-dashboard/contributors\",\n\"subscribers_url\": \"https://api.github.com/repos/Thuva4/aws-dashboard/subscribers\",\n\"subscription_url\": \"https://api.github.com/repos/Thuva4/aws-dashboard/subscription\",\n\"commits_url\": \"https://api.github.com/repos/Thuva4/aws-dashboard/commits{/sha}\",\n\"git_commits_url\": \"https://api.github.com/repos/Thuva4/aws-dashboard/git/commits{/sha}\",\n\"comments_url\": \"https://api.github.com/repos/Thuva4/aws-dashboard/comments{/number}\",\n\"issue_comment_url\": \"https://api.github.com/repos/Thuva4/aws-dashboard/issues/comments{/number}\",\n\"contents_url\": \"https://api.github.com/repos/Thuva4/aws-dashboard/contents/{+path}\",\n\"compare_url\": \"https://api.github.com/repos/Thuva4/aws-dashboard/compare/{base}...{head}\",\n\"merges_url\": \"https://api.github.com/repos/Thuva4/aws-dashboard/merges\",\n\"archive_url\": \"https://api.github.com/repos/Thuva4/aws-dashboard/{archive_format}{/ref}\",\n\"downloads_url\": \"https://api.github.com/repos/Thuva4/aws-dashboard/downloads\",\n\"issues_url\": \"https://api.github.com/repos/Thuva4/aws-dashboard/issues{/number}\",\n\"pulls_url\": \"https://api.github.com/repos/Thuva4/aws-dashboard/pulls{/number}\",\n\"milestones_url\": \"https://api.github.com/repos/Thuva4/aws-dashboard/milestones{/number}\",\n\"notifications_url\": \"https://api.github.com/repos/Thuva4/aws-dashboard/notifications{?since,all,participating}\",\n\"labels_url\": \"https://api.github.com/repos/Thuva4/aws-dashboard/labels{/name}\",\n\"releases_url\": \"https://api.github.com/repos/Thuva4/aws-dashboard/releases{/id}\",\n\"deployments_url\": \"https://api.github.com/repos/Thuva4/aws-dashboard/deployments\",\n\"created_at\": \"2019-03-27T12:42:35Z\",\n\"updated_at\": \"2019-04-04T11:51:39Z\",\n\"pushed_at\": \"2019-04-04T11:51:38Z\",\n\"git_url\": \"git://github.com/Thuva4/aws-dashboard.git\",\n\"ssh_url\": \"git@github.com:Thuva4/aws-dashboard.git\",\n\"clone_url\": \"https://github.com/Thuva4/aws-dashboard.git\",\n\"svn_url\": \"https://github.com/Thuva4/aws-dashboard\",\n\"homepage\": null,\n\"size\": 169,\n\"stargazers_count\": 0,\n\"watchers_count\": 0,\n\"language\": \"JavaScript\",\n\"has_issues\": true,\n\"has_projects\": true,\n\"has_downloads\": true,\n\"has_wiki\": true,\n\"has_pages\": false,\n\"forks_count\": 0,\n\"mirror_url\": null,\n\"archived\": false,\n\"disabled\": false,\n\"open_issues_count\": 0,\n\"license\": null,\n\"forks\": 0,\n\"open_issues\": 0,\n\"watchers\": 0,\n\"default_branch\": \"master\",\n\"permissions\": {\n \"admin\": false,\n\"push\": false,\n\"pull\": true \n} \n} \n]"]
