["[\n {\n \"id\": 108401905,\n\"node_id\": \"MDEwOlJlcG9zaXRvcnkxMDg0MDE5MDU=\",\n\"name\": \"unittest\",\n\"full_name\": \"Thuva4/unittest\",\n\"private\": false,\n\"owner\": {\n \"login\": \"Thuva4\",\n\"id\": 17289840,\n\"node_id\": \"MDQ6VXNlcjE3Mjg5ODQw\",\n\"avatar_url\": \"https://avatars3.githubusercontent.com/u/17289840?v=4\",\n\"gravatar_id\": \"\",\n\"url\": \"https://api.github.com/users/Thuva4\",\n\"html_url\": \"https://github.com/Thuva4\",\n\"followers_url\": \"https://api.github.com/users/Thuva4/followers\",\n\"following_url\": \"https://api.github.com/users/Thuva4/following{/other_user}\",\n\"gists_url\": \"https://api.github.com/users/Thuva4/gists{/gist_id}\",\n\"starred_url\": \"https://api.github.com/users/Thuva4/starred{/owner}{/repo}\",\n\"subscriptions_url\": \"https://api.github.com/users/Thuva4/subscriptions\",\n\"organizations_url\": \"https://api.github.com/users/Thuva4/orgs\",\n\"repos_url\": \"https://api.github.com/users/Thuva4/repos\",\n\"events_url\": \"https://api.github.com/users/Thuva4/events{/privacy}\",\n\"received_events_url\": \"https://api.github.com/users/Thuva4/received_events\",\n\"type\": \"User\",\n\"site_admin\": false \n},\n\"html_url\": \"https://github.com/Thuva4/unittest\",\n\"description\": null,\n\"fork\": false,\n\"url\": \"https://api.github.com/repos/Thuva4/unittest\",\n\"forks_url\": \"https://api.github.com/repos/Thuva4/unittest/forks\",\n\"keys_url\": \"https://api.github.com/repos/Thuva4/unittest/keys{/key_id}\",\n\"collaborators_url\": \"https://api.github.com/repos/Thuva4/unittest/collaborators{/collaborator}\",\n\"teams_url\": \"https://api.github.com/repos/Thuva4/unittest/teams\",\n\"hooks_url\": \"https://api.github.com/repos/Thuva4/unittest/hooks\",\n\"issue_events_url\": \"https://api.github.com/repos/Thuva4/unittest/issues/events{/number}\",\n\"events_url\": \"https://api.github.com/repos/Thuva4/unittest/events\",\n\"assignees_url\": \"https://api.github.com/repos/Thuva4/unittest/assignees{/user}\",\n\"branches_url\": \"https://api.github.com/repos/Thuva4/unittest/branches{/branch}\",\n\"tags_url\": \"https://api.github.com/repos/Thuva4/unittest/tags\",\n\"blobs_url\": \"https://api.github.com/repos/Thuva4/unittest/git/blobs{/sha}\",\n\"git_tags_url\": \"https://api.github.com/repos/Thuva4/unittest/git/tags{/sha}\",\n\"git_refs_url\": \"https://api.github.com/repos/Thuva4/unittest/git/refs{/sha}\",\n\"trees_url\": \"https://api.github.com/repos/Thuva4/unittest/git/trees{/sha}\",\n\"statuses_url\": \"https://api.github.com/repos/Thuva4/unittest/statuses/{sha}\",\n\"languages_url\": \"https://api.github.com/repos/Thuva4/unittest/languages\",\n\"stargazers_url\": \"https://api.github.com/repos/Thuva4/unittest/stargazers\",\n\"contributors_url\": \"https://api.github.com/repos/Thuva4/unittest/contributors\",\n\"subscribers_url\": \"https://api.github.com/repos/Thuva4/unittest/subscribers\",\n\"subscription_url\": \"https://api.github.com/repos/Thuva4/unittest/subscription\",\n\"commits_url\": \"https://api.github.com/repos/Thuva4/unittest/commits{/sha}\",\n\"git_commits_url\": \"https://api.github.com/repos/Thuva4/unittest/git/commits{/sha}\",\n\"comments_url\": \"https://api.github.com/repos/Thuva4/unittest/comments{/number}\",\n\"issue_comment_url\": \"https://api.github.com/repos/Thuva4/unittest/issues/comments{/number}\",\n\"contents_url\": \"https://api.github.com/repos/Thuva4/unittest/contents/{+path}\",\n\"compare_url\": \"https://api.github.com/repos/Thuva4/unittest/compare/{base}...{head}\",\n\"merges_url\": \"https://api.github.com/repos/Thuva4/unittest/merges\",\n\"archive_url\": \"https://api.github.com/repos/Thuva4/unittest/{archive_format}{/ref}\",\n\"downloads_url\": \"https://api.github.com/repos/Thuva4/unittest/downloads\",\n\"issues_url\": \"https://api.github.com/repos/Thuva4/unittest/issues{/number}\",\n\"pulls_url\": \"https://api.github.com/repos/Thuva4/unittest/pulls{/number}\",\n\"milestones_url\": \"https://api.github.com/repos/Thuva4/unittest/milestones{/number}\",\n\"notifications_url\": \"https://api.github.com/repos/Thuva4/unittest/notifications{?since,all,participating}\",\n\"labels_url\": \"https://api.github.com/repos/Thuva4/unittest/labels{/name}\",\n\"releases_url\": \"https://api.github.com/repos/Thuva4/unittest/releases{/id}\",\n\"deployments_url\": \"https://api.github.com/repos/Thuva4/unittest/deployments\",\n\"created_at\": \"2017-10-26T11:23:15Z\",\n\"updated_at\": \"2017-10-26T11:23:15Z\",\n\"pushed_at\": \"2017-10-26T11:23:15Z\",\n\"git_url\": \"git://github.com/Thuva4/unittest.git\",\n\"ssh_url\": \"git@github.com:Thuva4/unittest.git\",\n\"clone_url\": \"https://github.com/Thuva4/unittest.git\",\n\"svn_url\": \"https://github.com/Thuva4/unittest\",\n\"homepage\": null,\n\"size\": 0,\n\"stargazers_count\": 0,\n\"watchers_count\": 0,\n\"language\": null,\n\"has_issues\": true,\n\"has_projects\": true,\n\"has_downloads\": true,\n\"has_wiki\": true,\n\"has_pages\": false,\n\"forks_count\": 0,\n\"mirror_url\": null,\n\"archived\": false,\n\"disabled\": false,\n\"open_issues_count\": 0,\n\"license\": null,\n\"forks\": 0,\n\"open_issues\": 0,\n\"watchers\": 0,\n\"default_branch\": \"master\",\n\"permissions\": {\n \"admin\": false,\n\"push\": false,\n\"pull\": true \n} \n} \n]"]
