["[\n {\n \"id\": 81930169,\n\"node_id\": \"MDEwOlJlcG9zaXRvcnk4MTkzMDE2OQ==\",\n\"name\": \"twitter_api_example\",\n\"full_name\": \"Thuva4/twitter_api_example\",\n\"private\": false,\n\"owner\": {\n \"login\": \"Thuva4\",\n\"id\": 17289840,\n\"node_id\": \"MDQ6VXNlcjE3Mjg5ODQw\",\n\"avatar_url\": \"https://avatars3.githubusercontent.com/u/17289840?v=4\",\n\"gravatar_id\": \"\",\n\"url\": \"https://api.github.com/users/Thuva4\",\n\"html_url\": \"https://github.com/Thuva4\",\n\"followers_url\": \"https://api.github.com/users/Thuva4/followers\",\n\"following_url\": \"https://api.github.com/users/Thuva4/following{/other_user}\",\n\"gists_url\": \"https://api.github.com/users/Thuva4/gists{/gist_id}\",\n\"starred_url\": \"https://api.github.com/users/Thuva4/starred{/owner}{/repo}\",\n\"subscriptions_url\": \"https://api.github.com/users/Thuva4/subscriptions\",\n\"organizations_url\": \"https://api.github.com/users/Thuva4/orgs\",\n\"repos_url\": \"https://api.github.com/users/Thuva4/repos\",\n\"events_url\": \"https://api.github.com/users/Thuva4/events{/privacy}\",\n\"received_events_url\": \"https://api.github.com/users/Thuva4/received_events\",\n\"type\": \"User\",\n\"site_admin\": false \n},\n\"html_url\": \"https://github.com/Thuva4/twitter_api_example\",\n\"description\": \"Simple example for using twitter api in a node js app\",\n\"fork\": false,\n\"url\": \"https://api.github.com/repos/Thuva4/twitter_api_example\",\n\"forks_url\": \"https://api.github.com/repos/Thuva4/twitter_api_example/forks\",\n\"keys_url\": \"https://api.github.com/repos/Thuva4/twitter_api_example/keys{/key_id}\",\n\"collaborators_url\": \"https://api.github.com/repos/Thuva4/twitter_api_example/collaborators{/collaborator}\",\n\"teams_url\": \"https://api.github.com/repos/Thuva4/twitter_api_example/teams\",\n\"hooks_url\": \"https://api.github.com/repos/Thuva4/twitter_api_example/hooks\",\n\"issue_events_url\": \"https://api.github.com/repos/Thuva4/twitter_api_example/issues/events{/number}\",\n\"events_url\": \"https://api.github.com/repos/Thuva4/twitter_api_example/events\",\n\"assignees_url\": \"https://api.github.com/repos/Thuva4/twitter_api_example/assignees{/user}\",\n\"branches_url\": \"https://api.github.com/repos/Thuva4/twitter_api_example/branches{/branch}\",\n\"tags_url\": \"https://api.github.com/repos/Thuva4/twitter_api_example/tags\",\n\"blobs_url\": \"https://api.github.com/repos/Thuva4/twitter_api_example/git/blobs{/sha}\",\n\"git_tags_url\": \"https://api.github.com/repos/Thuva4/twitter_api_example/git/tags{/sha}\",\n\"git_refs_url\": \"https://api.github.com/repos/Thuva4/twitter_api_example/git/refs{/sha}\",\n\"trees_url\": \"https://api.github.com/repos/Thuva4/twitter_api_example/git/trees{/sha}\",\n\"statuses_url\": \"https://api.github.com/repos/Thuva4/twitter_api_example/statuses/{sha}\",\n\"languages_url\": \"https://api.github.com/repos/Thuva4/twitter_api_example/languages\",\n\"stargazers_url\": \"https://api.github.com/repos/Thuva4/twitter_api_example/stargazers\",\n\"contributors_url\": \"https://api.github.com/repos/Thuva4/twitter_api_example/contributors\",\n\"subscribers_url\": \"https://api.github.com/repos/Thuva4/twitter_api_example/subscribers\",\n\"subscription_url\": \"https://api.github.com/repos/Thuva4/twitter_api_example/subscription\",\n\"commits_url\": \"https://api.github.com/repos/Thuva4/twitter_api_example/commits{/sha}\",\n\"git_commits_url\": \"https://api.github.com/repos/Thuva4/twitter_api_example/git/commits{/sha}\",\n\"comments_url\": \"https://api.github.com/repos/Thuva4/twitter_api_example/comments{/number}\",\n\"issue_comment_url\": \"https://api.github.com/repos/Thuva4/twitter_api_example/issues/comments{/number}\",\n\"contents_url\": \"https://api.github.com/repos/Thuva4/twitter_api_example/contents/{+path}\",\n\"compare_url\": \"https://api.github.com/repos/Thuva4/twitter_api_example/compare/{base}...{head}\",\n\"merges_url\": \"https://api.github.com/repos/Thuva4/twitter_api_example/merges\",\n\"archive_url\": \"https://api.github.com/repos/Thuva4/twitter_api_example/{archive_format}{/ref}\",\n\"downloads_url\": \"https://api.github.com/repos/Thuva4/twitter_api_example/downloads\",\n\"issues_url\": \"https://api.github.com/repos/Thuva4/twitter_api_example/issues{/number}\",\n\"pulls_url\": \"https://api.github.com/repos/Thuva4/twitter_api_example/pulls{/number}\",\n\"milestones_url\": \"https://api.github.com/repos/Thuva4/twitter_api_example/milestones{/number}\",\n\"notifications_url\": \"https://api.github.com/repos/Thuva4/twitter_api_example/notifications{?since,all,participating}\",\n\"labels_url\": \"https://api.github.com/repos/Thuva4/twitter_api_example/labels{/name}\",\n\"releases_url\": \"https://api.github.com/repos/Thuva4/twitter_api_example/releases{/id}\",\n\"deployments_url\": \"https://api.github.com/repos/Thuva4/twitter_api_example/deployments\",\n\"created_at\": \"2017-02-14T09:46:58Z\",\n\"updated_at\": \"2017-02-14T09:51:43Z\",\n\"pushed_at\": \"2017-02-14T12:39:31Z\",\n\"git_url\": \"git://github.com/Thuva4/twitter_api_example.git\",\n\"ssh_url\": \"git@github.com:Thuva4/twitter_api_example.git\",\n\"clone_url\": \"https://github.com/Thuva4/twitter_api_example.git\",\n\"svn_url\": \"https://github.com/Thuva4/twitter_api_example\",\n\"homepage\": null,\n\"size\": 1525,\n\"stargazers_count\": 0,\n\"watchers_count\": 0,\n\"language\": \"JavaScript\",\n\"has_issues\": true,\n\"has_projects\": true,\n\"has_downloads\": true,\n\"has_wiki\": true,\n\"has_pages\": false,\n\"forks_count\": 1,\n\"mirror_url\": null,\n\"archived\": false,\n\"disabled\": false,\n\"open_issues_count\": 0,\n\"license\": null,\n\"forks\": 1,\n\"open_issues\": 0,\n\"watchers\": 0,\n\"default_branch\": \"master\",\n\"permissions\": {\n \"admin\": false,\n\"push\": false,\n\"pull\": true \n} \n} \n]"]
