["[\n {\n \"id\": 107252179,\n\"node_id\": \"MDEwOlJlcG9zaXRvcnkxMDcyNTIxNzk=\",\n\"name\": \"hello-worlds\",\n\"full_name\": \"Thuva4/hello-worlds\",\n\"private\": false,\n\"owner\": {\n \"login\": \"Thuva4\",\n\"id\": 17289840,\n\"node_id\": \"MDQ6VXNlcjE3Mjg5ODQw\",\n\"avatar_url\": \"https://avatars3.githubusercontent.com/u/17289840?v=4\",\n\"gravatar_id\": \"\",\n\"url\": \"https://api.github.com/users/Thuva4\",\n\"html_url\": \"https://github.com/Thuva4\",\n\"followers_url\": \"https://api.github.com/users/Thuva4/followers\",\n\"following_url\": \"https://api.github.com/users/Thuva4/following{/other_user}\",\n\"gists_url\": \"https://api.github.com/users/Thuva4/gists{/gist_id}\",\n\"starred_url\": \"https://api.github.com/users/Thuva4/starred{/owner}{/repo}\",\n\"subscriptions_url\": \"https://api.github.com/users/Thuva4/subscriptions\",\n\"organizations_url\": \"https://api.github.com/users/Thuva4/orgs\",\n\"repos_url\": \"https://api.github.com/users/Thuva4/repos\",\n\"events_url\": \"https://api.github.com/users/Thuva4/events{/privacy}\",\n\"received_events_url\": \"https://api.github.com/users/Thuva4/received_events\",\n\"type\": \"User\",\n\"site_admin\": false \n},\n\"html_url\": \"https://github.com/Thuva4/hello-worlds\",\n\"description\": \"Yet another collection of Hello World programs\",\n\"fork\": true,\n\"url\": \"https://api.github.com/repos/Thuva4/hello-worlds\",\n\"forks_url\": \"https://api.github.com/repos/Thuva4/hello-worlds/forks\",\n\"keys_url\": \"https://api.github.com/repos/Thuva4/hello-worlds/keys{/key_id}\",\n\"collaborators_url\": \"https://api.github.com/repos/Thuva4/hello-worlds/collaborators{/collaborator}\",\n\"teams_url\": \"https://api.github.com/repos/Thuva4/hello-worlds/teams\",\n\"hooks_url\": \"https://api.github.com/repos/Thuva4/hello-worlds/hooks\",\n\"issue_events_url\": \"https://api.github.com/repos/Thuva4/hello-worlds/issues/events{/number}\",\n\"events_url\": \"https://api.github.com/repos/Thuva4/hello-worlds/events\",\n\"assignees_url\": \"https://api.github.com/repos/Thuva4/hello-worlds/assignees{/user}\",\n\"branches_url\": \"https://api.github.com/repos/Thuva4/hello-worlds/branches{/branch}\",\n\"tags_url\": \"https://api.github.com/repos/Thuva4/hello-worlds/tags\",\n\"blobs_url\": \"https://api.github.com/repos/Thuva4/hello-worlds/git/blobs{/sha}\",\n\"git_tags_url\": \"https://api.github.com/repos/Thuva4/hello-worlds/git/tags{/sha}\",\n\"git_refs_url\": \"https://api.github.com/repos/Thuva4/hello-worlds/git/refs{/sha}\",\n\"trees_url\": \"https://api.github.com/repos/Thuva4/hello-worlds/git/trees{/sha}\",\n\"statuses_url\": \"https://api.github.com/repos/Thuva4/hello-worlds/statuses/{sha}\",\n\"languages_url\": \"https://api.github.com/repos/Thuva4/hello-worlds/languages\",\n\"stargazers_url\": \"https://api.github.com/repos/Thuva4/hello-worlds/stargazers\",\n\"contributors_url\": \"https://api.github.com/repos/Thuva4/hello-worlds/contributors\",\n\"subscribers_url\": \"https://api.github.com/repos/Thuva4/hello-worlds/subscribers\",\n\"subscription_url\": \"https://api.github.com/repos/Thuva4/hello-worlds/subscription\",\n\"commits_url\": \"https://api.github.com/repos/Thuva4/hello-worlds/commits{/sha}\",\n\"git_commits_url\": \"https://api.github.com/repos/Thuva4/hello-worlds/git/commits{/sha}\",\n\"comments_url\": \"https://api.github.com/repos/Thuva4/hello-worlds/comments{/number}\",\n\"issue_comment_url\": \"https://api.github.com/repos/Thuva4/hello-worlds/issues/comments{/number}\",\n\"contents_url\": \"https://api.github.com/repos/Thuva4/hello-worlds/contents/{+path}\",\n\"compare_url\": \"https://api.github.com/repos/Thuva4/hello-worlds/compare/{base}...{head}\",\n\"merges_url\": \"https://api.github.com/repos/Thuva4/hello-worlds/merges\",\n\"archive_url\": \"https://api.github.com/repos/Thuva4/hello-worlds/{archive_format}{/ref}\",\n\"downloads_url\": \"https://api.github.com/repos/Thuva4/hello-worlds/downloads\",\n\"issues_url\": \"https://api.github.com/repos/Thuva4/hello-worlds/issues{/number}\",\n\"pulls_url\": \"https://api.github.com/repos/Thuva4/hello-worlds/pulls{/number}\",\n\"milestones_url\": \"https://api.github.com/repos/Thuva4/hello-worlds/milestones{/number}\",\n\"notifications_url\": \"https://api.github.com/repos/Thuva4/hello-worlds/notifications{?since,all,participating}\",\n\"labels_url\": \"https://api.github.com/repos/Thuva4/hello-worlds/labels{/name}\",\n\"releases_url\": \"https://api.github.com/repos/Thuva4/hello-worlds/releases{/id}\",\n\"deployments_url\": \"https://api.github.com/repos/Thuva4/hello-worlds/deployments\",\n\"created_at\": \"2017-10-17T10:16:05Z\",\n\"updated_at\": \"2017-10-16T21:17:06Z\",\n\"pushed_at\": \"2017-10-17T10:17:02Z\",\n\"git_url\": \"git://github.com/Thuva4/hello-worlds.git\",\n\"ssh_url\": \"git@github.com:Thuva4/hello-worlds.git\",\n\"clone_url\": \"https://github.com/Thuva4/hello-worlds.git\",\n\"svn_url\": \"https://github.com/Thuva4/hello-worlds\",\n\"homepage\": \"\",\n\"size\": 153,\n\"stargazers_count\": 0,\n\"watchers_count\": 0,\n\"language\": null,\n\"has_issues\": false,\n\"has_projects\": true,\n\"has_downloads\": true,\n\"has_wiki\": false,\n\"has_pages\": false,\n\"forks_count\": 1,\n\"mirror_url\": null,\n\"archived\": false,\n\"disabled\": false,\n\"open_issues_count\": 0,\n\"license\": {\n \"key\": \"unlicense\",\n\"name\": \"The Unlicense\",\n\"spdx_id\": \"Unlicense\",\n\"url\": \"https://api.github.com/licenses/unlicense\",\n\"node_id\": \"MDc6TGljZW5zZTE1\" \n},\n\"forks\": 1,\n\"open_issues\": 0,\n\"watchers\": 0,\n\"default_branch\": \"master\",\n\"permissions\": {\n \"admin\": false,\n\"push\": false,\n\"pull\": true \n} \n} \n]"]
