["[\n {\n \"id\": 86724158,\n\"node_id\": \"MDEwOlJlcG9zaXRvcnk4NjcyNDE1OA==\",\n\"name\": \"news_LOL\",\n\"full_name\": \"Thuva4/news_LOL\",\n\"private\": false,\n\"owner\": {\n \"login\": \"Thuva4\",\n\"id\": 17289840,\n\"node_id\": \"MDQ6VXNlcjE3Mjg5ODQw\",\n\"avatar_url\": \"https://avatars3.githubusercontent.com/u/17289840?v=4\",\n\"gravatar_id\": \"\",\n\"url\": \"https://api.github.com/users/Thuva4\",\n\"html_url\": \"https://github.com/Thuva4\",\n\"followers_url\": \"https://api.github.com/users/Thuva4/followers\",\n\"following_url\": \"https://api.github.com/users/Thuva4/following{/other_user}\",\n\"gists_url\": \"https://api.github.com/users/Thuva4/gists{/gist_id}\",\n\"starred_url\": \"https://api.github.com/users/Thuva4/starred{/owner}{/repo}\",\n\"subscriptions_url\": \"https://api.github.com/users/Thuva4/subscriptions\",\n\"organizations_url\": \"https://api.github.com/users/Thuva4/orgs\",\n\"repos_url\": \"https://api.github.com/users/Thuva4/repos\",\n\"events_url\": \"https://api.github.com/users/Thuva4/events{/privacy}\",\n\"received_events_url\": \"https://api.github.com/users/Thuva4/received_events\",\n\"type\": \"User\",\n\"site_admin\": false \n},\n\"html_url\": \"https://github.com/Thuva4/news_LOL\",\n\"description\": null,\n\"fork\": false,\n\"url\": \"https://api.github.com/repos/Thuva4/news_LOL\",\n\"forks_url\": \"https://api.github.com/repos/Thuva4/news_LOL/forks\",\n\"keys_url\": \"https://api.github.com/repos/Thuva4/news_LOL/keys{/key_id}\",\n\"collaborators_url\": \"https://api.github.com/repos/Thuva4/news_LOL/collaborators{/collaborator}\",\n\"teams_url\": \"https://api.github.com/repos/Thuva4/news_LOL/teams\",\n\"hooks_url\": \"https://api.github.com/repos/Thuva4/news_LOL/hooks\",\n\"issue_events_url\": \"https://api.github.com/repos/Thuva4/news_LOL/issues/events{/number}\",\n\"events_url\": \"https://api.github.com/repos/Thuva4/news_LOL/events\",\n\"assignees_url\": \"https://api.github.com/repos/Thuva4/news_LOL/assignees{/user}\",\n\"branches_url\": \"https://api.github.com/repos/Thuva4/news_LOL/branches{/branch}\",\n\"tags_url\": \"https://api.github.com/repos/Thuva4/news_LOL/tags\",\n\"blobs_url\": \"https://api.github.com/repos/Thuva4/news_LOL/git/blobs{/sha}\",\n\"git_tags_url\": \"https://api.github.com/repos/Thuva4/news_LOL/git/tags{/sha}\",\n\"git_refs_url\": \"https://api.github.com/repos/Thuva4/news_LOL/git/refs{/sha}\",\n\"trees_url\": \"https://api.github.com/repos/Thuva4/news_LOL/git/trees{/sha}\",\n\"statuses_url\": \"https://api.github.com/repos/Thuva4/news_LOL/statuses/{sha}\",\n\"languages_url\": \"https://api.github.com/repos/Thuva4/news_LOL/languages\",\n\"stargazers_url\": \"https://api.github.com/repos/Thuva4/news_LOL/stargazers\",\n\"contributors_url\": \"https://api.github.com/repos/Thuva4/news_LOL/contributors\",\n\"subscribers_url\": \"https://api.github.com/repos/Thuva4/news_LOL/subscribers\",\n\"subscription_url\": \"https://api.github.com/repos/Thuva4/news_LOL/subscription\",\n\"commits_url\": \"https://api.github.com/repos/Thuva4/news_LOL/commits{/sha}\",\n\"git_commits_url\": \"https://api.github.com/repos/Thuva4/news_LOL/git/commits{/sha}\",\n\"comments_url\": \"https://api.github.com/repos/Thuva4/news_LOL/comments{/number}\",\n\"issue_comment_url\": \"https://api.github.com/repos/Thuva4/news_LOL/issues/comments{/number}\",\n\"contents_url\": \"https://api.github.com/repos/Thuva4/news_LOL/contents/{+path}\",\n\"compare_url\": \"https://api.github.com/repos/Thuva4/news_LOL/compare/{base}...{head}\",\n\"merges_url\": \"https://api.github.com/repos/Thuva4/news_LOL/merges\",\n\"archive_url\": \"https://api.github.com/repos/Thuva4/news_LOL/{archive_format}{/ref}\",\n\"downloads_url\": \"https://api.github.com/repos/Thuva4/news_LOL/downloads\",\n\"issues_url\": \"https://api.github.com/repos/Thuva4/news_LOL/issues{/number}\",\n\"pulls_url\": \"https://api.github.com/repos/Thuva4/news_LOL/pulls{/number}\",\n\"milestones_url\": \"https://api.github.com/repos/Thuva4/news_LOL/milestones{/number}\",\n\"notifications_url\": \"https://api.github.com/repos/Thuva4/news_LOL/notifications{?since,all,participating}\",\n\"labels_url\": \"https://api.github.com/repos/Thuva4/news_LOL/labels{/name}\",\n\"releases_url\": \"https://api.github.com/repos/Thuva4/news_LOL/releases{/id}\",\n\"deployments_url\": \"https://api.github.com/repos/Thuva4/news_LOL/deployments\",\n\"created_at\": \"2017-03-30T16:24:51Z\",\n\"updated_at\": \"2017-03-30T16:25:32Z\",\n\"pushed_at\": \"2017-07-27T05:21:54Z\",\n\"git_url\": \"git://github.com/Thuva4/news_LOL.git\",\n\"ssh_url\": \"git@github.com:Thuva4/news_LOL.git\",\n\"clone_url\": \"https://github.com/Thuva4/news_LOL.git\",\n\"svn_url\": \"https://github.com/Thuva4/news_LOL\",\n\"homepage\": null,\n\"size\": 186,\n\"stargazers_count\": 0,\n\"watchers_count\": 0,\n\"language\": \"JavaScript\",\n\"has_issues\": true,\n\"has_projects\": true,\n\"has_downloads\": true,\n\"has_wiki\": true,\n\"has_pages\": false,\n\"forks_count\": 0,\n\"mirror_url\": null,\n\"archived\": false,\n\"disabled\": false,\n\"open_issues_count\": 0,\n\"license\": null,\n\"forks\": 0,\n\"open_issues\": 0,\n\"watchers\": 0,\n\"default_branch\": \"master\",\n\"permissions\": {\n \"admin\": false,\n\"push\": false,\n\"pull\": true \n} \n} \n]"]
