["[\n {\n \"id\": 86262021,\n\"node_id\": \"MDEwOlJlcG9zaXRvcnk4NjI2MjAyMQ==\",\n\"name\": \"Sample-front-end-agora\",\n\"full_name\": \"Thuva4/Sample-front-end-agora\",\n\"private\": false,\n\"owner\": {\n \"login\": \"Thuva4\",\n\"id\": 17289840,\n\"node_id\": \"MDQ6VXNlcjE3Mjg5ODQw\",\n\"avatar_url\": \"https://avatars3.githubusercontent.com/u/17289840?v=4\",\n\"gravatar_id\": \"\",\n\"url\": \"https://api.github.com/users/Thuva4\",\n\"html_url\": \"https://github.com/Thuva4\",\n\"followers_url\": \"https://api.github.com/users/Thuva4/followers\",\n\"following_url\": \"https://api.github.com/users/Thuva4/following{/other_user}\",\n\"gists_url\": \"https://api.github.com/users/Thuva4/gists{/gist_id}\",\n\"starred_url\": \"https://api.github.com/users/Thuva4/starred{/owner}{/repo}\",\n\"subscriptions_url\": \"https://api.github.com/users/Thuva4/subscriptions\",\n\"organizations_url\": \"https://api.github.com/users/Thuva4/orgs\",\n\"repos_url\": \"https://api.github.com/users/Thuva4/repos\",\n\"events_url\": \"https://api.github.com/users/Thuva4/events{/privacy}\",\n\"received_events_url\": \"https://api.github.com/users/Thuva4/received_events\",\n\"type\": \"User\",\n\"site_admin\": false \n},\n\"html_url\": \"https://github.com/Thuva4/Sample-front-end-agora\",\n\"description\": null,\n\"fork\": false,\n\"url\": \"https://api.github.com/repos/Thuva4/Sample-front-end-agora\",\n\"forks_url\": \"https://api.github.com/repos/Thuva4/Sample-front-end-agora/forks\",\n\"keys_url\": \"https://api.github.com/repos/Thuva4/Sample-front-end-agora/keys{/key_id}\",\n\"collaborators_url\": \"https://api.github.com/repos/Thuva4/Sample-front-end-agora/collaborators{/collaborator}\",\n\"teams_url\": \"https://api.github.com/repos/Thuva4/Sample-front-end-agora/teams\",\n\"hooks_url\": \"https://api.github.com/repos/Thuva4/Sample-front-end-agora/hooks\",\n\"issue_events_url\": \"https://api.github.com/repos/Thuva4/Sample-front-end-agora/issues/events{/number}\",\n\"events_url\": \"https://api.github.com/repos/Thuva4/Sample-front-end-agora/events\",\n\"assignees_url\": \"https://api.github.com/repos/Thuva4/Sample-front-end-agora/assignees{/user}\",\n\"branches_url\": \"https://api.github.com/repos/Thuva4/Sample-front-end-agora/branches{/branch}\",\n\"tags_url\": \"https://api.github.com/repos/Thuva4/Sample-front-end-agora/tags\",\n\"blobs_url\": \"https://api.github.com/repos/Thuva4/Sample-front-end-agora/git/blobs{/sha}\",\n\"git_tags_url\": \"https://api.github.com/repos/Thuva4/Sample-front-end-agora/git/tags{/sha}\",\n\"git_refs_url\": \"https://api.github.com/repos/Thuva4/Sample-front-end-agora/git/refs{/sha}\",\n\"trees_url\": \"https://api.github.com/repos/Thuva4/Sample-front-end-agora/git/trees{/sha}\",\n\"statuses_url\": \"https://api.github.com/repos/Thuva4/Sample-front-end-agora/statuses/{sha}\",\n\"languages_url\": \"https://api.github.com/repos/Thuva4/Sample-front-end-agora/languages\",\n\"stargazers_url\": \"https://api.github.com/repos/Thuva4/Sample-front-end-agora/stargazers\",\n\"contributors_url\": \"https://api.github.com/repos/Thuva4/Sample-front-end-agora/contributors\",\n\"subscribers_url\": \"https://api.github.com/repos/Thuva4/Sample-front-end-agora/subscribers\",\n\"subscription_url\": \"https://api.github.com/repos/Thuva4/Sample-front-end-agora/subscription\",\n\"commits_url\": \"https://api.github.com/repos/Thuva4/Sample-front-end-agora/commits{/sha}\",\n\"git_commits_url\": \"https://api.github.com/repos/Thuva4/Sample-front-end-agora/git/commits{/sha}\",\n\"comments_url\": \"https://api.github.com/repos/Thuva4/Sample-front-end-agora/comments{/number}\",\n\"issue_comment_url\": \"https://api.github.com/repos/Thuva4/Sample-front-end-agora/issues/comments{/number}\",\n\"contents_url\": \"https://api.github.com/repos/Thuva4/Sample-front-end-agora/contents/{+path}\",\n\"compare_url\": \"https://api.github.com/repos/Thuva4/Sample-front-end-agora/compare/{base}...{head}\",\n\"merges_url\": \"https://api.github.com/repos/Thuva4/Sample-front-end-agora/merges\",\n\"archive_url\": \"https://api.github.com/repos/Thuva4/Sample-front-end-agora/{archive_format}{/ref}\",\n\"downloads_url\": \"https://api.github.com/repos/Thuva4/Sample-front-end-agora/downloads\",\n\"issues_url\": \"https://api.github.com/repos/Thuva4/Sample-front-end-agora/issues{/number}\",\n\"pulls_url\": \"https://api.github.com/repos/Thuva4/Sample-front-end-agora/pulls{/number}\",\n\"milestones_url\": \"https://api.github.com/repos/Thuva4/Sample-front-end-agora/milestones{/number}\",\n\"notifications_url\": \"https://api.github.com/repos/Thuva4/Sample-front-end-agora/notifications{?since,all,participating}\",\n\"labels_url\": \"https://api.github.com/repos/Thuva4/Sample-front-end-agora/labels{/name}\",\n\"releases_url\": \"https://api.github.com/repos/Thuva4/Sample-front-end-agora/releases{/id}\",\n\"deployments_url\": \"https://api.github.com/repos/Thuva4/Sample-front-end-agora/deployments\",\n\"created_at\": \"2017-03-26T20:16:48Z\",\n\"updated_at\": \"2017-03-29T15:49:50Z\",\n\"pushed_at\": \"2017-04-04T17:49:12Z\",\n\"git_url\": \"git://github.com/Thuva4/Sample-front-end-agora.git\",\n\"ssh_url\": \"git@github.com:Thuva4/Sample-front-end-agora.git\",\n\"clone_url\": \"https://github.com/Thuva4/Sample-front-end-agora.git\",\n\"svn_url\": \"https://github.com/Thuva4/Sample-front-end-agora\",\n\"homepage\": null,\n\"size\": 911,\n\"stargazers_count\": 0,\n\"watchers_count\": 0,\n\"language\": \"HTML\",\n\"has_issues\": true,\n\"has_projects\": true,\n\"has_downloads\": true,\n\"has_wiki\": true,\n\"has_pages\": false,\n\"forks_count\": 0,\n\"mirror_url\": null,\n\"archived\": false,\n\"disabled\": false,\n\"open_issues_count\": 0,\n\"license\": null,\n\"forks\": 0,\n\"open_issues\": 0,\n\"watchers\": 0,\n\"default_branch\": \"master\",\n\"permissions\": {\n \"admin\": false,\n\"push\": false,\n\"pull\": true \n} \n} \n]"]
