["[\n {\n \"id\": 107082781,\n\"node_id\": \"MDEwOlJlcG9zaXRvcnkxMDcwODI3ODE=\",\n\"name\": \"cosmos\",\n\"full_name\": \"Thuva4/cosmos\",\n\"private\": false,\n\"owner\": {\n \"login\": \"Thuva4\",\n\"id\": 17289840,\n\"node_id\": \"MDQ6VXNlcjE3Mjg5ODQw\",\n\"avatar_url\": \"https://avatars3.githubusercontent.com/u/17289840?v=4\",\n\"gravatar_id\": \"\",\n\"url\": \"https://api.github.com/users/Thuva4\",\n\"html_url\": \"https://github.com/Thuva4\",\n\"followers_url\": \"https://api.github.com/users/Thuva4/followers\",\n\"following_url\": \"https://api.github.com/users/Thuva4/following{/other_user}\",\n\"gists_url\": \"https://api.github.com/users/Thuva4/gists{/gist_id}\",\n\"starred_url\": \"https://api.github.com/users/Thuva4/starred{/owner}{/repo}\",\n\"subscriptions_url\": \"https://api.github.com/users/Thuva4/subscriptions\",\n\"organizations_url\": \"https://api.github.com/users/Thuva4/orgs\",\n\"repos_url\": \"https://api.github.com/users/Thuva4/repos\",\n\"events_url\": \"https://api.github.com/users/Thuva4/events{/privacy}\",\n\"received_events_url\": \"https://api.github.com/users/Thuva4/received_events\",\n\"type\": \"User\",\n\"site_admin\": false \n},\n\"html_url\": \"https://github.com/Thuva4/cosmos\",\n\"description\": \" [Show :heart: love by 🌟] Your personal library of every algorithm and data structure code that you will ever encounter\",\n\"fork\": true,\n\"url\": \"https://api.github.com/repos/Thuva4/cosmos\",\n\"forks_url\": \"https://api.github.com/repos/Thuva4/cosmos/forks\",\n\"keys_url\": \"https://api.github.com/repos/Thuva4/cosmos/keys{/key_id}\",\n\"collaborators_url\": \"https://api.github.com/repos/Thuva4/cosmos/collaborators{/collaborator}\",\n\"teams_url\": \"https://api.github.com/repos/Thuva4/cosmos/teams\",\n\"hooks_url\": \"https://api.github.com/repos/Thuva4/cosmos/hooks\",\n\"issue_events_url\": \"https://api.github.com/repos/Thuva4/cosmos/issues/events{/number}\",\n\"events_url\": \"https://api.github.com/repos/Thuva4/cosmos/events\",\n\"assignees_url\": \"https://api.github.com/repos/Thuva4/cosmos/assignees{/user}\",\n\"branches_url\": \"https://api.github.com/repos/Thuva4/cosmos/branches{/branch}\",\n\"tags_url\": \"https://api.github.com/repos/Thuva4/cosmos/tags\",\n\"blobs_url\": \"https://api.github.com/repos/Thuva4/cosmos/git/blobs{/sha}\",\n\"git_tags_url\": \"https://api.github.com/repos/Thuva4/cosmos/git/tags{/sha}\",\n\"git_refs_url\": \"https://api.github.com/repos/Thuva4/cosmos/git/refs{/sha}\",\n\"trees_url\": \"https://api.github.com/repos/Thuva4/cosmos/git/trees{/sha}\",\n\"statuses_url\": \"https://api.github.com/repos/Thuva4/cosmos/statuses/{sha}\",\n\"languages_url\": \"https://api.github.com/repos/Thuva4/cosmos/languages\",\n\"stargazers_url\": \"https://api.github.com/repos/Thuva4/cosmos/stargazers\",\n\"contributors_url\": \"https://api.github.com/repos/Thuva4/cosmos/contributors\",\n\"subscribers_url\": \"https://api.github.com/repos/Thuva4/cosmos/subscribers\",\n\"subscription_url\": \"https://api.github.com/repos/Thuva4/cosmos/subscription\",\n\"commits_url\": \"https://api.github.com/repos/Thuva4/cosmos/commits{/sha}\",\n\"git_commits_url\": \"https://api.github.com/repos/Thuva4/cosmos/git/commits{/sha}\",\n\"comments_url\": \"https://api.github.com/repos/Thuva4/cosmos/comments{/number}\",\n\"issue_comment_url\": \"https://api.github.com/repos/Thuva4/cosmos/issues/comments{/number}\",\n\"contents_url\": \"https://api.github.com/repos/Thuva4/cosmos/contents/{+path}\",\n\"compare_url\": \"https://api.github.com/repos/Thuva4/cosmos/compare/{base}...{head}\",\n\"merges_url\": \"https://api.github.com/repos/Thuva4/cosmos/merges\",\n\"archive_url\": \"https://api.github.com/repos/Thuva4/cosmos/{archive_format}{/ref}\",\n\"downloads_url\": \"https://api.github.com/repos/Thuva4/cosmos/downloads\",\n\"issues_url\": \"https://api.github.com/repos/Thuva4/cosmos/issues{/number}\",\n\"pulls_url\": \"https://api.github.com/repos/Thuva4/cosmos/pulls{/number}\",\n\"milestones_url\": \"https://api.github.com/repos/Thuva4/cosmos/milestones{/number}\",\n\"notifications_url\": \"https://api.github.com/repos/Thuva4/cosmos/notifications{?since,all,participating}\",\n\"labels_url\": \"https://api.github.com/repos/Thuva4/cosmos/labels{/name}\",\n\"releases_url\": \"https://api.github.com/repos/Thuva4/cosmos/releases{/id}\",\n\"deployments_url\": \"https://api.github.com/repos/Thuva4/cosmos/deployments\",\n\"created_at\": \"2017-10-16T05:41:39Z\",\n\"updated_at\": \"2017-10-16T05:41:42Z\",\n\"pushed_at\": \"2017-10-17T04:55:06Z\",\n\"git_url\": \"git://github.com/Thuva4/cosmos.git\",\n\"ssh_url\": \"git@github.com:Thuva4/cosmos.git\",\n\"clone_url\": \"https://github.com/Thuva4/cosmos.git\",\n\"svn_url\": \"https://github.com/Thuva4/cosmos\",\n\"homepage\": \"\",\n\"size\": 7455,\n\"stargazers_count\": 0,\n\"watchers_count\": 0,\n\"language\": \"C++\",\n\"has_issues\": false,\n\"has_projects\": true,\n\"has_downloads\": true,\n\"has_wiki\": true,\n\"has_pages\": false,\n\"forks_count\": 0,\n\"mirror_url\": null,\n\"archived\": false,\n\"disabled\": false,\n\"open_issues_count\": 0,\n\"license\": {\n \"key\": \"gpl-3.0\",\n\"name\": \"GNU General Public License v3.0\",\n\"spdx_id\": \"GPL-3.0\",\n\"url\": \"https://api.github.com/licenses/gpl-3.0\",\n\"node_id\": \"MDc6TGljZW5zZTk=\" \n},\n\"forks\": 0,\n\"open_issues\": 0,\n\"watchers\": 0,\n\"default_branch\": \"master\",\n\"permissions\": {\n \"admin\": false,\n\"push\": false,\n\"pull\": true \n} \n} \n]"]
