["[\n {\n \"id\": 97292909,\n\"node_id\": \"MDEwOlJlcG9zaXRvcnk5NzI5MjkwOQ==\",\n\"name\": \"Resources\",\n\"full_name\": \"Thuva4/Resources\",\n\"private\": false,\n\"owner\": {\n \"login\": \"Thuva4\",\n\"id\": 17289840,\n\"node_id\": \"MDQ6VXNlcjE3Mjg5ODQw\",\n\"avatar_url\": \"https://avatars3.githubusercontent.com/u/17289840?v=4\",\n\"gravatar_id\": \"\",\n\"url\": \"https://api.github.com/users/Thuva4\",\n\"html_url\": \"https://github.com/Thuva4\",\n\"followers_url\": \"https://api.github.com/users/Thuva4/followers\",\n\"following_url\": \"https://api.github.com/users/Thuva4/following{/other_user}\",\n\"gists_url\": \"https://api.github.com/users/Thuva4/gists{/gist_id}\",\n\"starred_url\": \"https://api.github.com/users/Thuva4/starred{/owner}{/repo}\",\n\"subscriptions_url\": \"https://api.github.com/users/Thuva4/subscriptions\",\n\"organizations_url\": \"https://api.github.com/users/Thuva4/orgs\",\n\"repos_url\": \"https://api.github.com/users/Thuva4/repos\",\n\"events_url\": \"https://api.github.com/users/Thuva4/events{/privacy}\",\n\"received_events_url\": \"https://api.github.com/users/Thuva4/received_events\",\n\"type\": \"User\",\n\"site_admin\": false \n},\n\"html_url\": \"https://github.com/Thuva4/Resources\",\n\"description\": \"A collection of useful resources\",\n\"fork\": false,\n\"url\": \"https://api.github.com/repos/Thuva4/Resources\",\n\"forks_url\": \"https://api.github.com/repos/Thuva4/Resources/forks\",\n\"keys_url\": \"https://api.github.com/repos/Thuva4/Resources/keys{/key_id}\",\n\"collaborators_url\": \"https://api.github.com/repos/Thuva4/Resources/collaborators{/collaborator}\",\n\"teams_url\": \"https://api.github.com/repos/Thuva4/Resources/teams\",\n\"hooks_url\": \"https://api.github.com/repos/Thuva4/Resources/hooks\",\n\"issue_events_url\": \"https://api.github.com/repos/Thuva4/Resources/issues/events{/number}\",\n\"events_url\": \"https://api.github.com/repos/Thuva4/Resources/events\",\n\"assignees_url\": \"https://api.github.com/repos/Thuva4/Resources/assignees{/user}\",\n\"branches_url\": \"https://api.github.com/repos/Thuva4/Resources/branches{/branch}\",\n\"tags_url\": \"https://api.github.com/repos/Thuva4/Resources/tags\",\n\"blobs_url\": \"https://api.github.com/repos/Thuva4/Resources/git/blobs{/sha}\",\n\"git_tags_url\": \"https://api.github.com/repos/Thuva4/Resources/git/tags{/sha}\",\n\"git_refs_url\": \"https://api.github.com/repos/Thuva4/Resources/git/refs{/sha}\",\n\"trees_url\": \"https://api.github.com/repos/Thuva4/Resources/git/trees{/sha}\",\n\"statuses_url\": \"https://api.github.com/repos/Thuva4/Resources/statuses/{sha}\",\n\"languages_url\": \"https://api.github.com/repos/Thuva4/Resources/languages\",\n\"stargazers_url\": \"https://api.github.com/repos/Thuva4/Resources/stargazers\",\n\"contributors_url\": \"https://api.github.com/repos/Thuva4/Resources/contributors\",\n\"subscribers_url\": \"https://api.github.com/repos/Thuva4/Resources/subscribers\",\n\"subscription_url\": \"https://api.github.com/repos/Thuva4/Resources/subscription\",\n\"commits_url\": \"https://api.github.com/repos/Thuva4/Resources/commits{/sha}\",\n\"git_commits_url\": \"https://api.github.com/repos/Thuva4/Resources/git/commits{/sha}\",\n\"comments_url\": \"https://api.github.com/repos/Thuva4/Resources/comments{/number}\",\n\"issue_comment_url\": \"https://api.github.com/repos/Thuva4/Resources/issues/comments{/number}\",\n\"contents_url\": \"https://api.github.com/repos/Thuva4/Resources/contents/{+path}\",\n\"compare_url\": \"https://api.github.com/repos/Thuva4/Resources/compare/{base}...{head}\",\n\"merges_url\": \"https://api.github.com/repos/Thuva4/Resources/merges\",\n\"archive_url\": \"https://api.github.com/repos/Thuva4/Resources/{archive_format}{/ref}\",\n\"downloads_url\": \"https://api.github.com/repos/Thuva4/Resources/downloads\",\n\"issues_url\": \"https://api.github.com/repos/Thuva4/Resources/issues{/number}\",\n\"pulls_url\": \"https://api.github.com/repos/Thuva4/Resources/pulls{/number}\",\n\"milestones_url\": \"https://api.github.com/repos/Thuva4/Resources/milestones{/number}\",\n\"notifications_url\": \"https://api.github.com/repos/Thuva4/Resources/notifications{?since,all,participating}\",\n\"labels_url\": \"https://api.github.com/repos/Thuva4/Resources/labels{/name}\",\n\"releases_url\": \"https://api.github.com/repos/Thuva4/Resources/releases{/id}\",\n\"deployments_url\": \"https://api.github.com/repos/Thuva4/Resources/deployments\",\n\"created_at\": \"2017-07-15T04:50:05Z\",\n\"updated_at\": \"2018-11-21T13:15:24Z\",\n\"pushed_at\": \"2017-10-12T01:39:34Z\",\n\"git_url\": \"git://github.com/Thuva4/Resources.git\",\n\"ssh_url\": \"git@github.com:Thuva4/Resources.git\",\n\"clone_url\": \"https://github.com/Thuva4/Resources.git\",\n\"svn_url\": \"https://github.com/Thuva4/Resources\",\n\"homepage\": \"\",\n\"size\": 148,\n\"stargazers_count\": 1,\n\"watchers_count\": 1,\n\"language\": null,\n\"has_issues\": true,\n\"has_projects\": true,\n\"has_downloads\": true,\n\"has_wiki\": true,\n\"has_pages\": false,\n\"forks_count\": 1,\n\"mirror_url\": null,\n\"archived\": false,\n\"disabled\": false,\n\"open_issues_count\": 15,\n\"license\": {\n \"key\": \"mit\",\n\"name\": \"MIT License\",\n\"spdx_id\": \"MIT\",\n\"url\": \"https://api.github.com/licenses/mit\",\n\"node_id\": \"MDc6TGljZW5zZTEz\" \n},\n\"forks\": 1,\n\"open_issues\": 15,\n\"watchers\": 1,\n\"default_branch\": \"master\",\n\"permissions\": {\n \"admin\": false,\n\"push\": false,\n\"pull\": true \n} \n} \n]"]
