["[\n {\n \"id\": 129536974,\n\"node_id\": \"MDEwOlJlcG9zaXRvcnkxMjk1MzY5NzQ=\",\n\"name\": \"Bigdata-Papers-Reading\",\n\"full_name\": \"Thuva4/Bigdata-Papers-Reading\",\n\"private\": false,\n\"owner\": {\n \"login\": \"Thuva4\",\n\"id\": 17289840,\n\"node_id\": \"MDQ6VXNlcjE3Mjg5ODQw\",\n\"avatar_url\": \"https://avatars3.githubusercontent.com/u/17289840?v=4\",\n\"gravatar_id\": \"\",\n\"url\": \"https://api.github.com/users/Thuva4\",\n\"html_url\": \"https://github.com/Thuva4\",\n\"followers_url\": \"https://api.github.com/users/Thuva4/followers\",\n\"following_url\": \"https://api.github.com/users/Thuva4/following{/other_user}\",\n\"gists_url\": \"https://api.github.com/users/Thuva4/gists{/gist_id}\",\n\"starred_url\": \"https://api.github.com/users/Thuva4/starred{/owner}{/repo}\",\n\"subscriptions_url\": \"https://api.github.com/users/Thuva4/subscriptions\",\n\"organizations_url\": \"https://api.github.com/users/Thuva4/orgs\",\n\"repos_url\": \"https://api.github.com/users/Thuva4/repos\",\n\"events_url\": \"https://api.github.com/users/Thuva4/events{/privacy}\",\n\"received_events_url\": \"https://api.github.com/users/Thuva4/received_events\",\n\"type\": \"User\",\n\"site_admin\": false \n},\n\"html_url\": \"https://github.com/Thuva4/Bigdata-Papers-Reading\",\n\"description\": \"A curated list of  Big data papers reading for anyone who are eager to learn!\",\n\"fork\": false,\n\"url\": \"https://api.github.com/repos/Thuva4/Bigdata-Papers-Reading\",\n\"forks_url\": \"https://api.github.com/repos/Thuva4/Bigdata-Papers-Reading/forks\",\n\"keys_url\": \"https://api.github.com/repos/Thuva4/Bigdata-Papers-Reading/keys{/key_id}\",\n\"collaborators_url\": \"https://api.github.com/repos/Thuva4/Bigdata-Papers-Reading/collaborators{/collaborator}\",\n\"teams_url\": \"https://api.github.com/repos/Thuva4/Bigdata-Papers-Reading/teams\",\n\"hooks_url\": \"https://api.github.com/repos/Thuva4/Bigdata-Papers-Reading/hooks\",\n\"issue_events_url\": \"https://api.github.com/repos/Thuva4/Bigdata-Papers-Reading/issues/events{/number}\",\n\"events_url\": \"https://api.github.com/repos/Thuva4/Bigdata-Papers-Reading/events\",\n\"assignees_url\": \"https://api.github.com/repos/Thuva4/Bigdata-Papers-Reading/assignees{/user}\",\n\"branches_url\": \"https://api.github.com/repos/Thuva4/Bigdata-Papers-Reading/branches{/branch}\",\n\"tags_url\": \"https://api.github.com/repos/Thuva4/Bigdata-Papers-Reading/tags\",\n\"blobs_url\": \"https://api.github.com/repos/Thuva4/Bigdata-Papers-Reading/git/blobs{/sha}\",\n\"git_tags_url\": \"https://api.github.com/repos/Thuva4/Bigdata-Papers-Reading/git/tags{/sha}\",\n\"git_refs_url\": \"https://api.github.com/repos/Thuva4/Bigdata-Papers-Reading/git/refs{/sha}\",\n\"trees_url\": \"https://api.github.com/repos/Thuva4/Bigdata-Papers-Reading/git/trees{/sha}\",\n\"statuses_url\": \"https://api.github.com/repos/Thuva4/Bigdata-Papers-Reading/statuses/{sha}\",\n\"languages_url\": \"https://api.github.com/repos/Thuva4/Bigdata-Papers-Reading/languages\",\n\"stargazers_url\": \"https://api.github.com/repos/Thuva4/Bigdata-Papers-Reading/stargazers\",\n\"contributors_url\": \"https://api.github.com/repos/Thuva4/Bigdata-Papers-Reading/contributors\",\n\"subscribers_url\": \"https://api.github.com/repos/Thuva4/Bigdata-Papers-Reading/subscribers\",\n\"subscription_url\": \"https://api.github.com/repos/Thuva4/Bigdata-Papers-Reading/subscription\",\n\"commits_url\": \"https://api.github.com/repos/Thuva4/Bigdata-Papers-Reading/commits{/sha}\",\n\"git_commits_url\": \"https://api.github.com/repos/Thuva4/Bigdata-Papers-Reading/git/commits{/sha}\",\n\"comments_url\": \"https://api.github.com/repos/Thuva4/Bigdata-Papers-Reading/comments{/number}\",\n\"issue_comment_url\": \"https://api.github.com/repos/Thuva4/Bigdata-Papers-Reading/issues/comments{/number}\",\n\"contents_url\": \"https://api.github.com/repos/Thuva4/Bigdata-Papers-Reading/contents/{+path}\",\n\"compare_url\": \"https://api.github.com/repos/Thuva4/Bigdata-Papers-Reading/compare/{base}...{head}\",\n\"merges_url\": \"https://api.github.com/repos/Thuva4/Bigdata-Papers-Reading/merges\",\n\"archive_url\": \"https://api.github.com/repos/Thuva4/Bigdata-Papers-Reading/{archive_format}{/ref}\",\n\"downloads_url\": \"https://api.github.com/repos/Thuva4/Bigdata-Papers-Reading/downloads\",\n\"issues_url\": \"https://api.github.com/repos/Thuva4/Bigdata-Papers-Reading/issues{/number}\",\n\"pulls_url\": \"https://api.github.com/repos/Thuva4/Bigdata-Papers-Reading/pulls{/number}\",\n\"milestones_url\": \"https://api.github.com/repos/Thuva4/Bigdata-Papers-Reading/milestones{/number}\",\n\"notifications_url\": \"https://api.github.com/repos/Thuva4/Bigdata-Papers-Reading/notifications{?since,all,participating}\",\n\"labels_url\": \"https://api.github.com/repos/Thuva4/Bigdata-Papers-Reading/labels{/name}\",\n\"releases_url\": \"https://api.github.com/repos/Thuva4/Bigdata-Papers-Reading/releases{/id}\",\n\"deployments_url\": \"https://api.github.com/repos/Thuva4/Bigdata-Papers-Reading/deployments\",\n\"created_at\": \"2018-04-14T16:59:29Z\",\n\"updated_at\": \"2018-05-05T14:56:50Z\",\n\"pushed_at\": \"2018-05-05T14:56:49Z\",\n\"git_url\": \"git://github.com/Thuva4/Bigdata-Papers-Reading.git\",\n\"ssh_url\": \"git@github.com:Thuva4/Bigdata-Papers-Reading.git\",\n\"clone_url\": \"https://github.com/Thuva4/Bigdata-Papers-Reading.git\",\n\"svn_url\": \"https://github.com/Thuva4/Bigdata-Papers-Reading\",\n\"homepage\": null,\n\"size\": 151,\n\"stargazers_count\": 1,\n\"watchers_count\": 1,\n\"language\": null,\n\"has_issues\": true,\n\"has_projects\": true,\n\"has_downloads\": true,\n\"has_wiki\": true,\n\"has_pages\": false,\n\"forks_count\": 3,\n\"mirror_url\": null,\n\"archived\": false,\n\"disabled\": false,\n\"open_issues_count\": 0,\n\"license\": {\n \"key\": \"apache-2.0\",\n\"name\": \"Apache License 2.0\",\n\"spdx_id\": \"Apache-2.0\",\n\"url\": \"https://api.github.com/licenses/apache-2.0\",\n\"node_id\": \"MDc6TGljZW5zZTI=\" \n},\n\"forks\": 3,\n\"open_issues\": 0,\n\"watchers\": 1,\n\"default_branch\": \"master\",\n\"permissions\": {\n \"admin\": false,\n\"push\": false,\n\"pull\": true \n} \n} \n]"]
