["[\n {\n \"id\": 167525978,\n\"node_id\": \"MDEwOlJlcG9zaXRvcnkxNjc1MjU5Nzg=\",\n\"name\": \"MiniPOS\",\n\"full_name\": \"Thuva4/MiniPOS\",\n\"private\": false,\n\"owner\": {\n \"login\": \"Thuva4\",\n\"id\": 17289840,\n\"node_id\": \"MDQ6VXNlcjE3Mjg5ODQw\",\n\"avatar_url\": \"https://avatars3.githubusercontent.com/u/17289840?v=4\",\n\"gravatar_id\": \"\",\n\"url\": \"https://api.github.com/users/Thuva4\",\n\"html_url\": \"https://github.com/Thuva4\",\n\"followers_url\": \"https://api.github.com/users/Thuva4/followers\",\n\"following_url\": \"https://api.github.com/users/Thuva4/following{/other_user}\",\n\"gists_url\": \"https://api.github.com/users/Thuva4/gists{/gist_id}\",\n\"starred_url\": \"https://api.github.com/users/Thuva4/starred{/owner}{/repo}\",\n\"subscriptions_url\": \"https://api.github.com/users/Thuva4/subscriptions\",\n\"organizations_url\": \"https://api.github.com/users/Thuva4/orgs\",\n\"repos_url\": \"https://api.github.com/users/Thuva4/repos\",\n\"events_url\": \"https://api.github.com/users/Thuva4/events{/privacy}\",\n\"received_events_url\": \"https://api.github.com/users/Thuva4/received_events\",\n\"type\": \"User\",\n\"site_admin\": false \n},\n\"html_url\": \"https://github.com/Thuva4/MiniPOS\",\n\"description\": null,\n\"fork\": false,\n\"url\": \"https://api.github.com/repos/Thuva4/MiniPOS\",\n\"forks_url\": \"https://api.github.com/repos/Thuva4/MiniPOS/forks\",\n\"keys_url\": \"https://api.github.com/repos/Thuva4/MiniPOS/keys{/key_id}\",\n\"collaborators_url\": \"https://api.github.com/repos/Thuva4/MiniPOS/collaborators{/collaborator}\",\n\"teams_url\": \"https://api.github.com/repos/Thuva4/MiniPOS/teams\",\n\"hooks_url\": \"https://api.github.com/repos/Thuva4/MiniPOS/hooks\",\n\"issue_events_url\": \"https://api.github.com/repos/Thuva4/MiniPOS/issues/events{/number}\",\n\"events_url\": \"https://api.github.com/repos/Thuva4/MiniPOS/events\",\n\"assignees_url\": \"https://api.github.com/repos/Thuva4/MiniPOS/assignees{/user}\",\n\"branches_url\": \"https://api.github.com/repos/Thuva4/MiniPOS/branches{/branch}\",\n\"tags_url\": \"https://api.github.com/repos/Thuva4/MiniPOS/tags\",\n\"blobs_url\": \"https://api.github.com/repos/Thuva4/MiniPOS/git/blobs{/sha}\",\n\"git_tags_url\": \"https://api.github.com/repos/Thuva4/MiniPOS/git/tags{/sha}\",\n\"git_refs_url\": \"https://api.github.com/repos/Thuva4/MiniPOS/git/refs{/sha}\",\n\"trees_url\": \"https://api.github.com/repos/Thuva4/MiniPOS/git/trees{/sha}\",\n\"statuses_url\": \"https://api.github.com/repos/Thuva4/MiniPOS/statuses/{sha}\",\n\"languages_url\": \"https://api.github.com/repos/Thuva4/MiniPOS/languages\",\n\"stargazers_url\": \"https://api.github.com/repos/Thuva4/MiniPOS/stargazers\",\n\"contributors_url\": \"https://api.github.com/repos/Thuva4/MiniPOS/contributors\",\n\"subscribers_url\": \"https://api.github.com/repos/Thuva4/MiniPOS/subscribers\",\n\"subscription_url\": \"https://api.github.com/repos/Thuva4/MiniPOS/subscription\",\n\"commits_url\": \"https://api.github.com/repos/Thuva4/MiniPOS/commits{/sha}\",\n\"git_commits_url\": \"https://api.github.com/repos/Thuva4/MiniPOS/git/commits{/sha}\",\n\"comments_url\": \"https://api.github.com/repos/Thuva4/MiniPOS/comments{/number}\",\n\"issue_comment_url\": \"https://api.github.com/repos/Thuva4/MiniPOS/issues/comments{/number}\",\n\"contents_url\": \"https://api.github.com/repos/Thuva4/MiniPOS/contents/{+path}\",\n\"compare_url\": \"https://api.github.com/repos/Thuva4/MiniPOS/compare/{base}...{head}\",\n\"merges_url\": \"https://api.github.com/repos/Thuva4/MiniPOS/merges\",\n\"archive_url\": \"https://api.github.com/repos/Thuva4/MiniPOS/{archive_format}{/ref}\",\n\"downloads_url\": \"https://api.github.com/repos/Thuva4/MiniPOS/downloads\",\n\"issues_url\": \"https://api.github.com/repos/Thuva4/MiniPOS/issues{/number}\",\n\"pulls_url\": \"https://api.github.com/repos/Thuva4/MiniPOS/pulls{/number}\",\n\"milestones_url\": \"https://api.github.com/repos/Thuva4/MiniPOS/milestones{/number}\",\n\"notifications_url\": \"https://api.github.com/repos/Thuva4/MiniPOS/notifications{?since,all,participating}\",\n\"labels_url\": \"https://api.github.com/repos/Thuva4/MiniPOS/labels{/name}\",\n\"releases_url\": \"https://api.github.com/repos/Thuva4/MiniPOS/releases{/id}\",\n\"deployments_url\": \"https://api.github.com/repos/Thuva4/MiniPOS/deployments\",\n\"created_at\": \"2019-01-25T09:59:19Z\",\n\"updated_at\": \"2019-02-06T08:41:29Z\",\n\"pushed_at\": \"2019-02-06T08:41:27Z\",\n\"git_url\": \"git://github.com/Thuva4/MiniPOS.git\",\n\"ssh_url\": \"git@github.com:Thuva4/MiniPOS.git\",\n\"clone_url\": \"https://github.com/Thuva4/MiniPOS.git\",\n\"svn_url\": \"https://github.com/Thuva4/MiniPOS\",\n\"homepage\": null,\n\"size\": 784,\n\"stargazers_count\": 0,\n\"watchers_count\": 0,\n\"language\": \"JavaScript\",\n\"has_issues\": true,\n\"has_projects\": true,\n\"has_downloads\": true,\n\"has_wiki\": true,\n\"has_pages\": false,\n\"forks_count\": 0,\n\"mirror_url\": null,\n\"archived\": false,\n\"disabled\": false,\n\"open_issues_count\": 0,\n\"license\": null,\n\"forks\": 0,\n\"open_issues\": 0,\n\"watchers\": 0,\n\"default_branch\": \"master\",\n\"permissions\": {\n \"admin\": false,\n\"push\": false,\n\"pull\": true \n} \n} \n]"]
