["[\n {\n \"id\": 137913345,\n\"node_id\": \"MDEwOlJlcG9zaXRvcnkxMzc5MTMzNDU=\",\n\"name\": \"CS4642_FinanceHub\",\n\"full_name\": \"Thuva4/CS4642_FinanceHub\",\n\"private\": false,\n\"owner\": {\n \"login\": \"Thuva4\",\n\"id\": 17289840,\n\"node_id\": \"MDQ6VXNlcjE3Mjg5ODQw\",\n\"avatar_url\": \"https://avatars3.githubusercontent.com/u/17289840?v=4\",\n\"gravatar_id\": \"\",\n\"url\": \"https://api.github.com/users/Thuva4\",\n\"html_url\": \"https://github.com/Thuva4\",\n\"followers_url\": \"https://api.github.com/users/Thuva4/followers\",\n\"following_url\": \"https://api.github.com/users/Thuva4/following{/other_user}\",\n\"gists_url\": \"https://api.github.com/users/Thuva4/gists{/gist_id}\",\n\"starred_url\": \"https://api.github.com/users/Thuva4/starred{/owner}{/repo}\",\n\"subscriptions_url\": \"https://api.github.com/users/Thuva4/subscriptions\",\n\"organizations_url\": \"https://api.github.com/users/Thuva4/orgs\",\n\"repos_url\": \"https://api.github.com/users/Thuva4/repos\",\n\"events_url\": \"https://api.github.com/users/Thuva4/events{/privacy}\",\n\"received_events_url\": \"https://api.github.com/users/Thuva4/received_events\",\n\"type\": \"User\",\n\"site_admin\": false \n},\n\"html_url\": \"https://github.com/Thuva4/CS4642_FinanceHub\",\n\"description\": \"IR project repository for CS4642 module.\",\n\"fork\": false,\n\"url\": \"https://api.github.com/repos/Thuva4/CS4642_FinanceHub\",\n\"forks_url\": \"https://api.github.com/repos/Thuva4/CS4642_FinanceHub/forks\",\n\"keys_url\": \"https://api.github.com/repos/Thuva4/CS4642_FinanceHub/keys{/key_id}\",\n\"collaborators_url\": \"https://api.github.com/repos/Thuva4/CS4642_FinanceHub/collaborators{/collaborator}\",\n\"teams_url\": \"https://api.github.com/repos/Thuva4/CS4642_FinanceHub/teams\",\n\"hooks_url\": \"https://api.github.com/repos/Thuva4/CS4642_FinanceHub/hooks\",\n\"issue_events_url\": \"https://api.github.com/repos/Thuva4/CS4642_FinanceHub/issues/events{/number}\",\n\"events_url\": \"https://api.github.com/repos/Thuva4/CS4642_FinanceHub/events\",\n\"assignees_url\": \"https://api.github.com/repos/Thuva4/CS4642_FinanceHub/assignees{/user}\",\n\"branches_url\": \"https://api.github.com/repos/Thuva4/CS4642_FinanceHub/branches{/branch}\",\n\"tags_url\": \"https://api.github.com/repos/Thuva4/CS4642_FinanceHub/tags\",\n\"blobs_url\": \"https://api.github.com/repos/Thuva4/CS4642_FinanceHub/git/blobs{/sha}\",\n\"git_tags_url\": \"https://api.github.com/repos/Thuva4/CS4642_FinanceHub/git/tags{/sha}\",\n\"git_refs_url\": \"https://api.github.com/repos/Thuva4/CS4642_FinanceHub/git/refs{/sha}\",\n\"trees_url\": \"https://api.github.com/repos/Thuva4/CS4642_FinanceHub/git/trees{/sha}\",\n\"statuses_url\": \"https://api.github.com/repos/Thuva4/CS4642_FinanceHub/statuses/{sha}\",\n\"languages_url\": \"https://api.github.com/repos/Thuva4/CS4642_FinanceHub/languages\",\n\"stargazers_url\": \"https://api.github.com/repos/Thuva4/CS4642_FinanceHub/stargazers\",\n\"contributors_url\": \"https://api.github.com/repos/Thuva4/CS4642_FinanceHub/contributors\",\n\"subscribers_url\": \"https://api.github.com/repos/Thuva4/CS4642_FinanceHub/subscribers\",\n\"subscription_url\": \"https://api.github.com/repos/Thuva4/CS4642_FinanceHub/subscription\",\n\"commits_url\": \"https://api.github.com/repos/Thuva4/CS4642_FinanceHub/commits{/sha}\",\n\"git_commits_url\": \"https://api.github.com/repos/Thuva4/CS4642_FinanceHub/git/commits{/sha}\",\n\"comments_url\": \"https://api.github.com/repos/Thuva4/CS4642_FinanceHub/comments{/number}\",\n\"issue_comment_url\": \"https://api.github.com/repos/Thuva4/CS4642_FinanceHub/issues/comments{/number}\",\n\"contents_url\": \"https://api.github.com/repos/Thuva4/CS4642_FinanceHub/contents/{+path}\",\n\"compare_url\": \"https://api.github.com/repos/Thuva4/CS4642_FinanceHub/compare/{base}...{head}\",\n\"merges_url\": \"https://api.github.com/repos/Thuva4/CS4642_FinanceHub/merges\",\n\"archive_url\": \"https://api.github.com/repos/Thuva4/CS4642_FinanceHub/{archive_format}{/ref}\",\n\"downloads_url\": \"https://api.github.com/repos/Thuva4/CS4642_FinanceHub/downloads\",\n\"issues_url\": \"https://api.github.com/repos/Thuva4/CS4642_FinanceHub/issues{/number}\",\n\"pulls_url\": \"https://api.github.com/repos/Thuva4/CS4642_FinanceHub/pulls{/number}\",\n\"milestones_url\": \"https://api.github.com/repos/Thuva4/CS4642_FinanceHub/milestones{/number}\",\n\"notifications_url\": \"https://api.github.com/repos/Thuva4/CS4642_FinanceHub/notifications{?since,all,participating}\",\n\"labels_url\": \"https://api.github.com/repos/Thuva4/CS4642_FinanceHub/labels{/name}\",\n\"releases_url\": \"https://api.github.com/repos/Thuva4/CS4642_FinanceHub/releases{/id}\",\n\"deployments_url\": \"https://api.github.com/repos/Thuva4/CS4642_FinanceHub/deployments\",\n\"created_at\": \"2018-06-19T15:50:29Z\",\n\"updated_at\": \"2018-08-19T08:11:34Z\",\n\"pushed_at\": \"2018-08-19T08:11:32Z\",\n\"git_url\": \"git://github.com/Thuva4/CS4642_FinanceHub.git\",\n\"ssh_url\": \"git@github.com:Thuva4/CS4642_FinanceHub.git\",\n\"clone_url\": \"https://github.com/Thuva4/CS4642_FinanceHub.git\",\n\"svn_url\": \"https://github.com/Thuva4/CS4642_FinanceHub\",\n\"homepage\": \"\",\n\"size\": 653,\n\"stargazers_count\": 0,\n\"watchers_count\": 0,\n\"language\": \"Python\",\n\"has_issues\": true,\n\"has_projects\": true,\n\"has_downloads\": true,\n\"has_wiki\": true,\n\"has_pages\": false,\n\"forks_count\": 0,\n\"mirror_url\": null,\n\"archived\": false,\n\"disabled\": false,\n\"open_issues_count\": 0,\n\"license\": {\n \"key\": \"mit\",\n\"name\": \"MIT License\",\n\"spdx_id\": \"MIT\",\n\"url\": \"https://api.github.com/licenses/mit\",\n\"node_id\": \"MDc6TGljZW5zZTEz\" \n},\n\"forks\": 0,\n\"open_issues\": 0,\n\"watchers\": 0,\n\"default_branch\": \"master\",\n\"permissions\": {\n \"admin\": false,\n\"push\": false,\n\"pull\": true \n} \n} \n]"]
