["[\n {\n \"id\": 86503780,\n\"node_id\": \"MDEwOlJlcG9zaXRvcnk4NjUwMzc4MA==\",\n\"name\": \"sample-frontend-agora-html\",\n\"full_name\": \"Thuva4/sample-frontend-agora-html\",\n\"private\": false,\n\"owner\": {\n \"login\": \"Thuva4\",\n\"id\": 17289840,\n\"node_id\": \"MDQ6VXNlcjE3Mjg5ODQw\",\n\"avatar_url\": \"https://avatars3.githubusercontent.com/u/17289840?v=4\",\n\"gravatar_id\": \"\",\n\"url\": \"https://api.github.com/users/Thuva4\",\n\"html_url\": \"https://github.com/Thuva4\",\n\"followers_url\": \"https://api.github.com/users/Thuva4/followers\",\n\"following_url\": \"https://api.github.com/users/Thuva4/following{/other_user}\",\n\"gists_url\": \"https://api.github.com/users/Thuva4/gists{/gist_id}\",\n\"starred_url\": \"https://api.github.com/users/Thuva4/starred{/owner}{/repo}\",\n\"subscriptions_url\": \"https://api.github.com/users/Thuva4/subscriptions\",\n\"organizations_url\": \"https://api.github.com/users/Thuva4/orgs\",\n\"repos_url\": \"https://api.github.com/users/Thuva4/repos\",\n\"events_url\": \"https://api.github.com/users/Thuva4/events{/privacy}\",\n\"received_events_url\": \"https://api.github.com/users/Thuva4/received_events\",\n\"type\": \"User\",\n\"site_admin\": false \n},\n\"html_url\": \"https://github.com/Thuva4/sample-frontend-agora-html\",\n\"description\": null,\n\"fork\": false,\n\"url\": \"https://api.github.com/repos/Thuva4/sample-frontend-agora-html\",\n\"forks_url\": \"https://api.github.com/repos/Thuva4/sample-frontend-agora-html/forks\",\n\"keys_url\": \"https://api.github.com/repos/Thuva4/sample-frontend-agora-html/keys{/key_id}\",\n\"collaborators_url\": \"https://api.github.com/repos/Thuva4/sample-frontend-agora-html/collaborators{/collaborator}\",\n\"teams_url\": \"https://api.github.com/repos/Thuva4/sample-frontend-agora-html/teams\",\n\"hooks_url\": \"https://api.github.com/repos/Thuva4/sample-frontend-agora-html/hooks\",\n\"issue_events_url\": \"https://api.github.com/repos/Thuva4/sample-frontend-agora-html/issues/events{/number}\",\n\"events_url\": \"https://api.github.com/repos/Thuva4/sample-frontend-agora-html/events\",\n\"assignees_url\": \"https://api.github.com/repos/Thuva4/sample-frontend-agora-html/assignees{/user}\",\n\"branches_url\": \"https://api.github.com/repos/Thuva4/sample-frontend-agora-html/branches{/branch}\",\n\"tags_url\": \"https://api.github.com/repos/Thuva4/sample-frontend-agora-html/tags\",\n\"blobs_url\": \"https://api.github.com/repos/Thuva4/sample-frontend-agora-html/git/blobs{/sha}\",\n\"git_tags_url\": \"https://api.github.com/repos/Thuva4/sample-frontend-agora-html/git/tags{/sha}\",\n\"git_refs_url\": \"https://api.github.com/repos/Thuva4/sample-frontend-agora-html/git/refs{/sha}\",\n\"trees_url\": \"https://api.github.com/repos/Thuva4/sample-frontend-agora-html/git/trees{/sha}\",\n\"statuses_url\": \"https://api.github.com/repos/Thuva4/sample-frontend-agora-html/statuses/{sha}\",\n\"languages_url\": \"https://api.github.com/repos/Thuva4/sample-frontend-agora-html/languages\",\n\"stargazers_url\": \"https://api.github.com/repos/Thuva4/sample-frontend-agora-html/stargazers\",\n\"contributors_url\": \"https://api.github.com/repos/Thuva4/sample-frontend-agora-html/contributors\",\n\"subscribers_url\": \"https://api.github.com/repos/Thuva4/sample-frontend-agora-html/subscribers\",\n\"subscription_url\": \"https://api.github.com/repos/Thuva4/sample-frontend-agora-html/subscription\",\n\"commits_url\": \"https://api.github.com/repos/Thuva4/sample-frontend-agora-html/commits{/sha}\",\n\"git_commits_url\": \"https://api.github.com/repos/Thuva4/sample-frontend-agora-html/git/commits{/sha}\",\n\"comments_url\": \"https://api.github.com/repos/Thuva4/sample-frontend-agora-html/comments{/number}\",\n\"issue_comment_url\": \"https://api.github.com/repos/Thuva4/sample-frontend-agora-html/issues/comments{/number}\",\n\"contents_url\": \"https://api.github.com/repos/Thuva4/sample-frontend-agora-html/contents/{+path}\",\n\"compare_url\": \"https://api.github.com/repos/Thuva4/sample-frontend-agora-html/compare/{base}...{head}\",\n\"merges_url\": \"https://api.github.com/repos/Thuva4/sample-frontend-agora-html/merges\",\n\"archive_url\": \"https://api.github.com/repos/Thuva4/sample-frontend-agora-html/{archive_format}{/ref}\",\n\"downloads_url\": \"https://api.github.com/repos/Thuva4/sample-frontend-agora-html/downloads\",\n\"issues_url\": \"https://api.github.com/repos/Thuva4/sample-frontend-agora-html/issues{/number}\",\n\"pulls_url\": \"https://api.github.com/repos/Thuva4/sample-frontend-agora-html/pulls{/number}\",\n\"milestones_url\": \"https://api.github.com/repos/Thuva4/sample-frontend-agora-html/milestones{/number}\",\n\"notifications_url\": \"https://api.github.com/repos/Thuva4/sample-frontend-agora-html/notifications{?since,all,participating}\",\n\"labels_url\": \"https://api.github.com/repos/Thuva4/sample-frontend-agora-html/labels{/name}\",\n\"releases_url\": \"https://api.github.com/repos/Thuva4/sample-frontend-agora-html/releases{/id}\",\n\"deployments_url\": \"https://api.github.com/repos/Thuva4/sample-frontend-agora-html/deployments\",\n\"created_at\": \"2017-03-28T20:22:46Z\",\n\"updated_at\": \"2017-03-28T20:29:42Z\",\n\"pushed_at\": \"2017-03-28T20:30:08Z\",\n\"git_url\": \"git://github.com/Thuva4/sample-frontend-agora-html.git\",\n\"ssh_url\": \"git@github.com:Thuva4/sample-frontend-agora-html.git\",\n\"clone_url\": \"https://github.com/Thuva4/sample-frontend-agora-html.git\",\n\"svn_url\": \"https://github.com/Thuva4/sample-frontend-agora-html\",\n\"homepage\": null,\n\"size\": 2,\n\"stargazers_count\": 0,\n\"watchers_count\": 0,\n\"language\": \"HTML\",\n\"has_issues\": true,\n\"has_projects\": true,\n\"has_downloads\": true,\n\"has_wiki\": true,\n\"has_pages\": false,\n\"forks_count\": 0,\n\"mirror_url\": null,\n\"archived\": false,\n\"disabled\": false,\n\"open_issues_count\": 0,\n\"license\": null,\n\"forks\": 0,\n\"open_issues\": 0,\n\"watchers\": 0,\n\"default_branch\": \"master\",\n\"permissions\": {\n \"admin\": false,\n\"push\": false,\n\"pull\": true \n} \n} \n]"]
