["[\n {\n \"id\": 106404294,\n\"node_id\": \"MDEwOlJlcG9zaXRvcnkxMDY0MDQyOTQ=\",\n\"name\": \"Useful-Repositories\",\n\"full_name\": \"Thuva4/Useful-Repositories\",\n\"private\": false,\n\"owner\": {\n \"login\": \"Thuva4\",\n\"id\": 17289840,\n\"node_id\": \"MDQ6VXNlcjE3Mjg5ODQw\",\n\"avatar_url\": \"https://avatars3.githubusercontent.com/u/17289840?v=4\",\n\"gravatar_id\": \"\",\n\"url\": \"https://api.github.com/users/Thuva4\",\n\"html_url\": \"https://github.com/Thuva4\",\n\"followers_url\": \"https://api.github.com/users/Thuva4/followers\",\n\"following_url\": \"https://api.github.com/users/Thuva4/following{/other_user}\",\n\"gists_url\": \"https://api.github.com/users/Thuva4/gists{/gist_id}\",\n\"starred_url\": \"https://api.github.com/users/Thuva4/starred{/owner}{/repo}\",\n\"subscriptions_url\": \"https://api.github.com/users/Thuva4/subscriptions\",\n\"organizations_url\": \"https://api.github.com/users/Thuva4/orgs\",\n\"repos_url\": \"https://api.github.com/users/Thuva4/repos\",\n\"events_url\": \"https://api.github.com/users/Thuva4/events{/privacy}\",\n\"received_events_url\": \"https://api.github.com/users/Thuva4/received_events\",\n\"type\": \"User\",\n\"site_admin\": false \n},\n\"html_url\": \"https://github.com/Thuva4/Useful-Repositories\",\n\"description\": \"Manually curated collection of some useful repositories\",\n\"fork\": false,\n\"url\": \"https://api.github.com/repos/Thuva4/Useful-Repositories\",\n\"forks_url\": \"https://api.github.com/repos/Thuva4/Useful-Repositories/forks\",\n\"keys_url\": \"https://api.github.com/repos/Thuva4/Useful-Repositories/keys{/key_id}\",\n\"collaborators_url\": \"https://api.github.com/repos/Thuva4/Useful-Repositories/collaborators{/collaborator}\",\n\"teams_url\": \"https://api.github.com/repos/Thuva4/Useful-Repositories/teams\",\n\"hooks_url\": \"https://api.github.com/repos/Thuva4/Useful-Repositories/hooks\",\n\"issue_events_url\": \"https://api.github.com/repos/Thuva4/Useful-Repositories/issues/events{/number}\",\n\"events_url\": \"https://api.github.com/repos/Thuva4/Useful-Repositories/events\",\n\"assignees_url\": \"https://api.github.com/repos/Thuva4/Useful-Repositories/assignees{/user}\",\n\"branches_url\": \"https://api.github.com/repos/Thuva4/Useful-Repositories/branches{/branch}\",\n\"tags_url\": \"https://api.github.com/repos/Thuva4/Useful-Repositories/tags\",\n\"blobs_url\": \"https://api.github.com/repos/Thuva4/Useful-Repositories/git/blobs{/sha}\",\n\"git_tags_url\": \"https://api.github.com/repos/Thuva4/Useful-Repositories/git/tags{/sha}\",\n\"git_refs_url\": \"https://api.github.com/repos/Thuva4/Useful-Repositories/git/refs{/sha}\",\n\"trees_url\": \"https://api.github.com/repos/Thuva4/Useful-Repositories/git/trees{/sha}\",\n\"statuses_url\": \"https://api.github.com/repos/Thuva4/Useful-Repositories/statuses/{sha}\",\n\"languages_url\": \"https://api.github.com/repos/Thuva4/Useful-Repositories/languages\",\n\"stargazers_url\": \"https://api.github.com/repos/Thuva4/Useful-Repositories/stargazers\",\n\"contributors_url\": \"https://api.github.com/repos/Thuva4/Useful-Repositories/contributors\",\n\"subscribers_url\": \"https://api.github.com/repos/Thuva4/Useful-Repositories/subscribers\",\n\"subscription_url\": \"https://api.github.com/repos/Thuva4/Useful-Repositories/subscription\",\n\"commits_url\": \"https://api.github.com/repos/Thuva4/Useful-Repositories/commits{/sha}\",\n\"git_commits_url\": \"https://api.github.com/repos/Thuva4/Useful-Repositories/git/commits{/sha}\",\n\"comments_url\": \"https://api.github.com/repos/Thuva4/Useful-Repositories/comments{/number}\",\n\"issue_comment_url\": \"https://api.github.com/repos/Thuva4/Useful-Repositories/issues/comments{/number}\",\n\"contents_url\": \"https://api.github.com/repos/Thuva4/Useful-Repositories/contents/{+path}\",\n\"compare_url\": \"https://api.github.com/repos/Thuva4/Useful-Repositories/compare/{base}...{head}\",\n\"merges_url\": \"https://api.github.com/repos/Thuva4/Useful-Repositories/merges\",\n\"archive_url\": \"https://api.github.com/repos/Thuva4/Useful-Repositories/{archive_format}{/ref}\",\n\"downloads_url\": \"https://api.github.com/repos/Thuva4/Useful-Repositories/downloads\",\n\"issues_url\": \"https://api.github.com/repos/Thuva4/Useful-Repositories/issues{/number}\",\n\"pulls_url\": \"https://api.github.com/repos/Thuva4/Useful-Repositories/pulls{/number}\",\n\"milestones_url\": \"https://api.github.com/repos/Thuva4/Useful-Repositories/milestones{/number}\",\n\"notifications_url\": \"https://api.github.com/repos/Thuva4/Useful-Repositories/notifications{?since,all,participating}\",\n\"labels_url\": \"https://api.github.com/repos/Thuva4/Useful-Repositories/labels{/name}\",\n\"releases_url\": \"https://api.github.com/repos/Thuva4/Useful-Repositories/releases{/id}\",\n\"deployments_url\": \"https://api.github.com/repos/Thuva4/Useful-Repositories/deployments\",\n\"created_at\": \"2017-10-10T10:46:13Z\",\n\"updated_at\": \"2018-11-01T03:32:32Z\",\n\"pushed_at\": \"2018-11-01T03:32:31Z\",\n\"git_url\": \"git://github.com/Thuva4/Useful-Repositories.git\",\n\"ssh_url\": \"git@github.com:Thuva4/Useful-Repositories.git\",\n\"clone_url\": \"https://github.com/Thuva4/Useful-Repositories.git\",\n\"svn_url\": \"https://github.com/Thuva4/Useful-Repositories\",\n\"homepage\": null,\n\"size\": 33,\n\"stargazers_count\": 7,\n\"watchers_count\": 7,\n\"language\": null,\n\"has_issues\": true,\n\"has_projects\": true,\n\"has_downloads\": true,\n\"has_wiki\": true,\n\"has_pages\": false,\n\"forks_count\": 18,\n\"mirror_url\": null,\n\"archived\": false,\n\"disabled\": false,\n\"open_issues_count\": 13,\n\"license\": {\n \"key\": \"apache-2.0\",\n\"name\": \"Apache License 2.0\",\n\"spdx_id\": \"Apache-2.0\",\n\"url\": \"https://api.github.com/licenses/apache-2.0\",\n\"node_id\": \"MDc6TGljZW5zZTI=\" \n},\n\"forks\": 18,\n\"open_issues\": 13,\n\"watchers\": 7,\n\"default_branch\": \"master\",\n\"permissions\": {\n \"admin\": false,\n\"push\": false,\n\"pull\": true \n} \n} \n]"]
