["[\n {\n \"id\": 170632512,\n\"node_id\": \"MDEwOlJlcG9zaXRvcnkxNzA2MzI1MTI=\",\n\"name\": \"JenkinsReactNative\",\n\"full_name\": \"Thuva4/JenkinsReactNative\",\n\"private\": false,\n\"owner\": {\n \"login\": \"Thuva4\",\n\"id\": 17289840,\n\"node_id\": \"MDQ6VXNlcjE3Mjg5ODQw\",\n\"avatar_url\": \"https://avatars3.githubusercontent.com/u/17289840?v=4\",\n\"gravatar_id\": \"\",\n\"url\": \"https://api.github.com/users/Thuva4\",\n\"html_url\": \"https://github.com/Thuva4\",\n\"followers_url\": \"https://api.github.com/users/Thuva4/followers\",\n\"following_url\": \"https://api.github.com/users/Thuva4/following{/other_user}\",\n\"gists_url\": \"https://api.github.com/users/Thuva4/gists{/gist_id}\",\n\"starred_url\": \"https://api.github.com/users/Thuva4/starred{/owner}{/repo}\",\n\"subscriptions_url\": \"https://api.github.com/users/Thuva4/subscriptions\",\n\"organizations_url\": \"https://api.github.com/users/Thuva4/orgs\",\n\"repos_url\": \"https://api.github.com/users/Thuva4/repos\",\n\"events_url\": \"https://api.github.com/users/Thuva4/events{/privacy}\",\n\"received_events_url\": \"https://api.github.com/users/Thuva4/received_events\",\n\"type\": \"User\",\n\"site_admin\": false \n},\n\"html_url\": \"https://github.com/Thuva4/JenkinsReactNative\",\n\"description\": null,\n\"fork\": false,\n\"url\": \"https://api.github.com/repos/Thuva4/JenkinsReactNative\",\n\"forks_url\": \"https://api.github.com/repos/Thuva4/JenkinsReactNative/forks\",\n\"keys_url\": \"https://api.github.com/repos/Thuva4/JenkinsReactNative/keys{/key_id}\",\n\"collaborators_url\": \"https://api.github.com/repos/Thuva4/JenkinsReactNative/collaborators{/collaborator}\",\n\"teams_url\": \"https://api.github.com/repos/Thuva4/JenkinsReactNative/teams\",\n\"hooks_url\": \"https://api.github.com/repos/Thuva4/JenkinsReactNative/hooks\",\n\"issue_events_url\": \"https://api.github.com/repos/Thuva4/JenkinsReactNative/issues/events{/number}\",\n\"events_url\": \"https://api.github.com/repos/Thuva4/JenkinsReactNative/events\",\n\"assignees_url\": \"https://api.github.com/repos/Thuva4/JenkinsReactNative/assignees{/user}\",\n\"branches_url\": \"https://api.github.com/repos/Thuva4/JenkinsReactNative/branches{/branch}\",\n\"tags_url\": \"https://api.github.com/repos/Thuva4/JenkinsReactNative/tags\",\n\"blobs_url\": \"https://api.github.com/repos/Thuva4/JenkinsReactNative/git/blobs{/sha}\",\n\"git_tags_url\": \"https://api.github.com/repos/Thuva4/JenkinsReactNative/git/tags{/sha}\",\n\"git_refs_url\": \"https://api.github.com/repos/Thuva4/JenkinsReactNative/git/refs{/sha}\",\n\"trees_url\": \"https://api.github.com/repos/Thuva4/JenkinsReactNative/git/trees{/sha}\",\n\"statuses_url\": \"https://api.github.com/repos/Thuva4/JenkinsReactNative/statuses/{sha}\",\n\"languages_url\": \"https://api.github.com/repos/Thuva4/JenkinsReactNative/languages\",\n\"stargazers_url\": \"https://api.github.com/repos/Thuva4/JenkinsReactNative/stargazers\",\n\"contributors_url\": \"https://api.github.com/repos/Thuva4/JenkinsReactNative/contributors\",\n\"subscribers_url\": \"https://api.github.com/repos/Thuva4/JenkinsReactNative/subscribers\",\n\"subscription_url\": \"https://api.github.com/repos/Thuva4/JenkinsReactNative/subscription\",\n\"commits_url\": \"https://api.github.com/repos/Thuva4/JenkinsReactNative/commits{/sha}\",\n\"git_commits_url\": \"https://api.github.com/repos/Thuva4/JenkinsReactNative/git/commits{/sha}\",\n\"comments_url\": \"https://api.github.com/repos/Thuva4/JenkinsReactNative/comments{/number}\",\n\"issue_comment_url\": \"https://api.github.com/repos/Thuva4/JenkinsReactNative/issues/comments{/number}\",\n\"contents_url\": \"https://api.github.com/repos/Thuva4/JenkinsReactNative/contents/{+path}\",\n\"compare_url\": \"https://api.github.com/repos/Thuva4/JenkinsReactNative/compare/{base}...{head}\",\n\"merges_url\": \"https://api.github.com/repos/Thuva4/JenkinsReactNative/merges\",\n\"archive_url\": \"https://api.github.com/repos/Thuva4/JenkinsReactNative/{archive_format}{/ref}\",\n\"downloads_url\": \"https://api.github.com/repos/Thuva4/JenkinsReactNative/downloads\",\n\"issues_url\": \"https://api.github.com/repos/Thuva4/JenkinsReactNative/issues{/number}\",\n\"pulls_url\": \"https://api.github.com/repos/Thuva4/JenkinsReactNative/pulls{/number}\",\n\"milestones_url\": \"https://api.github.com/repos/Thuva4/JenkinsReactNative/milestones{/number}\",\n\"notifications_url\": \"https://api.github.com/repos/Thuva4/JenkinsReactNative/notifications{?since,all,participating}\",\n\"labels_url\": \"https://api.github.com/repos/Thuva4/JenkinsReactNative/labels{/name}\",\n\"releases_url\": \"https://api.github.com/repos/Thuva4/JenkinsReactNative/releases{/id}\",\n\"deployments_url\": \"https://api.github.com/repos/Thuva4/JenkinsReactNative/deployments\",\n\"created_at\": \"2019-02-14T05:26:37Z\",\n\"updated_at\": \"2019-02-14T08:54:29Z\",\n\"pushed_at\": \"2019-02-14T08:54:28Z\",\n\"git_url\": \"git://github.com/Thuva4/JenkinsReactNative.git\",\n\"ssh_url\": \"git@github.com:Thuva4/JenkinsReactNative.git\",\n\"clone_url\": \"https://github.com/Thuva4/JenkinsReactNative.git\",\n\"svn_url\": \"https://github.com/Thuva4/JenkinsReactNative\",\n\"homepage\": null,\n\"size\": 196,\n\"stargazers_count\": 0,\n\"watchers_count\": 0,\n\"language\": \"JavaScript\",\n\"has_issues\": true,\n\"has_projects\": true,\n\"has_downloads\": true,\n\"has_wiki\": true,\n\"has_pages\": false,\n\"forks_count\": 0,\n\"mirror_url\": null,\n\"archived\": false,\n\"disabled\": false,\n\"open_issues_count\": 0,\n\"license\": null,\n\"forks\": 0,\n\"open_issues\": 0,\n\"watchers\": 0,\n\"default_branch\": \"master\",\n\"permissions\": {\n \"admin\": false,\n\"push\": false,\n\"pull\": true \n} \n} \n]"]
