["[\n {\n \"id\": 177121490,\n\"node_id\": \"MDEwOlJlcG9zaXRvcnkxNzcxMjE0OTA=\",\n\"name\": \"LeetCode\",\n\"full_name\": \"Thuva4/LeetCode\",\n\"private\": false,\n\"owner\": {\n \"login\": \"Thuva4\",\n\"id\": 17289840,\n\"node_id\": \"MDQ6VXNlcjE3Mjg5ODQw\",\n\"avatar_url\": \"https://avatars3.githubusercontent.com/u/17289840?v=4\",\n\"gravatar_id\": \"\",\n\"url\": \"https://api.github.com/users/Thuva4\",\n\"html_url\": \"https://github.com/Thuva4\",\n\"followers_url\": \"https://api.github.com/users/Thuva4/followers\",\n\"following_url\": \"https://api.github.com/users/Thuva4/following{/other_user}\",\n\"gists_url\": \"https://api.github.com/users/Thuva4/gists{/gist_id}\",\n\"starred_url\": \"https://api.github.com/users/Thuva4/starred{/owner}{/repo}\",\n\"subscriptions_url\": \"https://api.github.com/users/Thuva4/subscriptions\",\n\"organizations_url\": \"https://api.github.com/users/Thuva4/orgs\",\n\"repos_url\": \"https://api.github.com/users/Thuva4/repos\",\n\"events_url\": \"https://api.github.com/users/Thuva4/events{/privacy}\",\n\"received_events_url\": \"https://api.github.com/users/Thuva4/received_events\",\n\"type\": \"User\",\n\"site_admin\": false \n},\n\"html_url\": \"https://github.com/Thuva4/LeetCode\",\n\"description\": \"My solutions for LeetCode problems(Most of them are not efficient enough)\",\n\"fork\": false,\n\"url\": \"https://api.github.com/repos/Thuva4/LeetCode\",\n\"forks_url\": \"https://api.github.com/repos/Thuva4/LeetCode/forks\",\n\"keys_url\": \"https://api.github.com/repos/Thuva4/LeetCode/keys{/key_id}\",\n\"collaborators_url\": \"https://api.github.com/repos/Thuva4/LeetCode/collaborators{/collaborator}\",\n\"teams_url\": \"https://api.github.com/repos/Thuva4/LeetCode/teams\",\n\"hooks_url\": \"https://api.github.com/repos/Thuva4/LeetCode/hooks\",\n\"issue_events_url\": \"https://api.github.com/repos/Thuva4/LeetCode/issues/events{/number}\",\n\"events_url\": \"https://api.github.com/repos/Thuva4/LeetCode/events\",\n\"assignees_url\": \"https://api.github.com/repos/Thuva4/LeetCode/assignees{/user}\",\n\"branches_url\": \"https://api.github.com/repos/Thuva4/LeetCode/branches{/branch}\",\n\"tags_url\": \"https://api.github.com/repos/Thuva4/LeetCode/tags\",\n\"blobs_url\": \"https://api.github.com/repos/Thuva4/LeetCode/git/blobs{/sha}\",\n\"git_tags_url\": \"https://api.github.com/repos/Thuva4/LeetCode/git/tags{/sha}\",\n\"git_refs_url\": \"https://api.github.com/repos/Thuva4/LeetCode/git/refs{/sha}\",\n\"trees_url\": \"https://api.github.com/repos/Thuva4/LeetCode/git/trees{/sha}\",\n\"statuses_url\": \"https://api.github.com/repos/Thuva4/LeetCode/statuses/{sha}\",\n\"languages_url\": \"https://api.github.com/repos/Thuva4/LeetCode/languages\",\n\"stargazers_url\": \"https://api.github.com/repos/Thuva4/LeetCode/stargazers\",\n\"contributors_url\": \"https://api.github.com/repos/Thuva4/LeetCode/contributors\",\n\"subscribers_url\": \"https://api.github.com/repos/Thuva4/LeetCode/subscribers\",\n\"subscription_url\": \"https://api.github.com/repos/Thuva4/LeetCode/subscription\",\n\"commits_url\": \"https://api.github.com/repos/Thuva4/LeetCode/commits{/sha}\",\n\"git_commits_url\": \"https://api.github.com/repos/Thuva4/LeetCode/git/commits{/sha}\",\n\"comments_url\": \"https://api.github.com/repos/Thuva4/LeetCode/comments{/number}\",\n\"issue_comment_url\": \"https://api.github.com/repos/Thuva4/LeetCode/issues/comments{/number}\",\n\"contents_url\": \"https://api.github.com/repos/Thuva4/LeetCode/contents/{+path}\",\n\"compare_url\": \"https://api.github.com/repos/Thuva4/LeetCode/compare/{base}...{head}\",\n\"merges_url\": \"https://api.github.com/repos/Thuva4/LeetCode/merges\",\n\"archive_url\": \"https://api.github.com/repos/Thuva4/LeetCode/{archive_format}{/ref}\",\n\"downloads_url\": \"https://api.github.com/repos/Thuva4/LeetCode/downloads\",\n\"issues_url\": \"https://api.github.com/repos/Thuva4/LeetCode/issues{/number}\",\n\"pulls_url\": \"https://api.github.com/repos/Thuva4/LeetCode/pulls{/number}\",\n\"milestones_url\": \"https://api.github.com/repos/Thuva4/LeetCode/milestones{/number}\",\n\"notifications_url\": \"https://api.github.com/repos/Thuva4/LeetCode/notifications{?since,all,participating}\",\n\"labels_url\": \"https://api.github.com/repos/Thuva4/LeetCode/labels{/name}\",\n\"releases_url\": \"https://api.github.com/repos/Thuva4/LeetCode/releases{/id}\",\n\"deployments_url\": \"https://api.github.com/repos/Thuva4/LeetCode/deployments\",\n\"created_at\": \"2019-03-22T10:36:54Z\",\n\"updated_at\": \"2019-03-29T11:59:50Z\",\n\"pushed_at\": \"2019-03-29T11:59:48Z\",\n\"git_url\": \"git://github.com/Thuva4/LeetCode.git\",\n\"ssh_url\": \"git@github.com:Thuva4/LeetCode.git\",\n\"clone_url\": \"https://github.com/Thuva4/LeetCode.git\",\n\"svn_url\": \"https://github.com/Thuva4/LeetCode\",\n\"homepage\": null,\n\"size\": 14,\n\"stargazers_count\": 0,\n\"watchers_count\": 0,\n\"language\": \"Java\",\n\"has_issues\": true,\n\"has_projects\": true,\n\"has_downloads\": true,\n\"has_wiki\": true,\n\"has_pages\": false,\n\"forks_count\": 0,\n\"mirror_url\": null,\n\"archived\": false,\n\"disabled\": false,\n\"open_issues_count\": 0,\n\"license\": null,\n\"forks\": 0,\n\"open_issues\": 0,\n\"watchers\": 0,\n\"default_branch\": \"master\",\n\"permissions\": {\n \"admin\": false,\n\"push\": false,\n\"pull\": true \n} \n} \n]"]
