["[\n {\n \"id\": 134513383,\n\"node_id\": \"MDEwOlJlcG9zaXRvcnkxMzQ1MTMzODM=\",\n\"name\": \"flink\",\n\"full_name\": \"Thuva4/flink\",\n\"private\": false,\n\"owner\": {\n \"login\": \"Thuva4\",\n\"id\": 17289840,\n\"node_id\": \"MDQ6VXNlcjE3Mjg5ODQw\",\n\"avatar_url\": \"https://avatars3.githubusercontent.com/u/17289840?v=4\",\n\"gravatar_id\": \"\",\n\"url\": \"https://api.github.com/users/Thuva4\",\n\"html_url\": \"https://github.com/Thuva4\",\n\"followers_url\": \"https://api.github.com/users/Thuva4/followers\",\n\"following_url\": \"https://api.github.com/users/Thuva4/following{/other_user}\",\n\"gists_url\": \"https://api.github.com/users/Thuva4/gists{/gist_id}\",\n\"starred_url\": \"https://api.github.com/users/Thuva4/starred{/owner}{/repo}\",\n\"subscriptions_url\": \"https://api.github.com/users/Thuva4/subscriptions\",\n\"organizations_url\": \"https://api.github.com/users/Thuva4/orgs\",\n\"repos_url\": \"https://api.github.com/users/Thuva4/repos\",\n\"events_url\": \"https://api.github.com/users/Thuva4/events{/privacy}\",\n\"received_events_url\": \"https://api.github.com/users/Thuva4/received_events\",\n\"type\": \"User\",\n\"site_admin\": false \n},\n\"html_url\": \"https://github.com/Thuva4/flink\",\n\"description\": \"Mirror of Apache Flink\",\n\"fork\": true,\n\"url\": \"https://api.github.com/repos/Thuva4/flink\",\n\"forks_url\": \"https://api.github.com/repos/Thuva4/flink/forks\",\n\"keys_url\": \"https://api.github.com/repos/Thuva4/flink/keys{/key_id}\",\n\"collaborators_url\": \"https://api.github.com/repos/Thuva4/flink/collaborators{/collaborator}\",\n\"teams_url\": \"https://api.github.com/repos/Thuva4/flink/teams\",\n\"hooks_url\": \"https://api.github.com/repos/Thuva4/flink/hooks\",\n\"issue_events_url\": \"https://api.github.com/repos/Thuva4/flink/issues/events{/number}\",\n\"events_url\": \"https://api.github.com/repos/Thuva4/flink/events\",\n\"assignees_url\": \"https://api.github.com/repos/Thuva4/flink/assignees{/user}\",\n\"branches_url\": \"https://api.github.com/repos/Thuva4/flink/branches{/branch}\",\n\"tags_url\": \"https://api.github.com/repos/Thuva4/flink/tags\",\n\"blobs_url\": \"https://api.github.com/repos/Thuva4/flink/git/blobs{/sha}\",\n\"git_tags_url\": \"https://api.github.com/repos/Thuva4/flink/git/tags{/sha}\",\n\"git_refs_url\": \"https://api.github.com/repos/Thuva4/flink/git/refs{/sha}\",\n\"trees_url\": \"https://api.github.com/repos/Thuva4/flink/git/trees{/sha}\",\n\"statuses_url\": \"https://api.github.com/repos/Thuva4/flink/statuses/{sha}\",\n\"languages_url\": \"https://api.github.com/repos/Thuva4/flink/languages\",\n\"stargazers_url\": \"https://api.github.com/repos/Thuva4/flink/stargazers\",\n\"contributors_url\": \"https://api.github.com/repos/Thuva4/flink/contributors\",\n\"subscribers_url\": \"https://api.github.com/repos/Thuva4/flink/subscribers\",\n\"subscription_url\": \"https://api.github.com/repos/Thuva4/flink/subscription\",\n\"commits_url\": \"https://api.github.com/repos/Thuva4/flink/commits{/sha}\",\n\"git_commits_url\": \"https://api.github.com/repos/Thuva4/flink/git/commits{/sha}\",\n\"comments_url\": \"https://api.github.com/repos/Thuva4/flink/comments{/number}\",\n\"issue_comment_url\": \"https://api.github.com/repos/Thuva4/flink/issues/comments{/number}\",\n\"contents_url\": \"https://api.github.com/repos/Thuva4/flink/contents/{+path}\",\n\"compare_url\": \"https://api.github.com/repos/Thuva4/flink/compare/{base}...{head}\",\n\"merges_url\": \"https://api.github.com/repos/Thuva4/flink/merges\",\n\"archive_url\": \"https://api.github.com/repos/Thuva4/flink/{archive_format}{/ref}\",\n\"downloads_url\": \"https://api.github.com/repos/Thuva4/flink/downloads\",\n\"issues_url\": \"https://api.github.com/repos/Thuva4/flink/issues{/number}\",\n\"pulls_url\": \"https://api.github.com/repos/Thuva4/flink/pulls{/number}\",\n\"milestones_url\": \"https://api.github.com/repos/Thuva4/flink/milestones{/number}\",\n\"notifications_url\": \"https://api.github.com/repos/Thuva4/flink/notifications{?since,all,participating}\",\n\"labels_url\": \"https://api.github.com/repos/Thuva4/flink/labels{/name}\",\n\"releases_url\": \"https://api.github.com/repos/Thuva4/flink/releases{/id}\",\n\"deployments_url\": \"https://api.github.com/repos/Thuva4/flink/deployments\",\n\"created_at\": \"2018-05-23T04:28:00Z\",\n\"updated_at\": \"2018-05-23T04:28:29Z\",\n\"pushed_at\": \"2018-05-23T02:18:03Z\",\n\"git_url\": \"git://github.com/Thuva4/flink.git\",\n\"ssh_url\": \"git@github.com:Thuva4/flink.git\",\n\"clone_url\": \"https://github.com/Thuva4/flink.git\",\n\"svn_url\": \"https://github.com/Thuva4/flink\",\n\"homepage\": null,\n\"size\": 155933,\n\"stargazers_count\": 0,\n\"watchers_count\": 0,\n\"language\": \"Java\",\n\"has_issues\": false,\n\"has_projects\": true,\n\"has_downloads\": true,\n\"has_wiki\": false,\n\"has_pages\": false,\n\"forks_count\": 0,\n\"mirror_url\": null,\n\"archived\": false,\n\"disabled\": false,\n\"open_issues_count\": 0,\n\"license\": {\n \"key\": \"apache-2.0\",\n\"name\": \"Apache License 2.0\",\n\"spdx_id\": \"Apache-2.0\",\n\"url\": \"https://api.github.com/licenses/apache-2.0\",\n\"node_id\": \"MDc6TGljZW5zZTI=\" \n},\n\"forks\": 0,\n\"open_issues\": 0,\n\"watchers\": 0,\n\"default_branch\": \"master\",\n\"permissions\": {\n \"admin\": false,\n\"push\": false,\n\"pull\": true \n} \n} \n]"]
