["[\n {\n \"id\": 171671170,\n\"node_id\": \"MDEwOlJlcG9zaXRvcnkxNzE2NzExNzA=\",\n\"name\": \"aws-doc-sdk-examples\",\n\"full_name\": \"Thuva4/aws-doc-sdk-examples\",\n\"private\": false,\n\"owner\": {\n \"login\": \"Thuva4\",\n\"id\": 17289840,\n\"node_id\": \"MDQ6VXNlcjE3Mjg5ODQw\",\n\"avatar_url\": \"https://avatars3.githubusercontent.com/u/17289840?v=4\",\n\"gravatar_id\": \"\",\n\"url\": \"https://api.github.com/users/Thuva4\",\n\"html_url\": \"https://github.com/Thuva4\",\n\"followers_url\": \"https://api.github.com/users/Thuva4/followers\",\n\"following_url\": \"https://api.github.com/users/Thuva4/following{/other_user}\",\n\"gists_url\": \"https://api.github.com/users/Thuva4/gists{/gist_id}\",\n\"starred_url\": \"https://api.github.com/users/Thuva4/starred{/owner}{/repo}\",\n\"subscriptions_url\": \"https://api.github.com/users/Thuva4/subscriptions\",\n\"organizations_url\": \"https://api.github.com/users/Thuva4/orgs\",\n\"repos_url\": \"https://api.github.com/users/Thuva4/repos\",\n\"events_url\": \"https://api.github.com/users/Thuva4/events{/privacy}\",\n\"received_events_url\": \"https://api.github.com/users/Thuva4/received_events\",\n\"type\": \"User\",\n\"site_admin\": false \n},\n\"html_url\": \"https://github.com/Thuva4/aws-doc-sdk-examples\",\n\"description\": \"Code examples used in the official AWS SDK documentation.\",\n\"fork\": true,\n\"url\": \"https://api.github.com/repos/Thuva4/aws-doc-sdk-examples\",\n\"forks_url\": \"https://api.github.com/repos/Thuva4/aws-doc-sdk-examples/forks\",\n\"keys_url\": \"https://api.github.com/repos/Thuva4/aws-doc-sdk-examples/keys{/key_id}\",\n\"collaborators_url\": \"https://api.github.com/repos/Thuva4/aws-doc-sdk-examples/collaborators{/collaborator}\",\n\"teams_url\": \"https://api.github.com/repos/Thuva4/aws-doc-sdk-examples/teams\",\n\"hooks_url\": \"https://api.github.com/repos/Thuva4/aws-doc-sdk-examples/hooks\",\n\"issue_events_url\": \"https://api.github.com/repos/Thuva4/aws-doc-sdk-examples/issues/events{/number}\",\n\"events_url\": \"https://api.github.com/repos/Thuva4/aws-doc-sdk-examples/events\",\n\"assignees_url\": \"https://api.github.com/repos/Thuva4/aws-doc-sdk-examples/assignees{/user}\",\n\"branches_url\": \"https://api.github.com/repos/Thuva4/aws-doc-sdk-examples/branches{/branch}\",\n\"tags_url\": \"https://api.github.com/repos/Thuva4/aws-doc-sdk-examples/tags\",\n\"blobs_url\": \"https://api.github.com/repos/Thuva4/aws-doc-sdk-examples/git/blobs{/sha}\",\n\"git_tags_url\": \"https://api.github.com/repos/Thuva4/aws-doc-sdk-examples/git/tags{/sha}\",\n\"git_refs_url\": \"https://api.github.com/repos/Thuva4/aws-doc-sdk-examples/git/refs{/sha}\",\n\"trees_url\": \"https://api.github.com/repos/Thuva4/aws-doc-sdk-examples/git/trees{/sha}\",\n\"statuses_url\": \"https://api.github.com/repos/Thuva4/aws-doc-sdk-examples/statuses/{sha}\",\n\"languages_url\": \"https://api.github.com/repos/Thuva4/aws-doc-sdk-examples/languages\",\n\"stargazers_url\": \"https://api.github.com/repos/Thuva4/aws-doc-sdk-examples/stargazers\",\n\"contributors_url\": \"https://api.github.com/repos/Thuva4/aws-doc-sdk-examples/contributors\",\n\"subscribers_url\": \"https://api.github.com/repos/Thuva4/aws-doc-sdk-examples/subscribers\",\n\"subscription_url\": \"https://api.github.com/repos/Thuva4/aws-doc-sdk-examples/subscription\",\n\"commits_url\": \"https://api.github.com/repos/Thuva4/aws-doc-sdk-examples/commits{/sha}\",\n\"git_commits_url\": \"https://api.github.com/repos/Thuva4/aws-doc-sdk-examples/git/commits{/sha}\",\n\"comments_url\": \"https://api.github.com/repos/Thuva4/aws-doc-sdk-examples/comments{/number}\",\n\"issue_comment_url\": \"https://api.github.com/repos/Thuva4/aws-doc-sdk-examples/issues/comments{/number}\",\n\"contents_url\": \"https://api.github.com/repos/Thuva4/aws-doc-sdk-examples/contents/{+path}\",\n\"compare_url\": \"https://api.github.com/repos/Thuva4/aws-doc-sdk-examples/compare/{base}...{head}\",\n\"merges_url\": \"https://api.github.com/repos/Thuva4/aws-doc-sdk-examples/merges\",\n\"archive_url\": \"https://api.github.com/repos/Thuva4/aws-doc-sdk-examples/{archive_format}{/ref}\",\n\"downloads_url\": \"https://api.github.com/repos/Thuva4/aws-doc-sdk-examples/downloads\",\n\"issues_url\": \"https://api.github.com/repos/Thuva4/aws-doc-sdk-examples/issues{/number}\",\n\"pulls_url\": \"https://api.github.com/repos/Thuva4/aws-doc-sdk-examples/pulls{/number}\",\n\"milestones_url\": \"https://api.github.com/repos/Thuva4/aws-doc-sdk-examples/milestones{/number}\",\n\"notifications_url\": \"https://api.github.com/repos/Thuva4/aws-doc-sdk-examples/notifications{?since,all,participating}\",\n\"labels_url\": \"https://api.github.com/repos/Thuva4/aws-doc-sdk-examples/labels{/name}\",\n\"releases_url\": \"https://api.github.com/repos/Thuva4/aws-doc-sdk-examples/releases{/id}\",\n\"deployments_url\": \"https://api.github.com/repos/Thuva4/aws-doc-sdk-examples/deployments\",\n\"created_at\": \"2019-02-20T12:41:55Z\",\n\"updated_at\": \"2019-02-20T12:52:01Z\",\n\"pushed_at\": \"2019-02-20T12:52:00Z\",\n\"git_url\": \"git://github.com/Thuva4/aws-doc-sdk-examples.git\",\n\"ssh_url\": \"git@github.com:Thuva4/aws-doc-sdk-examples.git\",\n\"clone_url\": \"https://github.com/Thuva4/aws-doc-sdk-examples.git\",\n\"svn_url\": \"https://github.com/Thuva4/aws-doc-sdk-examples\",\n\"homepage\": \"\",\n\"size\": 11831,\n\"stargazers_count\": 0,\n\"watchers_count\": 0,\n\"language\": \"Java\",\n\"has_issues\": false,\n\"has_projects\": true,\n\"has_downloads\": true,\n\"has_wiki\": false,\n\"has_pages\": false,\n\"forks_count\": 0,\n\"mirror_url\": null,\n\"archived\": false,\n\"disabled\": false,\n\"open_issues_count\": 0,\n\"license\": {\n \"key\": \"apache-2.0\",\n\"name\": \"Apache License 2.0\",\n\"spdx_id\": \"Apache-2.0\",\n\"url\": \"https://api.github.com/licenses/apache-2.0\",\n\"node_id\": \"MDc6TGljZW5zZTI=\" \n},\n\"forks\": 0,\n\"open_issues\": 0,\n\"watchers\": 0,\n\"default_branch\": \"master\",\n\"permissions\": {\n \"admin\": false,\n\"push\": false,\n\"pull\": true \n} \n} \n]"]
