["[\n {\n \"url\": \"https://api.github.com/repos/Thuva4/Useful-Repositories/issues/32\",\n\"repository_url\": \"https://api.github.com/repos/Thuva4/Useful-Repositories\",\n\"labels_url\": \"https://api.github.com/repos/Thuva4/Useful-Repositories/issues/32/labels{/name}\",\n\"comments_url\": \"https://api.github.com/repos/Thuva4/Useful-Repositories/issues/32/comments\",\n\"events_url\": \"https://api.github.com/repos/Thuva4/Useful-Repositories/issues/32/events\",\n\"html_url\": \"https://github.com/Thuva4/Useful-Repositories/pull/32\",\n\"id\": 266910426,\n\"node_id\": \"MDExOlB1bGxSZXF1ZXN0MTQ3NjA3MjA0\",\n\"number\": 32,\n\"title\": \"Fixes #17: Add initial Java repositories\",\n\"user\": {\n \"login\": \"mureinik\",\n\"id\": 4173849,\n\"node_id\": \"MDQ6VXNlcjQxNzM4NDk=\",\n\"avatar_url\": \"https://avatars1.githubusercontent.com/u/4173849?v=4\",\n\"gravatar_id\": \"\",\n\"url\": \"https://api.github.com/users/mureinik\",\n\"html_url\": \"https://github.com/mureinik\",\n\"followers_url\": \"https://api.github.com/users/mureinik/followers\",\n\"following_url\": \"https://api.github.com/users/mureinik/following{/other_user}\",\n\"gists_url\": \"https://api.github.com/users/mureinik/gists{/gist_id}\",\n\"starred_url\": \"https://api.github.com/users/mureinik/starred{/owner}{/repo}\",\n\"subscriptions_url\": \"https://api.github.com/users/mureinik/subscriptions\",\n\"organizations_url\": \"https://api.github.com/users/mureinik/orgs\",\n\"repos_url\": \"https://api.github.com/users/mureinik/repos\",\n\"events_url\": \"https://api.github.com/users/mureinik/events{/privacy}\",\n\"received_events_url\": \"https://api.github.com/users/mureinik/received_events\",\n\"type\": \"User\",\n\"site_admin\": false \n},\n\"labels\": [],\n\"state\": \"open\",\n\"locked\": false,\n\"assignee\": null,\n\"assignees\": [],\n\"milestone\": null,\n\"comments\": 0,\n\"created_at\": \"2017-10-19T16:39:36Z\",\n\"updated_at\": \"2017-10-19T16:39:36Z\",\n\"closed_at\": null,\n\"author_association\": \"NONE\",\n\"pull_request\": {\n \"url\": \"https://api.github.com/repos/Thuva4/Useful-Repositories/pulls/32\",\n\"html_url\": \"https://github.com/Thuva4/Useful-Repositories/pull/32\",\n\"diff_url\": \"https://github.com/Thuva4/Useful-Repositories/pull/32.diff\",\n\"patch_url\": \"https://github.com/Thuva4/Useful-Repositories/pull/32.patch\" \n},\n\"body\": \"Some initial useful links for Java developers\" \n},\n{\n \"url\": \"https://api.github.com/repos/Thuva4/Useful-Repositories/issues/28\",\n\"repository_url\": \"https://api.github.com/repos/Thuva4/Useful-Repositories\",\n\"labels_url\": \"https://api.github.com/repos/Thuva4/Useful-Repositories/issues/28/labels{/name}\",\n\"comments_url\": \"https://api.github.com/repos/Thuva4/Useful-Repositories/issues/28/comments\",\n\"events_url\": \"https://api.github.com/repos/Thuva4/Useful-Repositories/issues/28/events\",\n\"html_url\": \"https://github.com/Thuva4/Useful-Repositories/issues/28\",\n\"id\": 266434916,\n\"node_id\": \"MDU6SXNzdWUyNjY0MzQ5MTY=\",\n\"number\": 28,\n\"title\": \"Add a miscellaneous section to add other useful repositories\",\n\"user\": {\n \"login\": \"udit-001\",\n\"id\": 23015406,\n\"node_id\": \"MDQ6VXNlcjIzMDE1NDA2\",\n\"avatar_url\": \"https://avatars2.githubusercontent.com/u/23015406?v=4\",\n\"gravatar_id\": \"\",\n\"url\": \"https://api.github.com/users/udit-001\",\n\"html_url\": \"https://github.com/udit-001\",\n\"followers_url\": \"https://api.github.com/users/udit-001/followers\",\n\"following_url\": \"https://api.github.com/users/udit-001/following{/other_user}\",\n\"gists_url\": \"https://api.github.com/users/udit-001/gists{/gist_id}\",\n\"starred_url\": \"https://api.github.com/users/udit-001/starred{/owner}{/repo}\",\n\"subscriptions_url\": \"https://api.github.com/users/udit-001/subscriptions\",\n\"organizations_url\": \"https://api.github.com/users/udit-001/orgs\",\n\"repos_url\": \"https://api.github.com/users/udit-001/repos\",\n\"events_url\": \"https://api.github.com/users/udit-001/events{/privacy}\",\n\"received_events_url\": \"https://api.github.com/users/udit-001/received_events\",\n\"type\": \"User\",\n\"site_admin\": false \n},\n\"labels\": [],\n\"state\": \"open\",\n\"locked\": false,\n\"assignee\": null,\n\"assignees\": [],\n\"milestone\": null,\n\"comments\": 1,\n\"created_at\": \"2017-10-18T10:06:27Z\",\n\"updated_at\": \"2017-10-18T10:31:41Z\",\n\"closed_at\": null,\n\"author_association\": \"CONTRIBUTOR\",\n\"body\": \"Add a miscellaneous section to add repositories which are useful but do not come under any specific topic.\" \n},\n{\n \"url\": \"https://api.github.com/repos/Thuva4/Useful-Repositories/issues/21\",\n\"repository_url\": \"https://api.github.com/repos/Thuva4/Useful-Repositories\",\n\"labels_url\": \"https://api.github.com/repos/Thuva4/Useful-Repositories/issues/21/labels{/name}\",\n\"comments_url\": \"https://api.github.com/repos/Thuva4/Useful-Repositories/issues/21/comments\",\n\"events_url\": \"https://api.github.com/repos/Thuva4/Useful-Repositories/issues/21/events\",\n\"html_url\": \"https://github.com/Thuva4/Useful-Repositories/issues/21\",\n\"id\": 265655176,\n\"node_id\": \"MDU6SXNzdWUyNjU2NTUxNzY=\",\n\"number\": 21,\n\"title\": \"Add Algorithms related repositories\",\n\"user\": {\n \"login\": \"Thuva4\",\n\"id\": 17289840,\n\"node_id\": \"MDQ6VXNlcjE3Mjg5ODQw\",\n\"avatar_url\": \"https://avatars3.githubusercontent.com/u/17289840?v=4\",\n\"gravatar_id\": \"\",\n\"url\": \"https://api.github.com/users/Thuva4\",\n\"html_url\": \"https://github.com/Thuva4\",\n\"followers_url\": \"https://api.github.com/users/Thuva4/followers\",\n\"following_url\": \"https://api.github.com/users/Thuva4/following{/other_user}\",\n\"gists_url\": \"https://api.github.com/users/Thuva4/gists{/gist_id}\",\n\"starred_url\": \"https://api.github.com/users/Thuva4/starred{/owner}{/repo}\",\n\"subscriptions_url\": \"https://api.github.com/users/Thuva4/subscriptions\",\n\"organizations_url\": \"https://api.github.com/users/Thuva4/orgs\",\n\"repos_url\": \"https://api.github.com/users/Thuva4/repos\",\n\"events_url\": \"https://api.github.com/users/Thuva4/events{/privacy}\",\n\"received_events_url\": \"https://api.github.com/users/Thuva4/received_events\",\n\"type\": \"User\",\n\"site_admin\": false \n},\n\"labels\": [\n {\n \"id\": 715542158,\n\"node_id\": \"MDU6TGFiZWw3MTU1NDIxNTg=\",\n\"url\": \"https://api.github.com/repos/Thuva4/Useful-Repositories/labels/Hacktoberfest\",\n\"name\": \"Hacktoberfest\",\n\"color\": \"006b75\",\n\"default\": false \n},\n{\n \"id\": 715541473,\n\"node_id\": \"MDU6TGFiZWw3MTU1NDE0NzM=\",\n\"url\": \"https://api.github.com/repos/Thuva4/Useful-Repositories/labels/enhancement\",\n\"name\": \"enhancement\",\n\"color\": \"84b6eb\",\n\"default\": true \n},\n{\n \"id\": 715541475,\n\"node_id\": \"MDU6TGFiZWw3MTU1NDE0NzU=\",\n\"url\": \"https://api.github.com/repos/Thuva4/Useful-Repositories/labels/good%20first%20issue\",\n\"name\": \"good first issue\",\n\"color\": \"7057ff\",\n\"default\": true \n} \n],\n\"state\": \"open\",\n\"locked\": false,\n\"assignee\": null,\n\"assignees\": [],\n\"milestone\": null,\n\"comments\": 0,\n\"created_at\": \"2017-10-16T06:03:00Z\",\n\"updated_at\": \"2017-10-16T06:03:00Z\",\n\"closed_at\": null,\n\"author_association\": \"OWNER\",\n\"body\": \"\" \n},\n{\n \"url\": \"https://api.github.com/repos/Thuva4/Useful-Repositories/issues/20\",\n\"repository_url\": \"https://api.github.com/repos/Thuva4/Useful-Repositories\",\n\"labels_url\": \"https://api.github.com/repos/Thuva4/Useful-Repositories/issues/20/labels{/name}\",\n\"comments_url\": \"https://api.github.com/repos/Thuva4/Useful-Repositories/issues/20/comments\",\n\"events_url\": \"https://api.github.com/repos/Thuva4/Useful-Repositories/issues/20/events\",\n\"html_url\": \"https://github.com/Thuva4/Useful-Repositories/issues/20\",\n\"id\": 265655145,\n\"node_id\": \"MDU6SXNzdWUyNjU2NTUxNDU=\",\n\"number\": 20,\n\"title\": \"Add React related repositories\",\n\"user\": {\n \"login\": \"Thuva4\",\n\"id\": 17289840,\n\"node_id\": \"MDQ6VXNlcjE3Mjg5ODQw\",\n\"avatar_url\": \"https://avatars3.githubusercontent.com/u/17289840?v=4\",\n\"gravatar_id\": \"\",\n\"url\": \"https://api.github.com/users/Thuva4\",\n\"html_url\": \"https://github.com/Thuva4\",\n\"followers_url\": \"https://api.github.com/users/Thuva4/followers\",\n\"following_url\": \"https://api.github.com/users/Thuva4/following{/other_user}\",\n\"gists_url\": \"https://api.github.com/users/Thuva4/gists{/gist_id}\",\n\"starred_url\": \"https://api.github.com/users/Thuva4/starred{/owner}{/repo}\",\n\"subscriptions_url\": \"https://api.github.com/users/Thuva4/subscriptions\",\n\"organizations_url\": \"https://api.github.com/users/Thuva4/orgs\",\n\"repos_url\": \"https://api.github.com/users/Thuva4/repos\",\n\"events_url\": \"https://api.github.com/users/Thuva4/events{/privacy}\",\n\"received_events_url\": \"https://api.github.com/users/Thuva4/received_events\",\n\"type\": \"User\",\n\"site_admin\": false \n},\n\"labels\": [\n {\n \"id\": 715542158,\n\"node_id\": \"MDU6TGFiZWw3MTU1NDIxNTg=\",\n\"url\": \"https://api.github.com/repos/Thuva4/Useful-Repositories/labels/Hacktoberfest\",\n\"name\": \"Hacktoberfest\",\n\"color\": \"006b75\",\n\"default\": false \n},\n{\n \"id\": 715541473,\n\"node_id\": \"MDU6TGFiZWw3MTU1NDE0NzM=\",\n\"url\": \"https://api.github.com/repos/Thuva4/Useful-Repositories/labels/enhancement\",\n\"name\": \"enhancement\",\n\"color\": \"84b6eb\",\n\"default\": true \n},\n{\n \"id\": 715541475,\n\"node_id\": \"MDU6TGFiZWw3MTU1NDE0NzU=\",\n\"url\": \"https://api.github.com/repos/Thuva4/Useful-Repositories/labels/good%20first%20issue\",\n\"name\": \"good first issue\",\n\"color\": \"7057ff\",\n\"default\": true \n} \n],\n\"state\": \"open\",\n\"locked\": false,\n\"assignee\": null,\n\"assignees\": [],\n\"milestone\": null,\n\"comments\": 0,\n\"created_at\": \"2017-10-16T06:02:42Z\",\n\"updated_at\": \"2017-10-16T06:02:42Z\",\n\"closed_at\": null,\n\"author_association\": \"OWNER\",\n\"body\": \"\" \n},\n{\n \"url\": \"https://api.github.com/repos/Thuva4/Useful-Repositories/issues/19\",\n\"repository_url\": \"https://api.github.com/repos/Thuva4/Useful-Repositories\",\n\"labels_url\": \"https://api.github.com/repos/Thuva4/Useful-Repositories/issues/19/labels{/name}\",\n\"comments_url\": \"https://api.github.com/repos/Thuva4/Useful-Repositories/issues/19/comments\",\n\"events_url\": \"https://api.github.com/repos/Thuva4/Useful-Repositories/issues/19/events\",\n\"html_url\": \"https://github.com/Thuva4/Useful-Repositories/issues/19\",\n\"id\": 265655104,\n\"node_id\": \"MDU6SXNzdWUyNjU2NTUxMDQ=\",\n\"number\": 19,\n\"title\": \"Add C++ related repositories\",\n\"user\": {\n \"login\": \"Thuva4\",\n\"id\": 17289840,\n\"node_id\": \"MDQ6VXNlcjE3Mjg5ODQw\",\n\"avatar_url\": \"https://avatars3.githubusercontent.com/u/17289840?v=4\",\n\"gravatar_id\": \"\",\n\"url\": \"https://api.github.com/users/Thuva4\",\n\"html_url\": \"https://github.com/Thuva4\",\n\"followers_url\": \"https://api.github.com/users/Thuva4/followers\",\n\"following_url\": \"https://api.github.com/users/Thuva4/following{/other_user}\",\n\"gists_url\": \"https://api.github.com/users/Thuva4/gists{/gist_id}\",\n\"starred_url\": \"https://api.github.com/users/Thuva4/starred{/owner}{/repo}\",\n\"subscriptions_url\": \"https://api.github.com/users/Thuva4/subscriptions\",\n\"organizations_url\": \"https://api.github.com/users/Thuva4/orgs\",\n\"repos_url\": \"https://api.github.com/users/Thuva4/repos\",\n\"events_url\": \"https://api.github.com/users/Thuva4/events{/privacy}\",\n\"received_events_url\": \"https://api.github.com/users/Thuva4/received_events\",\n\"type\": \"User\",\n\"site_admin\": false \n},\n\"labels\": [\n {\n \"id\": 715542158,\n\"node_id\": \"MDU6TGFiZWw3MTU1NDIxNTg=\",\n\"url\": \"https://api.github.com/repos/Thuva4/Useful-Repositories/labels/Hacktoberfest\",\n\"name\": \"Hacktoberfest\",\n\"color\": \"006b75\",\n\"default\": false \n},\n{\n \"id\": 715541473,\n\"node_id\": \"MDU6TGFiZWw3MTU1NDE0NzM=\",\n\"url\": \"https://api.github.com/repos/Thuva4/Useful-Repositories/labels/enhancement\",\n\"name\": \"enhancement\",\n\"color\": \"84b6eb\",\n\"default\": true \n},\n{\n \"id\": 715541475,\n\"node_id\": \"MDU6TGFiZWw3MTU1NDE0NzU=\",\n\"url\": \"https://api.github.com/repos/Thuva4/Useful-Repositories/labels/good%20first%20issue\",\n\"name\": \"good first issue\",\n\"color\": \"7057ff\",\n\"default\": true \n} \n],\n\"state\": \"open\",\n\"locked\": false,\n\"assignee\": null,\n\"assignees\": [],\n\"milestone\": null,\n\"comments\": 0,\n\"created_at\": \"2017-10-16T06:02:26Z\",\n\"updated_at\": \"2017-10-16T06:02:26Z\",\n\"closed_at\": null,\n\"author_association\": \"OWNER\",\n\"body\": \"\" \n},\n{\n \"url\": \"https://api.github.com/repos/Thuva4/Useful-Repositories/issues/18\",\n\"repository_url\": \"https://api.github.com/repos/Thuva4/Useful-Repositories\",\n\"labels_url\": \"https://api.github.com/repos/Thuva4/Useful-Repositories/issues/18/labels{/name}\",\n\"comments_url\": \"https://api.github.com/repos/Thuva4/Useful-Repositories/issues/18/comments\",\n\"events_url\": \"https://api.github.com/repos/Thuva4/Useful-Repositories/issues/18/events\",\n\"html_url\": \"https://github.com/Thuva4/Useful-Repositories/issues/18\",\n\"id\": 265655034,\n\"node_id\": \"MDU6SXNzdWUyNjU2NTUwMzQ=\",\n\"number\": 18,\n\"title\": \"Add Scala related repositories\",\n\"user\": {\n \"login\": \"Thuva4\",\n\"id\": 17289840,\n\"node_id\": \"MDQ6VXNlcjE3Mjg5ODQw\",\n\"avatar_url\": \"https://avatars3.githubusercontent.com/u/17289840?v=4\",\n\"gravatar_id\": \"\",\n\"url\": \"https://api.github.com/users/Thuva4\",\n\"html_url\": \"https://github.com/Thuva4\",\n\"followers_url\": \"https://api.github.com/users/Thuva4/followers\",\n\"following_url\": \"https://api.github.com/users/Thuva4/following{/other_user}\",\n\"gists_url\": \"https://api.github.com/users/Thuva4/gists{/gist_id}\",\n\"starred_url\": \"https://api.github.com/users/Thuva4/starred{/owner}{/repo}\",\n\"subscriptions_url\": \"https://api.github.com/users/Thuva4/subscriptions\",\n\"organizations_url\": \"https://api.github.com/users/Thuva4/orgs\",\n\"repos_url\": \"https://api.github.com/users/Thuva4/repos\",\n\"events_url\": \"https://api.github.com/users/Thuva4/events{/privacy}\",\n\"received_events_url\": \"https://api.github.com/users/Thuva4/received_events\",\n\"type\": \"User\",\n\"site_admin\": false \n},\n\"labels\": [\n {\n \"id\": 715542158,\n\"node_id\": \"MDU6TGFiZWw3MTU1NDIxNTg=\",\n\"url\": \"https://api.github.com/repos/Thuva4/Useful-Repositories/labels/Hacktoberfest\",\n\"name\": \"Hacktoberfest\",\n\"color\": \"006b75\",\n\"default\": false \n},\n{\n \"id\": 715541473,\n\"node_id\": \"MDU6TGFiZWw3MTU1NDE0NzM=\",\n\"url\": \"https://api.github.com/repos/Thuva4/Useful-Repositories/labels/enhancement\",\n\"name\": \"enhancement\",\n\"color\": \"84b6eb\",\n\"default\": true \n},\n{\n \"id\": 715541475,\n\"node_id\": \"MDU6TGFiZWw3MTU1NDE0NzU=\",\n\"url\": \"https://api.github.com/repos/Thuva4/Useful-Repositories/labels/good%20first%20issue\",\n\"name\": \"good first issue\",\n\"color\": \"7057ff\",\n\"default\": true \n} \n],\n\"state\": \"open\",\n\"locked\": false,\n\"assignee\": null,\n\"assignees\": [],\n\"milestone\": null,\n\"comments\": 0,\n\"created_at\": \"2017-10-16T06:02:01Z\",\n\"updated_at\": \"2017-10-16T06:02:10Z\",\n\"closed_at\": null,\n\"author_association\": \"OWNER\",\n\"body\": \"\" \n},\n{\n \"url\": \"https://api.github.com/repos/Thuva4/Useful-Repositories/issues/17\",\n\"repository_url\": \"https://api.github.com/repos/Thuva4/Useful-Repositories\",\n\"labels_url\": \"https://api.github.com/repos/Thuva4/Useful-Repositories/issues/17/labels{/name}\",\n\"comments_url\": \"https://api.github.com/repos/Thuva4/Useful-Repositories/issues/17/comments\",\n\"events_url\": \"https://api.github.com/repos/Thuva4/Useful-Repositories/issues/17/events\",\n\"html_url\": \"https://github.com/Thuva4/Useful-Repositories/issues/17\",\n\"id\": 265655015,\n\"node_id\": \"MDU6SXNzdWUyNjU2NTUwMTU=\",\n\"number\": 17,\n\"title\": \"Add Java related repositories\",\n\"user\": {\n \"login\": \"Thuva4\",\n\"id\": 17289840,\n\"node_id\": \"MDQ6VXNlcjE3Mjg5ODQw\",\n\"avatar_url\": \"https://avatars3.githubusercontent.com/u/17289840?v=4\",\n\"gravatar_id\": \"\",\n\"url\": \"https://api.github.com/users/Thuva4\",\n\"html_url\": \"https://github.com/Thuva4\",\n\"followers_url\": \"https://api.github.com/users/Thuva4/followers\",\n\"following_url\": \"https://api.github.com/users/Thuva4/following{/other_user}\",\n\"gists_url\": \"https://api.github.com/users/Thuva4/gists{/gist_id}\",\n\"starred_url\": \"https://api.github.com/users/Thuva4/starred{/owner}{/repo}\",\n\"subscriptions_url\": \"https://api.github.com/users/Thuva4/subscriptions\",\n\"organizations_url\": \"https://api.github.com/users/Thuva4/orgs\",\n\"repos_url\": \"https://api.github.com/users/Thuva4/repos\",\n\"events_url\": \"https://api.github.com/users/Thuva4/events{/privacy}\",\n\"received_events_url\": \"https://api.github.com/users/Thuva4/received_events\",\n\"type\": \"User\",\n\"site_admin\": false \n},\n\"labels\": [\n {\n \"id\": 715542158,\n\"node_id\": \"MDU6TGFiZWw3MTU1NDIxNTg=\",\n\"url\": \"https://api.github.com/repos/Thuva4/Useful-Repositories/labels/Hacktoberfest\",\n\"name\": \"Hacktoberfest\",\n\"color\": \"006b75\",\n\"default\": false \n},\n{\n \"id\": 715541473,\n\"node_id\": \"MDU6TGFiZWw3MTU1NDE0NzM=\",\n\"url\": \"https://api.github.com/repos/Thuva4/Useful-Repositories/labels/enhancement\",\n\"name\": \"enhancement\",\n\"color\": \"84b6eb\",\n\"default\": true \n},\n{\n \"id\": 715541475,\n\"node_id\": \"MDU6TGFiZWw3MTU1NDE0NzU=\",\n\"url\": \"https://api.github.com/repos/Thuva4/Useful-Repositories/labels/good%20first%20issue\",\n\"name\": \"good first issue\",\n\"color\": \"7057ff\",\n\"default\": true \n} \n],\n\"state\": \"open\",\n\"locked\": false,\n\"assignee\": null,\n\"assignees\": [],\n\"milestone\": null,\n\"comments\": 1,\n\"created_at\": \"2017-10-16T06:01:50Z\",\n\"updated_at\": \"2017-10-19T16:28:40Z\",\n\"closed_at\": null,\n\"author_association\": \"OWNER\",\n\"body\": \"\" \n},\n{\n \"url\": \"https://api.github.com/repos/Thuva4/Useful-Repositories/issues/16\",\n\"repository_url\": \"https://api.github.com/repos/Thuva4/Useful-Repositories\",\n\"labels_url\": \"https://api.github.com/repos/Thuva4/Useful-Repositories/issues/16/labels{/name}\",\n\"comments_url\": \"https://api.github.com/repos/Thuva4/Useful-Repositories/issues/16/comments\",\n\"events_url\": \"https://api.github.com/repos/Thuva4/Useful-Repositories/issues/16/events\",\n\"html_url\": \"https://github.com/Thuva4/Useful-Repositories/issues/16\",\n\"id\": 265654970,\n\"node_id\": \"MDU6SXNzdWUyNjU2NTQ5NzA=\",\n\"number\": 16,\n\"title\": \"Add Java related repositories\",\n\"user\": {\n \"login\": \"Thuva4\",\n\"id\": 17289840,\n\"node_id\": \"MDQ6VXNlcjE3Mjg5ODQw\",\n\"avatar_url\": \"https://avatars3.githubusercontent.com/u/17289840?v=4\",\n\"gravatar_id\": \"\",\n\"url\": \"https://api.github.com/users/Thuva4\",\n\"html_url\": \"https://github.com/Thuva4\",\n\"followers_url\": \"https://api.github.com/users/Thuva4/followers\",\n\"following_url\": \"https://api.github.com/users/Thuva4/following{/other_user}\",\n\"gists_url\": \"https://api.github.com/users/Thuva4/gists{/gist_id}\",\n\"starred_url\": \"https://api.github.com/users/Thuva4/starred{/owner}{/repo}\",\n\"subscriptions_url\": \"https://api.github.com/users/Thuva4/subscriptions\",\n\"organizations_url\": \"https://api.github.com/users/Thuva4/orgs\",\n\"repos_url\": \"https://api.github.com/users/Thuva4/repos\",\n\"events_url\": \"https://api.github.com/users/Thuva4/events{/privacy}\",\n\"received_events_url\": \"https://api.github.com/users/Thuva4/received_events\",\n\"type\": \"User\",\n\"site_admin\": false \n},\n\"labels\": [\n {\n \"id\": 715542158,\n\"node_id\": \"MDU6TGFiZWw3MTU1NDIxNTg=\",\n\"url\": \"https://api.github.com/repos/Thuva4/Useful-Repositories/labels/Hacktoberfest\",\n\"name\": \"Hacktoberfest\",\n\"color\": \"006b75\",\n\"default\": false \n},\n{\n \"id\": 715541473,\n\"node_id\": \"MDU6TGFiZWw3MTU1NDE0NzM=\",\n\"url\": \"https://api.github.com/repos/Thuva4/Useful-Repositories/labels/enhancement\",\n\"name\": \"enhancement\",\n\"color\": \"84b6eb\",\n\"default\": true \n},\n{\n \"id\": 715541475,\n\"node_id\": \"MDU6TGFiZWw3MTU1NDE0NzU=\",\n\"url\": \"https://api.github.com/repos/Thuva4/Useful-Repositories/labels/good%20first%20issue\",\n\"name\": \"good first issue\",\n\"color\": \"7057ff\",\n\"default\": true \n} \n],\n\"state\": \"open\",\n\"locked\": false,\n\"assignee\": null,\n\"assignees\": [],\n\"milestone\": null,\n\"comments\": 1,\n\"created_at\": \"2017-10-16T06:01:36Z\",\n\"updated_at\": \"2017-10-19T16:45:12Z\",\n\"closed_at\": null,\n\"author_association\": \"OWNER\",\n\"body\": \"\" \n},\n{\n \"url\": \"https://api.github.com/repos/Thuva4/Useful-Repositories/issues/15\",\n\"repository_url\": \"https://api.github.com/repos/Thuva4/Useful-Repositories\",\n\"labels_url\": \"https://api.github.com/repos/Thuva4/Useful-Repositories/issues/15/labels{/name}\",\n\"comments_url\": \"https://api.github.com/repos/Thuva4/Useful-Repositories/issues/15/comments\",\n\"events_url\": \"https://api.github.com/repos/Thuva4/Useful-Repositories/issues/15/events\",\n\"html_url\": \"https://github.com/Thuva4/Useful-Repositories/issues/15\",\n\"id\": 265654930,\n\"node_id\": \"MDU6SXNzdWUyNjU2NTQ5MzA=\",\n\"number\": 15,\n\"title\": \"Add Angular related repositories\",\n\"user\": {\n \"login\": \"Thuva4\",\n\"id\": 17289840,\n\"node_id\": \"MDQ6VXNlcjE3Mjg5ODQw\",\n\"avatar_url\": \"https://avatars3.githubusercontent.com/u/17289840?v=4\",\n\"gravatar_id\": \"\",\n\"url\": \"https://api.github.com/users/Thuva4\",\n\"html_url\": \"https://github.com/Thuva4\",\n\"followers_url\": \"https://api.github.com/users/Thuva4/followers\",\n\"following_url\": \"https://api.github.com/users/Thuva4/following{/other_user}\",\n\"gists_url\": \"https://api.github.com/users/Thuva4/gists{/gist_id}\",\n\"starred_url\": \"https://api.github.com/users/Thuva4/starred{/owner}{/repo}\",\n\"subscriptions_url\": \"https://api.github.com/users/Thuva4/subscriptions\",\n\"organizations_url\": \"https://api.github.com/users/Thuva4/orgs\",\n\"repos_url\": \"https://api.github.com/users/Thuva4/repos\",\n\"events_url\": \"https://api.github.com/users/Thuva4/events{/privacy}\",\n\"received_events_url\": \"https://api.github.com/users/Thuva4/received_events\",\n\"type\": \"User\",\n\"site_admin\": false \n},\n\"labels\": [\n {\n \"id\": 715542158,\n\"node_id\": \"MDU6TGFiZWw3MTU1NDIxNTg=\",\n\"url\": \"https://api.github.com/repos/Thuva4/Useful-Repositories/labels/Hacktoberfest\",\n\"name\": \"Hacktoberfest\",\n\"color\": \"006b75\",\n\"default\": false \n},\n{\n \"id\": 715541473,\n\"node_id\": \"MDU6TGFiZWw3MTU1NDE0NzM=\",\n\"url\": \"https://api.github.com/repos/Thuva4/Useful-Repositories/labels/enhancement\",\n\"name\": \"enhancement\",\n\"color\": \"84b6eb\",\n\"default\": true \n},\n{\n \"id\": 715541475,\n\"node_id\": \"MDU6TGFiZWw3MTU1NDE0NzU=\",\n\"url\": \"https://api.github.com/repos/Thuva4/Useful-Repositories/labels/good%20first%20issue\",\n\"name\": \"good first issue\",\n\"color\": \"7057ff\",\n\"default\": true \n} \n],\n\"state\": \"open\",\n\"locked\": false,\n\"assignee\": null,\n\"assignees\": [],\n\"milestone\": null,\n\"comments\": 0,\n\"created_at\": \"2017-10-16T06:01:15Z\",\n\"updated_at\": \"2017-10-16T06:01:23Z\",\n\"closed_at\": null,\n\"author_association\": \"OWNER\",\n\"body\": \"\" \n},\n{\n \"url\": \"https://api.github.com/repos/Thuva4/Useful-Repositories/issues/14\",\n\"repository_url\": \"https://api.github.com/repos/Thuva4/Useful-Repositories\",\n\"labels_url\": \"https://api.github.com/repos/Thuva4/Useful-Repositories/issues/14/labels{/name}\",\n\"comments_url\": \"https://api.github.com/repos/Thuva4/Useful-Repositories/issues/14/comments\",\n\"events_url\": \"https://api.github.com/repos/Thuva4/Useful-Repositories/issues/14/events\",\n\"html_url\": \"https://github.com/Thuva4/Useful-Repositories/issues/14\",\n\"id\": 265654898,\n\"node_id\": \"MDU6SXNzdWUyNjU2NTQ4OTg=\",\n\"number\": 14,\n\"title\": \"Add Android related repositories\",\n\"user\": {\n \"login\": \"Thuva4\",\n\"id\": 17289840,\n\"node_id\": \"MDQ6VXNlcjE3Mjg5ODQw\",\n\"avatar_url\": \"https://avatars3.githubusercontent.com/u/17289840?v=4\",\n\"gravatar_id\": \"\",\n\"url\": \"https://api.github.com/users/Thuva4\",\n\"html_url\": \"https://github.com/Thuva4\",\n\"followers_url\": \"https://api.github.com/users/Thuva4/followers\",\n\"following_url\": \"https://api.github.com/users/Thuva4/following{/other_user}\",\n\"gists_url\": \"https://api.github.com/users/Thuva4/gists{/gist_id}\",\n\"starred_url\": \"https://api.github.com/users/Thuva4/starred{/owner}{/repo}\",\n\"subscriptions_url\": \"https://api.github.com/users/Thuva4/subscriptions\",\n\"organizations_url\": \"https://api.github.com/users/Thuva4/orgs\",\n\"repos_url\": \"https://api.github.com/users/Thuva4/repos\",\n\"events_url\": \"https://api.github.com/users/Thuva4/events{/privacy}\",\n\"received_events_url\": \"https://api.github.com/users/Thuva4/received_events\",\n\"type\": \"User\",\n\"site_admin\": false \n},\n\"labels\": [\n {\n \"id\": 715542158,\n\"node_id\": \"MDU6TGFiZWw3MTU1NDIxNTg=\",\n\"url\": \"https://api.github.com/repos/Thuva4/Useful-Repositories/labels/Hacktoberfest\",\n\"name\": \"Hacktoberfest\",\n\"color\": \"006b75\",\n\"default\": false \n},\n{\n \"id\": 715541473,\n\"node_id\": \"MDU6TGFiZWw3MTU1NDE0NzM=\",\n\"url\": \"https://api.github.com/repos/Thuva4/Useful-Repositories/labels/enhancement\",\n\"name\": \"enhancement\",\n\"color\": \"84b6eb\",\n\"default\": true \n},\n{\n \"id\": 715541475,\n\"node_id\": \"MDU6TGFiZWw3MTU1NDE0NzU=\",\n\"url\": \"https://api.github.com/repos/Thuva4/Useful-Repositories/labels/good%20first%20issue\",\n\"name\": \"good first issue\",\n\"color\": \"7057ff\",\n\"default\": true \n} \n],\n\"state\": \"open\",\n\"locked\": false,\n\"assignee\": null,\n\"assignees\": [],\n\"milestone\": null,\n\"comments\": 0,\n\"created_at\": \"2017-10-16T06:01:02Z\",\n\"updated_at\": \"2017-10-16T06:01:02Z\",\n\"closed_at\": null,\n\"author_association\": \"OWNER\",\n\"body\": \"\" \n},\n{\n \"url\": \"https://api.github.com/repos/Thuva4/Useful-Repositories/issues/9\",\n\"repository_url\": \"https://api.github.com/repos/Thuva4/Useful-Repositories\",\n\"labels_url\": \"https://api.github.com/repos/Thuva4/Useful-Repositories/issues/9/labels{/name}\",\n\"comments_url\": \"https://api.github.com/repos/Thuva4/Useful-Repositories/issues/9/comments\",\n\"events_url\": \"https://api.github.com/repos/Thuva4/Useful-Repositories/issues/9/events\",\n\"html_url\": \"https://github.com/Thuva4/Useful-Repositories/issues/9\",\n\"id\": 264461871,\n\"node_id\": \"MDU6SXNzdWUyNjQ0NjE4NzE=\",\n\"number\": 9,\n\"title\": \"Add useful Repositories \",\n\"user\": {\n \"login\": \"Thuva4\",\n\"id\": 17289840,\n\"node_id\": \"MDQ6VXNlcjE3Mjg5ODQw\",\n\"avatar_url\": \"https://avatars3.githubusercontent.com/u/17289840?v=4\",\n\"gravatar_id\": \"\",\n\"url\": \"https://api.github.com/users/Thuva4\",\n\"html_url\": \"https://github.com/Thuva4\",\n\"followers_url\": \"https://api.github.com/users/Thuva4/followers\",\n\"following_url\": \"https://api.github.com/users/Thuva4/following{/other_user}\",\n\"gists_url\": \"https://api.github.com/users/Thuva4/gists{/gist_id}\",\n\"starred_url\": \"https://api.github.com/users/Thuva4/starred{/owner}{/repo}\",\n\"subscriptions_url\": \"https://api.github.com/users/Thuva4/subscriptions\",\n\"organizations_url\": \"https://api.github.com/users/Thuva4/orgs\",\n\"repos_url\": \"https://api.github.com/users/Thuva4/repos\",\n\"events_url\": \"https://api.github.com/users/Thuva4/events{/privacy}\",\n\"received_events_url\": \"https://api.github.com/users/Thuva4/received_events\",\n\"type\": \"User\",\n\"site_admin\": false \n},\n\"labels\": [\n {\n \"id\": 715542158,\n\"node_id\": \"MDU6TGFiZWw3MTU1NDIxNTg=\",\n\"url\": \"https://api.github.com/repos/Thuva4/Useful-Repositories/labels/Hacktoberfest\",\n\"name\": \"Hacktoberfest\",\n\"color\": \"006b75\",\n\"default\": false \n},\n{\n \"id\": 715541473,\n\"node_id\": \"MDU6TGFiZWw3MTU1NDE0NzM=\",\n\"url\": \"https://api.github.com/repos/Thuva4/Useful-Repositories/labels/enhancement\",\n\"name\": \"enhancement\",\n\"color\": \"84b6eb\",\n\"default\": true \n} \n],\n\"state\": \"open\",\n\"locked\": false,\n\"assignee\": null,\n\"assignees\": [],\n\"milestone\": null,\n\"comments\": 0,\n\"created_at\": \"2017-10-11T05:31:29Z\",\n\"updated_at\": \"2017-10-11T05:32:09Z\",\n\"closed_at\": null,\n\"author_association\": \"OWNER\",\n\"body\": \"Example:\\r\\n\\r\\n## Angular\\r\\n\\r\\n* [Angular Style Guide](https://github.com/johnpapa/angular-styleguide) : A starting point for Angular development teams to provide consistency through good practices.\\r\\n\\r\\n\\r\\n\\r\\n\\r\\n\" \n},\n{\n \"url\": \"https://api.github.com/repos/Thuva4/Useful-Repositories/issues/2\",\n\"repository_url\": \"https://api.github.com/repos/Thuva4/Useful-Repositories\",\n\"labels_url\": \"https://api.github.com/repos/Thuva4/Useful-Repositories/issues/2/labels{/name}\",\n\"comments_url\": \"https://api.github.com/repos/Thuva4/Useful-Repositories/issues/2/comments\",\n\"events_url\": \"https://api.github.com/repos/Thuva4/Useful-Repositories/issues/2/events\",\n\"html_url\": \"https://github.com/Thuva4/Useful-Repositories/pull/2\",\n\"id\": 264184295,\n\"node_id\": \"MDExOlB1bGxSZXF1ZXN0MTQ1NjU5NjA5\",\n\"number\": 2,\n\"title\": \"Update README.md\",\n\"user\": {\n \"login\": \"plant99\",\n\"id\": 22407757,\n\"node_id\": \"MDQ6VXNlcjIyNDA3NzU3\",\n\"avatar_url\": \"https://avatars0.githubusercontent.com/u/22407757?v=4\",\n\"gravatar_id\": \"\",\n\"url\": \"https://api.github.com/users/plant99\",\n\"html_url\": \"https://github.com/plant99\",\n\"followers_url\": \"https://api.github.com/users/plant99/followers\",\n\"following_url\": \"https://api.github.com/users/plant99/following{/other_user}\",\n\"gists_url\": \"https://api.github.com/users/plant99/gists{/gist_id}\",\n\"starred_url\": \"https://api.github.com/users/plant99/starred{/owner}{/repo}\",\n\"subscriptions_url\": \"https://api.github.com/users/plant99/subscriptions\",\n\"organizations_url\": \"https://api.github.com/users/plant99/orgs\",\n\"repos_url\": \"https://api.github.com/users/plant99/repos\",\n\"events_url\": \"https://api.github.com/users/plant99/events{/privacy}\",\n\"received_events_url\": \"https://api.github.com/users/plant99/received_events\",\n\"type\": \"User\",\n\"site_admin\": false \n},\n\"labels\": [],\n\"state\": \"open\",\n\"locked\": false,\n\"assignee\": null,\n\"assignees\": [],\n\"milestone\": null,\n\"comments\": 3,\n\"created_at\": \"2017-10-10T10:56:20Z\",\n\"updated_at\": \"2017-10-10T11:10:18Z\",\n\"closed_at\": null,\n\"author_association\": \"NONE\",\n\"pull_request\": {\n \"url\": \"https://api.github.com/repos/Thuva4/Useful-Repositories/pulls/2\",\n\"html_url\": \"https://github.com/Thuva4/Useful-Repositories/pull/2\",\n\"diff_url\": \"https://github.com/Thuva4/Useful-Repositories/pull/2.diff\",\n\"patch_url\": \"https://github.com/Thuva4/Useful-Repositories/pull/2.patch\" \n},\n\"body\": \"#1  @Thuva4 \" \n},\n{\n \"url\": \"https://api.github.com/repos/Thuva4/Useful-Repositories/issues/1\",\n\"repository_url\": \"https://api.github.com/repos/Thuva4/Useful-Repositories\",\n\"labels_url\": \"https://api.github.com/repos/Thuva4/Useful-Repositories/issues/1/labels{/name}\",\n\"comments_url\": \"https://api.github.com/repos/Thuva4/Useful-Repositories/issues/1/comments\",\n\"events_url\": \"https://api.github.com/repos/Thuva4/Useful-Repositories/issues/1/events\",\n\"html_url\": \"https://github.com/Thuva4/Useful-Repositories/issues/1\",\n\"id\": 264181768,\n\"node_id\": \"MDU6SXNzdWUyNjQxODE3Njg=\",\n\"number\": 1,\n\"title\": \"Add useful Repositories for programmers.\",\n\"user\": {\n \"login\": \"Thuva4\",\n\"id\": 17289840,\n\"node_id\": \"MDQ6VXNlcjE3Mjg5ODQw\",\n\"avatar_url\": \"https://avatars3.githubusercontent.com/u/17289840?v=4\",\n\"gravatar_id\": \"\",\n\"url\": \"https://api.github.com/users/Thuva4\",\n\"html_url\": \"https://github.com/Thuva4\",\n\"followers_url\": \"https://api.github.com/users/Thuva4/followers\",\n\"following_url\": \"https://api.github.com/users/Thuva4/following{/other_user}\",\n\"gists_url\": \"https://api.github.com/users/Thuva4/gists{/gist_id}\",\n\"starred_url\": \"https://api.github.com/users/Thuva4/starred{/owner}{/repo}\",\n\"subscriptions_url\": \"https://api.github.com/users/Thuva4/subscriptions\",\n\"organizations_url\": \"https://api.github.com/users/Thuva4/orgs\",\n\"repos_url\": \"https://api.github.com/users/Thuva4/repos\",\n\"events_url\": \"https://api.github.com/users/Thuva4/events{/privacy}\",\n\"received_events_url\": \"https://api.github.com/users/Thuva4/received_events\",\n\"type\": \"User\",\n\"site_admin\": false \n},\n\"labels\": [\n {\n \"id\": 715542158,\n\"node_id\": \"MDU6TGFiZWw3MTU1NDIxNTg=\",\n\"url\": \"https://api.github.com/repos/Thuva4/Useful-Repositories/labels/Hacktoberfest\",\n\"name\": \"Hacktoberfest\",\n\"color\": \"006b75\",\n\"default\": false \n} \n],\n\"state\": \"open\",\n\"locked\": false,\n\"assignee\": null,\n\"assignees\": [],\n\"milestone\": null,\n\"comments\": 2,\n\"created_at\": \"2017-10-10T10:47:09Z\",\n\"updated_at\": \"2017-10-10T10:59:35Z\",\n\"closed_at\": null,\n\"author_association\": \"OWNER\",\n\"body\": \"\" \n} \n]"]
