["[\n {\n \"url\": \"https://api.github.com/repos/Thuva4/Resources/issues/65\",\n\"repository_url\": \"https://api.github.com/repos/Thuva4/Resources\",\n\"labels_url\": \"https://api.github.com/repos/Thuva4/Resources/issues/65/labels{/name}\",\n\"comments_url\": \"https://api.github.com/repos/Thuva4/Resources/issues/65/comments\",\n\"events_url\": \"https://api.github.com/repos/Thuva4/Resources/issues/65/events\",\n\"html_url\": \"https://github.com/Thuva4/Resources/pull/65\",\n\"id\": 264787659,\n\"node_id\": \"MDExOlB1bGxSZXF1ZXN0MTQ2MDk5MjE0\",\n\"number\": 65,\n\"title\": \"New Topic added alongwith a useful resouce for algorithms\",\n\"user\": {\n \"login\": \"InnovativeCoder\",\n\"id\": 25461084,\n\"node_id\": \"MDQ6VXNlcjI1NDYxMDg0\",\n\"avatar_url\": \"https://avatars2.githubusercontent.com/u/25461084?v=4\",\n\"gravatar_id\": \"\",\n\"url\": \"https://api.github.com/users/InnovativeCoder\",\n\"html_url\": \"https://github.com/InnovativeCoder\",\n\"followers_url\": \"https://api.github.com/users/InnovativeCoder/followers\",\n\"following_url\": \"https://api.github.com/users/InnovativeCoder/following{/other_user}\",\n\"gists_url\": \"https://api.github.com/users/InnovativeCoder/gists{/gist_id}\",\n\"starred_url\": \"https://api.github.com/users/InnovativeCoder/starred{/owner}{/repo}\",\n\"subscriptions_url\": \"https://api.github.com/users/InnovativeCoder/subscriptions\",\n\"organizations_url\": \"https://api.github.com/users/InnovativeCoder/orgs\",\n\"repos_url\": \"https://api.github.com/users/InnovativeCoder/repos\",\n\"events_url\": \"https://api.github.com/users/InnovativeCoder/events{/privacy}\",\n\"received_events_url\": \"https://api.github.com/users/InnovativeCoder/received_events\",\n\"type\": \"User\",\n\"site_admin\": false \n},\n\"labels\": [],\n\"state\": \"open\",\n\"locked\": false,\n\"assignee\": null,\n\"assignees\": [],\n\"milestone\": null,\n\"comments\": 0,\n\"created_at\": \"2017-10-12T01:39:34Z\",\n\"updated_at\": \"2017-10-12T01:39:34Z\",\n\"closed_at\": null,\n\"author_association\": \"NONE\",\n\"pull_request\": {\n \"url\": \"https://api.github.com/repos/Thuva4/Resources/pulls/65\",\n\"html_url\": \"https://github.com/Thuva4/Resources/pull/65\",\n\"diff_url\": \"https://github.com/Thuva4/Resources/pull/65.diff\",\n\"patch_url\": \"https://github.com/Thuva4/Resources/pull/65.patch\" \n},\n\"body\": \"\" \n},\n{\n \"url\": \"https://api.github.com/repos/Thuva4/Resources/issues/64\",\n\"repository_url\": \"https://api.github.com/repos/Thuva4/Resources\",\n\"labels_url\": \"https://api.github.com/repos/Thuva4/Resources/issues/64/labels{/name}\",\n\"comments_url\": \"https://api.github.com/repos/Thuva4/Resources/issues/64/comments\",\n\"events_url\": \"https://api.github.com/repos/Thuva4/Resources/issues/64/events\",\n\"html_url\": \"https://github.com/Thuva4/Resources/issues/64\",\n\"id\": 264666275,\n\"node_id\": \"MDU6SXNzdWUyNjQ2NjYyNzU=\",\n\"number\": 64,\n\"title\": \"better hierarchy for web developement\",\n\"user\": {\n \"login\": \"alok760\",\n\"id\": 14289201,\n\"node_id\": \"MDQ6VXNlcjE0Mjg5MjAx\",\n\"avatar_url\": \"https://avatars2.githubusercontent.com/u/14289201?v=4\",\n\"gravatar_id\": \"\",\n\"url\": \"https://api.github.com/users/alok760\",\n\"html_url\": \"https://github.com/alok760\",\n\"followers_url\": \"https://api.github.com/users/alok760/followers\",\n\"following_url\": \"https://api.github.com/users/alok760/following{/other_user}\",\n\"gists_url\": \"https://api.github.com/users/alok760/gists{/gist_id}\",\n\"starred_url\": \"https://api.github.com/users/alok760/starred{/owner}{/repo}\",\n\"subscriptions_url\": \"https://api.github.com/users/alok760/subscriptions\",\n\"organizations_url\": \"https://api.github.com/users/alok760/orgs\",\n\"repos_url\": \"https://api.github.com/users/alok760/repos\",\n\"events_url\": \"https://api.github.com/users/alok760/events{/privacy}\",\n\"received_events_url\": \"https://api.github.com/users/alok760/received_events\",\n\"type\": \"User\",\n\"site_admin\": false \n},\n\"labels\": [],\n\"state\": \"open\",\n\"locked\": false,\n\"assignee\": null,\n\"assignees\": [],\n\"milestone\": null,\n\"comments\": 0,\n\"created_at\": \"2017-10-11T17:11:08Z\",\n\"updated_at\": \"2017-10-11T17:11:08Z\",\n\"closed_at\": null,\n\"author_association\": \"CONTRIBUTOR\",\n\"body\": \"* proper back-end and front-end subheadings should be given under the heading web development.\\r\\n* topics like javascript, ruby and HTML 5 should be under web development. \\r\\nexample - \\r\\n## Web development ##\\r\\n[back to top](#readme)\\r\\n### front- end ###\\r\\n#### HTML 5 ####\\r\\n* [w3schools](https://www.w3schools.com/html/html5_intro.asp)\\r\\n\" \n},\n{\n \"url\": \"https://api.github.com/repos/Thuva4/Resources/issues/63\",\n\"repository_url\": \"https://api.github.com/repos/Thuva4/Resources\",\n\"labels_url\": \"https://api.github.com/repos/Thuva4/Resources/issues/63/labels{/name}\",\n\"comments_url\": \"https://api.github.com/repos/Thuva4/Resources/issues/63/comments\",\n\"events_url\": \"https://api.github.com/repos/Thuva4/Resources/issues/63/events\",\n\"html_url\": \"https://github.com/Thuva4/Resources/pull/63\",\n\"id\": 264662892,\n\"node_id\": \"MDExOlB1bGxSZXF1ZXN0MTQ2MDA2OTI0\",\n\"number\": 63,\n\"title\": \"javascript resource added \",\n\"user\": {\n \"login\": \"alok760\",\n\"id\": 14289201,\n\"node_id\": \"MDQ6VXNlcjE0Mjg5MjAx\",\n\"avatar_url\": \"https://avatars2.githubusercontent.com/u/14289201?v=4\",\n\"gravatar_id\": \"\",\n\"url\": \"https://api.github.com/users/alok760\",\n\"html_url\": \"https://github.com/alok760\",\n\"followers_url\": \"https://api.github.com/users/alok760/followers\",\n\"following_url\": \"https://api.github.com/users/alok760/following{/other_user}\",\n\"gists_url\": \"https://api.github.com/users/alok760/gists{/gist_id}\",\n\"starred_url\": \"https://api.github.com/users/alok760/starred{/owner}{/repo}\",\n\"subscriptions_url\": \"https://api.github.com/users/alok760/subscriptions\",\n\"organizations_url\": \"https://api.github.com/users/alok760/orgs\",\n\"repos_url\": \"https://api.github.com/users/alok760/repos\",\n\"events_url\": \"https://api.github.com/users/alok760/events{/privacy}\",\n\"received_events_url\": \"https://api.github.com/users/alok760/received_events\",\n\"type\": \"User\",\n\"site_admin\": false \n},\n\"labels\": [],\n\"state\": \"open\",\n\"locked\": false,\n\"assignee\": null,\n\"assignees\": [],\n\"milestone\": null,\n\"comments\": 0,\n\"created_at\": \"2017-10-11T16:59:51Z\",\n\"updated_at\": \"2017-10-11T16:59:51Z\",\n\"closed_at\": null,\n\"author_association\": \"CONTRIBUTOR\",\n\"pull_request\": {\n \"url\": \"https://api.github.com/repos/Thuva4/Resources/pulls/63\",\n\"html_url\": \"https://github.com/Thuva4/Resources/pull/63\",\n\"diff_url\": \"https://github.com/Thuva4/Resources/pull/63.diff\",\n\"patch_url\": \"https://github.com/Thuva4/Resources/pull/63.patch\" \n},\n\"body\": \"added  Javascript Introduction w3cx\" \n},\n{\n \"url\": \"https://api.github.com/repos/Thuva4/Resources/issues/59\",\n\"repository_url\": \"https://api.github.com/repos/Thuva4/Resources\",\n\"labels_url\": \"https://api.github.com/repos/Thuva4/Resources/issues/59/labels{/name}\",\n\"comments_url\": \"https://api.github.com/repos/Thuva4/Resources/issues/59/comments\",\n\"events_url\": \"https://api.github.com/repos/Thuva4/Resources/issues/59/events\",\n\"html_url\": \"https://github.com/Thuva4/Resources/issues/59\",\n\"id\": 264090904,\n\"node_id\": \"MDU6SXNzdWUyNjQwOTA5MDQ=\",\n\"number\": 59,\n\"title\": \"Add Android resources\",\n\"user\": {\n \"login\": \"Thuva4\",\n\"id\": 17289840,\n\"node_id\": \"MDQ6VXNlcjE3Mjg5ODQw\",\n\"avatar_url\": \"https://avatars3.githubusercontent.com/u/17289840?v=4\",\n\"gravatar_id\": \"\",\n\"url\": \"https://api.github.com/users/Thuva4\",\n\"html_url\": \"https://github.com/Thuva4\",\n\"followers_url\": \"https://api.github.com/users/Thuva4/followers\",\n\"following_url\": \"https://api.github.com/users/Thuva4/following{/other_user}\",\n\"gists_url\": \"https://api.github.com/users/Thuva4/gists{/gist_id}\",\n\"starred_url\": \"https://api.github.com/users/Thuva4/starred{/owner}{/repo}\",\n\"subscriptions_url\": \"https://api.github.com/users/Thuva4/subscriptions\",\n\"organizations_url\": \"https://api.github.com/users/Thuva4/orgs\",\n\"repos_url\": \"https://api.github.com/users/Thuva4/repos\",\n\"events_url\": \"https://api.github.com/users/Thuva4/events{/privacy}\",\n\"received_events_url\": \"https://api.github.com/users/Thuva4/received_events\",\n\"type\": \"User\",\n\"site_admin\": false \n},\n\"labels\": [\n {\n \"id\": 708591282,\n\"node_id\": \"MDU6TGFiZWw3MDg1OTEyODI=\",\n\"url\": \"https://api.github.com/repos/Thuva4/Resources/labels/Hacktoberfest\",\n\"name\": \"Hacktoberfest\",\n\"color\": \"0e8a16\",\n\"default\": false \n} \n],\n\"state\": \"open\",\n\"locked\": false,\n\"assignee\": null,\n\"assignees\": [],\n\"milestone\": null,\n\"comments\": 1,\n\"created_at\": \"2017-10-10T03:50:18Z\",\n\"updated_at\": \"2017-10-10T08:36:36Z\",\n\"closed_at\": null,\n\"author_association\": \"OWNER\",\n\"body\": \"\" \n},\n{\n \"url\": \"https://api.github.com/repos/Thuva4/Resources/issues/58\",\n\"repository_url\": \"https://api.github.com/repos/Thuva4/Resources\",\n\"labels_url\": \"https://api.github.com/repos/Thuva4/Resources/issues/58/labels{/name}\",\n\"comments_url\": \"https://api.github.com/repos/Thuva4/Resources/issues/58/comments\",\n\"events_url\": \"https://api.github.com/repos/Thuva4/Resources/issues/58/events\",\n\"html_url\": \"https://github.com/Thuva4/Resources/pull/58\",\n\"id\": 263891447,\n\"node_id\": \"MDExOlB1bGxSZXF1ZXN0MTQ1NDUwNDc4\",\n\"number\": 58,\n\"title\": \"Learn in a fun way\",\n\"user\": {\n \"login\": \"dsdeeptisharma\",\n\"id\": 17436899,\n\"node_id\": \"MDQ6VXNlcjE3NDM2ODk5\",\n\"avatar_url\": \"https://avatars2.githubusercontent.com/u/17436899?v=4\",\n\"gravatar_id\": \"\",\n\"url\": \"https://api.github.com/users/dsdeeptisharma\",\n\"html_url\": \"https://github.com/dsdeeptisharma\",\n\"followers_url\": \"https://api.github.com/users/dsdeeptisharma/followers\",\n\"following_url\": \"https://api.github.com/users/dsdeeptisharma/following{/other_user}\",\n\"gists_url\": \"https://api.github.com/users/dsdeeptisharma/gists{/gist_id}\",\n\"starred_url\": \"https://api.github.com/users/dsdeeptisharma/starred{/owner}{/repo}\",\n\"subscriptions_url\": \"https://api.github.com/users/dsdeeptisharma/subscriptions\",\n\"organizations_url\": \"https://api.github.com/users/dsdeeptisharma/orgs\",\n\"repos_url\": \"https://api.github.com/users/dsdeeptisharma/repos\",\n\"events_url\": \"https://api.github.com/users/dsdeeptisharma/events{/privacy}\",\n\"received_events_url\": \"https://api.github.com/users/dsdeeptisharma/received_events\",\n\"type\": \"User\",\n\"site_admin\": false \n},\n\"labels\": [],\n\"state\": \"open\",\n\"locked\": false,\n\"assignee\": null,\n\"assignees\": [],\n\"milestone\": null,\n\"comments\": 1,\n\"created_at\": \"2017-10-09T13:16:26Z\",\n\"updated_at\": \"2017-10-10T03:49:27Z\",\n\"closed_at\": null,\n\"author_association\": \"CONTRIBUTOR\",\n\"pull_request\": {\n \"url\": \"https://api.github.com/repos/Thuva4/Resources/pulls/58\",\n\"html_url\": \"https://github.com/Thuva4/Resources/pull/58\",\n\"diff_url\": \"https://github.com/Thuva4/Resources/pull/58.diff\",\n\"patch_url\": \"https://github.com/Thuva4/Resources/pull/58.patch\" \n},\n\"body\": \"\" \n},\n{\n \"url\": \"https://api.github.com/repos/Thuva4/Resources/issues/45\",\n\"repository_url\": \"https://api.github.com/repos/Thuva4/Resources\",\n\"labels_url\": \"https://api.github.com/repos/Thuva4/Resources/issues/45/labels{/name}\",\n\"comments_url\": \"https://api.github.com/repos/Thuva4/Resources/issues/45/comments\",\n\"events_url\": \"https://api.github.com/repos/Thuva4/Resources/issues/45/events\",\n\"html_url\": \"https://github.com/Thuva4/Resources/issues/45\",\n\"id\": 263133950,\n\"node_id\": \"MDU6SXNzdWUyNjMxMzM5NTA=\",\n\"number\": 45,\n\"title\": \"Add new resources for machine learning \",\n\"user\": {\n \"login\": \"Thuva4\",\n\"id\": 17289840,\n\"node_id\": \"MDQ6VXNlcjE3Mjg5ODQw\",\n\"avatar_url\": \"https://avatars3.githubusercontent.com/u/17289840?v=4\",\n\"gravatar_id\": \"\",\n\"url\": \"https://api.github.com/users/Thuva4\",\n\"html_url\": \"https://github.com/Thuva4\",\n\"followers_url\": \"https://api.github.com/users/Thuva4/followers\",\n\"following_url\": \"https://api.github.com/users/Thuva4/following{/other_user}\",\n\"gists_url\": \"https://api.github.com/users/Thuva4/gists{/gist_id}\",\n\"starred_url\": \"https://api.github.com/users/Thuva4/starred{/owner}{/repo}\",\n\"subscriptions_url\": \"https://api.github.com/users/Thuva4/subscriptions\",\n\"organizations_url\": \"https://api.github.com/users/Thuva4/orgs\",\n\"repos_url\": \"https://api.github.com/users/Thuva4/repos\",\n\"events_url\": \"https://api.github.com/users/Thuva4/events{/privacy}\",\n\"received_events_url\": \"https://api.github.com/users/Thuva4/received_events\",\n\"type\": \"User\",\n\"site_admin\": false \n},\n\"labels\": [\n {\n \"id\": 708591282,\n\"node_id\": \"MDU6TGFiZWw3MDg1OTEyODI=\",\n\"url\": \"https://api.github.com/repos/Thuva4/Resources/labels/Hacktoberfest\",\n\"name\": \"Hacktoberfest\",\n\"color\": \"0e8a16\",\n\"default\": false \n} \n],\n\"state\": \"open\",\n\"locked\": false,\n\"assignee\": null,\n\"assignees\": [],\n\"milestone\": null,\n\"comments\": 1,\n\"created_at\": \"2017-10-05T13:54:23Z\",\n\"updated_at\": \"2017-10-07T18:18:08Z\",\n\"closed_at\": null,\n\"author_association\": \"OWNER\",\n\"body\": \"\" \n},\n{\n \"url\": \"https://api.github.com/repos/Thuva4/Resources/issues/40\",\n\"repository_url\": \"https://api.github.com/repos/Thuva4/Resources\",\n\"labels_url\": \"https://api.github.com/repos/Thuva4/Resources/issues/40/labels{/name}\",\n\"comments_url\": \"https://api.github.com/repos/Thuva4/Resources/issues/40/comments\",\n\"events_url\": \"https://api.github.com/repos/Thuva4/Resources/issues/40/events\",\n\"html_url\": \"https://github.com/Thuva4/Resources/issues/40\",\n\"id\": 262985186,\n\"node_id\": \"MDU6SXNzdWUyNjI5ODUxODY=\",\n\"number\": 40,\n\"title\": \"Add web development resources\",\n\"user\": {\n \"login\": \"Thuva4\",\n\"id\": 17289840,\n\"node_id\": \"MDQ6VXNlcjE3Mjg5ODQw\",\n\"avatar_url\": \"https://avatars3.githubusercontent.com/u/17289840?v=4\",\n\"gravatar_id\": \"\",\n\"url\": \"https://api.github.com/users/Thuva4\",\n\"html_url\": \"https://github.com/Thuva4\",\n\"followers_url\": \"https://api.github.com/users/Thuva4/followers\",\n\"following_url\": \"https://api.github.com/users/Thuva4/following{/other_user}\",\n\"gists_url\": \"https://api.github.com/users/Thuva4/gists{/gist_id}\",\n\"starred_url\": \"https://api.github.com/users/Thuva4/starred{/owner}{/repo}\",\n\"subscriptions_url\": \"https://api.github.com/users/Thuva4/subscriptions\",\n\"organizations_url\": \"https://api.github.com/users/Thuva4/orgs\",\n\"repos_url\": \"https://api.github.com/users/Thuva4/repos\",\n\"events_url\": \"https://api.github.com/users/Thuva4/events{/privacy}\",\n\"received_events_url\": \"https://api.github.com/users/Thuva4/received_events\",\n\"type\": \"User\",\n\"site_admin\": false \n},\n\"labels\": [\n {\n \"id\": 708591282,\n\"node_id\": \"MDU6TGFiZWw3MDg1OTEyODI=\",\n\"url\": \"https://api.github.com/repos/Thuva4/Resources/labels/Hacktoberfest\",\n\"name\": \"Hacktoberfest\",\n\"color\": \"0e8a16\",\n\"default\": false \n},\n{\n \"id\": 647455134,\n\"node_id\": \"MDU6TGFiZWw2NDc0NTUxMzQ=\",\n\"url\": \"https://api.github.com/repos/Thuva4/Resources/labels/enhancement\",\n\"name\": \"enhancement\",\n\"color\": \"84b6eb\",\n\"default\": true \n} \n],\n\"state\": \"open\",\n\"locked\": false,\n\"assignee\": null,\n\"assignees\": [],\n\"milestone\": null,\n\"comments\": 0,\n\"created_at\": \"2017-10-05T02:14:34Z\",\n\"updated_at\": \"2017-10-05T02:14:34Z\",\n\"closed_at\": null,\n\"author_association\": \"OWNER\",\n\"body\": \"See [Contributing Guide](https://github.com/Thuva4/Resources/blob/master/CONTRIBUTING.md) for more details.\" \n},\n{\n \"url\": \"https://api.github.com/repos/Thuva4/Resources/issues/34\",\n\"repository_url\": \"https://api.github.com/repos/Thuva4/Resources\",\n\"labels_url\": \"https://api.github.com/repos/Thuva4/Resources/issues/34/labels{/name}\",\n\"comments_url\": \"https://api.github.com/repos/Thuva4/Resources/issues/34/comments\",\n\"events_url\": \"https://api.github.com/repos/Thuva4/Resources/issues/34/events\",\n\"html_url\": \"https://github.com/Thuva4/Resources/issues/34\",\n\"id\": 262739022,\n\"node_id\": \"MDU6SXNzdWUyNjI3MzkwMjI=\",\n\"number\": 34,\n\"title\": \"Add Angular resources \",\n\"user\": {\n \"login\": \"Thuva4\",\n\"id\": 17289840,\n\"node_id\": \"MDQ6VXNlcjE3Mjg5ODQw\",\n\"avatar_url\": \"https://avatars3.githubusercontent.com/u/17289840?v=4\",\n\"gravatar_id\": \"\",\n\"url\": \"https://api.github.com/users/Thuva4\",\n\"html_url\": \"https://github.com/Thuva4\",\n\"followers_url\": \"https://api.github.com/users/Thuva4/followers\",\n\"following_url\": \"https://api.github.com/users/Thuva4/following{/other_user}\",\n\"gists_url\": \"https://api.github.com/users/Thuva4/gists{/gist_id}\",\n\"starred_url\": \"https://api.github.com/users/Thuva4/starred{/owner}{/repo}\",\n\"subscriptions_url\": \"https://api.github.com/users/Thuva4/subscriptions\",\n\"organizations_url\": \"https://api.github.com/users/Thuva4/orgs\",\n\"repos_url\": \"https://api.github.com/users/Thuva4/repos\",\n\"events_url\": \"https://api.github.com/users/Thuva4/events{/privacy}\",\n\"received_events_url\": \"https://api.github.com/users/Thuva4/received_events\",\n\"type\": \"User\",\n\"site_admin\": false \n},\n\"labels\": [\n {\n \"id\": 708591282,\n\"node_id\": \"MDU6TGFiZWw3MDg1OTEyODI=\",\n\"url\": \"https://api.github.com/repos/Thuva4/Resources/labels/Hacktoberfest\",\n\"name\": \"Hacktoberfest\",\n\"color\": \"0e8a16\",\n\"default\": false \n},\n{\n \"id\": 647455134,\n\"node_id\": \"MDU6TGFiZWw2NDc0NTUxMzQ=\",\n\"url\": \"https://api.github.com/repos/Thuva4/Resources/labels/enhancement\",\n\"name\": \"enhancement\",\n\"color\": \"84b6eb\",\n\"default\": true \n} \n],\n\"state\": \"open\",\n\"locked\": false,\n\"assignee\": null,\n\"assignees\": [],\n\"milestone\": null,\n\"comments\": 3,\n\"created_at\": \"2017-10-04T10:31:11Z\",\n\"updated_at\": \"2017-10-04T11:39:18Z\",\n\"closed_at\": null,\n\"author_association\": \"OWNER\",\n\"body\": \"\" \n},\n{\n \"url\": \"https://api.github.com/repos/Thuva4/Resources/issues/30\",\n\"repository_url\": \"https://api.github.com/repos/Thuva4/Resources\",\n\"labels_url\": \"https://api.github.com/repos/Thuva4/Resources/issues/30/labels{/name}\",\n\"comments_url\": \"https://api.github.com/repos/Thuva4/Resources/issues/30/comments\",\n\"events_url\": \"https://api.github.com/repos/Thuva4/Resources/issues/30/events\",\n\"html_url\": \"https://github.com/Thuva4/Resources/issues/30\",\n\"id\": 262665632,\n\"node_id\": \"MDU6SXNzdWUyNjI2NjU2MzI=\",\n\"number\": 30,\n\"title\": \"Add Python resources\",\n\"user\": {\n \"login\": \"Thuva4\",\n\"id\": 17289840,\n\"node_id\": \"MDQ6VXNlcjE3Mjg5ODQw\",\n\"avatar_url\": \"https://avatars3.githubusercontent.com/u/17289840?v=4\",\n\"gravatar_id\": \"\",\n\"url\": \"https://api.github.com/users/Thuva4\",\n\"html_url\": \"https://github.com/Thuva4\",\n\"followers_url\": \"https://api.github.com/users/Thuva4/followers\",\n\"following_url\": \"https://api.github.com/users/Thuva4/following{/other_user}\",\n\"gists_url\": \"https://api.github.com/users/Thuva4/gists{/gist_id}\",\n\"starred_url\": \"https://api.github.com/users/Thuva4/starred{/owner}{/repo}\",\n\"subscriptions_url\": \"https://api.github.com/users/Thuva4/subscriptions\",\n\"organizations_url\": \"https://api.github.com/users/Thuva4/orgs\",\n\"repos_url\": \"https://api.github.com/users/Thuva4/repos\",\n\"events_url\": \"https://api.github.com/users/Thuva4/events{/privacy}\",\n\"received_events_url\": \"https://api.github.com/users/Thuva4/received_events\",\n\"type\": \"User\",\n\"site_admin\": false \n},\n\"labels\": [\n {\n \"id\": 708591282,\n\"node_id\": \"MDU6TGFiZWw3MDg1OTEyODI=\",\n\"url\": \"https://api.github.com/repos/Thuva4/Resources/labels/Hacktoberfest\",\n\"name\": \"Hacktoberfest\",\n\"color\": \"0e8a16\",\n\"default\": false \n},\n{\n \"id\": 647455134,\n\"node_id\": \"MDU6TGFiZWw2NDc0NTUxMzQ=\",\n\"url\": \"https://api.github.com/repos/Thuva4/Resources/labels/enhancement\",\n\"name\": \"enhancement\",\n\"color\": \"84b6eb\",\n\"default\": true \n} \n],\n\"state\": \"open\",\n\"locked\": false,\n\"assignee\": null,\n\"assignees\": [],\n\"milestone\": null,\n\"comments\": 3,\n\"created_at\": \"2017-10-04T05:02:48Z\",\n\"updated_at\": \"2017-10-04T17:50:43Z\",\n\"closed_at\": null,\n\"author_association\": \"OWNER\",\n\"body\": \"\" \n},\n{\n \"url\": \"https://api.github.com/repos/Thuva4/Resources/issues/22\",\n\"repository_url\": \"https://api.github.com/repos/Thuva4/Resources\",\n\"labels_url\": \"https://api.github.com/repos/Thuva4/Resources/issues/22/labels{/name}\",\n\"comments_url\": \"https://api.github.com/repos/Thuva4/Resources/issues/22/comments\",\n\"events_url\": \"https://api.github.com/repos/Thuva4/Resources/issues/22/events\",\n\"html_url\": \"https://github.com/Thuva4/Resources/issues/22\",\n\"id\": 262379532,\n\"node_id\": \"MDU6SXNzdWUyNjIzNzk1MzI=\",\n\"number\": 22,\n\"title\": \"Add more resources\",\n\"user\": {\n \"login\": \"Thuva4\",\n\"id\": 17289840,\n\"node_id\": \"MDQ6VXNlcjE3Mjg5ODQw\",\n\"avatar_url\": \"https://avatars3.githubusercontent.com/u/17289840?v=4\",\n\"gravatar_id\": \"\",\n\"url\": \"https://api.github.com/users/Thuva4\",\n\"html_url\": \"https://github.com/Thuva4\",\n\"followers_url\": \"https://api.github.com/users/Thuva4/followers\",\n\"following_url\": \"https://api.github.com/users/Thuva4/following{/other_user}\",\n\"gists_url\": \"https://api.github.com/users/Thuva4/gists{/gist_id}\",\n\"starred_url\": \"https://api.github.com/users/Thuva4/starred{/owner}{/repo}\",\n\"subscriptions_url\": \"https://api.github.com/users/Thuva4/subscriptions\",\n\"organizations_url\": \"https://api.github.com/users/Thuva4/orgs\",\n\"repos_url\": \"https://api.github.com/users/Thuva4/repos\",\n\"events_url\": \"https://api.github.com/users/Thuva4/events{/privacy}\",\n\"received_events_url\": \"https://api.github.com/users/Thuva4/received_events\",\n\"type\": \"User\",\n\"site_admin\": false \n},\n\"labels\": [\n {\n \"id\": 708591282,\n\"node_id\": \"MDU6TGFiZWw3MDg1OTEyODI=\",\n\"url\": \"https://api.github.com/repos/Thuva4/Resources/labels/Hacktoberfest\",\n\"name\": \"Hacktoberfest\",\n\"color\": \"0e8a16\",\n\"default\": false \n},\n{\n \"id\": 647455134,\n\"node_id\": \"MDU6TGFiZWw2NDc0NTUxMzQ=\",\n\"url\": \"https://api.github.com/repos/Thuva4/Resources/labels/enhancement\",\n\"name\": \"enhancement\",\n\"color\": \"84b6eb\",\n\"default\": true \n} \n],\n\"state\": \"open\",\n\"locked\": false,\n\"assignee\": null,\n\"assignees\": [],\n\"milestone\": null,\n\"comments\": 2,\n\"created_at\": \"2017-10-03T10:36:05Z\",\n\"updated_at\": \"2017-10-07T18:26:03Z\",\n\"closed_at\": null,\n\"author_association\": \"OWNER\",\n\"body\": \"Include more resources about computer science.\" \n},\n{\n \"url\": \"https://api.github.com/repos/Thuva4/Resources/issues/17\",\n\"repository_url\": \"https://api.github.com/repos/Thuva4/Resources\",\n\"labels_url\": \"https://api.github.com/repos/Thuva4/Resources/issues/17/labels{/name}\",\n\"comments_url\": \"https://api.github.com/repos/Thuva4/Resources/issues/17/comments\",\n\"events_url\": \"https://api.github.com/repos/Thuva4/Resources/issues/17/events\",\n\"html_url\": \"https://github.com/Thuva4/Resources/issues/17\",\n\"id\": 262305804,\n\"node_id\": \"MDU6SXNzdWUyNjIzMDU4MDQ=\",\n\"number\": 17,\n\"title\": \"Restructure the Repository \",\n\"user\": {\n \"login\": \"Thuva4\",\n\"id\": 17289840,\n\"node_id\": \"MDQ6VXNlcjE3Mjg5ODQw\",\n\"avatar_url\": \"https://avatars3.githubusercontent.com/u/17289840?v=4\",\n\"gravatar_id\": \"\",\n\"url\": \"https://api.github.com/users/Thuva4\",\n\"html_url\": \"https://github.com/Thuva4\",\n\"followers_url\": \"https://api.github.com/users/Thuva4/followers\",\n\"following_url\": \"https://api.github.com/users/Thuva4/following{/other_user}\",\n\"gists_url\": \"https://api.github.com/users/Thuva4/gists{/gist_id}\",\n\"starred_url\": \"https://api.github.com/users/Thuva4/starred{/owner}{/repo}\",\n\"subscriptions_url\": \"https://api.github.com/users/Thuva4/subscriptions\",\n\"organizations_url\": \"https://api.github.com/users/Thuva4/orgs\",\n\"repos_url\": \"https://api.github.com/users/Thuva4/repos\",\n\"events_url\": \"https://api.github.com/users/Thuva4/events{/privacy}\",\n\"received_events_url\": \"https://api.github.com/users/Thuva4/received_events\",\n\"type\": \"User\",\n\"site_admin\": false \n},\n\"labels\": [\n {\n \"id\": 708591282,\n\"node_id\": \"MDU6TGFiZWw3MDg1OTEyODI=\",\n\"url\": \"https://api.github.com/repos/Thuva4/Resources/labels/Hacktoberfest\",\n\"name\": \"Hacktoberfest\",\n\"color\": \"0e8a16\",\n\"default\": false \n},\n{\n \"id\": 647455134,\n\"node_id\": \"MDU6TGFiZWw2NDc0NTUxMzQ=\",\n\"url\": \"https://api.github.com/repos/Thuva4/Resources/labels/enhancement\",\n\"name\": \"enhancement\",\n\"color\": \"84b6eb\",\n\"default\": true \n} \n],\n\"state\": \"open\",\n\"locked\": false,\n\"assignee\": null,\n\"assignees\": [],\n\"milestone\": null,\n\"comments\": 2,\n\"created_at\": \"2017-10-03T05:07:35Z\",\n\"updated_at\": \"2017-10-03T06:39:14Z\",\n\"closed_at\": null,\n\"author_association\": \"OWNER\",\n\"body\": \"Looking for a suggestion to maintain this repository. If you have any idea feel free to tell. \" \n},\n{\n \"url\": \"https://api.github.com/repos/Thuva4/Resources/issues/15\",\n\"repository_url\": \"https://api.github.com/repos/Thuva4/Resources\",\n\"labels_url\": \"https://api.github.com/repos/Thuva4/Resources/issues/15/labels{/name}\",\n\"comments_url\": \"https://api.github.com/repos/Thuva4/Resources/issues/15/comments\",\n\"events_url\": \"https://api.github.com/repos/Thuva4/Resources/issues/15/events\",\n\"html_url\": \"https://github.com/Thuva4/Resources/issues/15\",\n\"id\": 262303850,\n\"node_id\": \"MDU6SXNzdWUyNjIzMDM4NTA=\",\n\"number\": 15,\n\"title\": \"Add resources for Android development\",\n\"user\": {\n \"login\": \"Thuva4\",\n\"id\": 17289840,\n\"node_id\": \"MDQ6VXNlcjE3Mjg5ODQw\",\n\"avatar_url\": \"https://avatars3.githubusercontent.com/u/17289840?v=4\",\n\"gravatar_id\": \"\",\n\"url\": \"https://api.github.com/users/Thuva4\",\n\"html_url\": \"https://github.com/Thuva4\",\n\"followers_url\": \"https://api.github.com/users/Thuva4/followers\",\n\"following_url\": \"https://api.github.com/users/Thuva4/following{/other_user}\",\n\"gists_url\": \"https://api.github.com/users/Thuva4/gists{/gist_id}\",\n\"starred_url\": \"https://api.github.com/users/Thuva4/starred{/owner}{/repo}\",\n\"subscriptions_url\": \"https://api.github.com/users/Thuva4/subscriptions\",\n\"organizations_url\": \"https://api.github.com/users/Thuva4/orgs\",\n\"repos_url\": \"https://api.github.com/users/Thuva4/repos\",\n\"events_url\": \"https://api.github.com/users/Thuva4/events{/privacy}\",\n\"received_events_url\": \"https://api.github.com/users/Thuva4/received_events\",\n\"type\": \"User\",\n\"site_admin\": false \n},\n\"labels\": [\n {\n \"id\": 708591282,\n\"node_id\": \"MDU6TGFiZWw3MDg1OTEyODI=\",\n\"url\": \"https://api.github.com/repos/Thuva4/Resources/labels/Hacktoberfest\",\n\"name\": \"Hacktoberfest\",\n\"color\": \"0e8a16\",\n\"default\": false \n},\n{\n \"id\": 647455134,\n\"node_id\": \"MDU6TGFiZWw2NDc0NTUxMzQ=\",\n\"url\": \"https://api.github.com/repos/Thuva4/Resources/labels/enhancement\",\n\"name\": \"enhancement\",\n\"color\": \"84b6eb\",\n\"default\": true \n} \n],\n\"state\": \"open\",\n\"locked\": false,\n\"assignee\": null,\n\"assignees\": [],\n\"milestone\": null,\n\"comments\": 3,\n\"created_at\": \"2017-10-03T04:52:29Z\",\n\"updated_at\": \"2017-10-08T16:03:09Z\",\n\"closed_at\": null,\n\"author_association\": \"OWNER\",\n\"body\": \"\" \n},\n{\n \"url\": \"https://api.github.com/repos/Thuva4/Resources/issues/14\",\n\"repository_url\": \"https://api.github.com/repos/Thuva4/Resources\",\n\"labels_url\": \"https://api.github.com/repos/Thuva4/Resources/issues/14/labels{/name}\",\n\"comments_url\": \"https://api.github.com/repos/Thuva4/Resources/issues/14/comments\",\n\"events_url\": \"https://api.github.com/repos/Thuva4/Resources/issues/14/events\",\n\"html_url\": \"https://github.com/Thuva4/Resources/issues/14\",\n\"id\": 262302526,\n\"node_id\": \"MDU6SXNzdWUyNjIzMDI1MjY=\",\n\"number\": 14,\n\"title\": \"Update Readme File\",\n\"user\": {\n \"login\": \"Thuva4\",\n\"id\": 17289840,\n\"node_id\": \"MDQ6VXNlcjE3Mjg5ODQw\",\n\"avatar_url\": \"https://avatars3.githubusercontent.com/u/17289840?v=4\",\n\"gravatar_id\": \"\",\n\"url\": \"https://api.github.com/users/Thuva4\",\n\"html_url\": \"https://github.com/Thuva4\",\n\"followers_url\": \"https://api.github.com/users/Thuva4/followers\",\n\"following_url\": \"https://api.github.com/users/Thuva4/following{/other_user}\",\n\"gists_url\": \"https://api.github.com/users/Thuva4/gists{/gist_id}\",\n\"starred_url\": \"https://api.github.com/users/Thuva4/starred{/owner}{/repo}\",\n\"subscriptions_url\": \"https://api.github.com/users/Thuva4/subscriptions\",\n\"organizations_url\": \"https://api.github.com/users/Thuva4/orgs\",\n\"repos_url\": \"https://api.github.com/users/Thuva4/repos\",\n\"events_url\": \"https://api.github.com/users/Thuva4/events{/privacy}\",\n\"received_events_url\": \"https://api.github.com/users/Thuva4/received_events\",\n\"type\": \"User\",\n\"site_admin\": false \n},\n\"labels\": [\n {\n \"id\": 708591282,\n\"node_id\": \"MDU6TGFiZWw3MDg1OTEyODI=\",\n\"url\": \"https://api.github.com/repos/Thuva4/Resources/labels/Hacktoberfest\",\n\"name\": \"Hacktoberfest\",\n\"color\": \"0e8a16\",\n\"default\": false \n},\n{\n \"id\": 647455134,\n\"node_id\": \"MDU6TGFiZWw2NDc0NTUxMzQ=\",\n\"url\": \"https://api.github.com/repos/Thuva4/Resources/labels/enhancement\",\n\"name\": \"enhancement\",\n\"color\": \"84b6eb\",\n\"default\": true \n} \n],\n\"state\": \"open\",\n\"locked\": false,\n\"assignee\": null,\n\"assignees\": [],\n\"milestone\": null,\n\"comments\": 7,\n\"created_at\": \"2017-10-03T04:42:00Z\",\n\"updated_at\": \"2017-10-04T12:43:21Z\",\n\"closed_at\": null,\n\"author_association\": \"OWNER\",\n\"body\": \"Refactor the Readme file and make it more readable. \" \n},\n{\n \"url\": \"https://api.github.com/repos/Thuva4/Resources/issues/4\",\n\"repository_url\": \"https://api.github.com/repos/Thuva4/Resources\",\n\"labels_url\": \"https://api.github.com/repos/Thuva4/Resources/issues/4/labels{/name}\",\n\"comments_url\": \"https://api.github.com/repos/Thuva4/Resources/issues/4/comments\",\n\"events_url\": \"https://api.github.com/repos/Thuva4/Resources/issues/4/events\",\n\"html_url\": \"https://github.com/Thuva4/Resources/issues/4\",\n\"id\": 262096728,\n\"node_id\": \"MDU6SXNzdWUyNjIwOTY3Mjg=\",\n\"number\": 4,\n\"title\": \"Resources related to programming languages \",\n\"user\": {\n \"login\": \"Thuva4\",\n\"id\": 17289840,\n\"node_id\": \"MDQ6VXNlcjE3Mjg5ODQw\",\n\"avatar_url\": \"https://avatars3.githubusercontent.com/u/17289840?v=4\",\n\"gravatar_id\": \"\",\n\"url\": \"https://api.github.com/users/Thuva4\",\n\"html_url\": \"https://github.com/Thuva4\",\n\"followers_url\": \"https://api.github.com/users/Thuva4/followers\",\n\"following_url\": \"https://api.github.com/users/Thuva4/following{/other_user}\",\n\"gists_url\": \"https://api.github.com/users/Thuva4/gists{/gist_id}\",\n\"starred_url\": \"https://api.github.com/users/Thuva4/starred{/owner}{/repo}\",\n\"subscriptions_url\": \"https://api.github.com/users/Thuva4/subscriptions\",\n\"organizations_url\": \"https://api.github.com/users/Thuva4/orgs\",\n\"repos_url\": \"https://api.github.com/users/Thuva4/repos\",\n\"events_url\": \"https://api.github.com/users/Thuva4/events{/privacy}\",\n\"received_events_url\": \"https://api.github.com/users/Thuva4/received_events\",\n\"type\": \"User\",\n\"site_admin\": false \n},\n\"labels\": [\n {\n \"id\": 708591282,\n\"node_id\": \"MDU6TGFiZWw3MDg1OTEyODI=\",\n\"url\": \"https://api.github.com/repos/Thuva4/Resources/labels/Hacktoberfest\",\n\"name\": \"Hacktoberfest\",\n\"color\": \"0e8a16\",\n\"default\": false \n},\n{\n \"id\": 647455134,\n\"node_id\": \"MDU6TGFiZWw2NDc0NTUxMzQ=\",\n\"url\": \"https://api.github.com/repos/Thuva4/Resources/labels/enhancement\",\n\"name\": \"enhancement\",\n\"color\": \"84b6eb\",\n\"default\": true \n} \n],\n\"state\": \"open\",\n\"locked\": false,\n\"assignee\": null,\n\"assignees\": [],\n\"milestone\": null,\n\"comments\": 8,\n\"created_at\": \"2017-10-02T14:06:17Z\",\n\"updated_at\": \"2017-10-03T06:03:29Z\",\n\"closed_at\": null,\n\"author_association\": \"OWNER\",\n\"body\": \"add resources related to programming languages \" \n},\n{\n \"url\": \"https://api.github.com/repos/Thuva4/Resources/issues/1\",\n\"repository_url\": \"https://api.github.com/repos/Thuva4/Resources\",\n\"labels_url\": \"https://api.github.com/repos/Thuva4/Resources/issues/1/labels{/name}\",\n\"comments_url\": \"https://api.github.com/repos/Thuva4/Resources/issues/1/comments\",\n\"events_url\": \"https://api.github.com/repos/Thuva4/Resources/issues/1/events\",\n\"html_url\": \"https://github.com/Thuva4/Resources/issues/1\",\n\"id\": 262093568,\n\"node_id\": \"MDU6SXNzdWUyNjIwOTM1Njg=\",\n\"number\": 1,\n\"title\": \"Add new resources \",\n\"user\": {\n \"login\": \"Thuva4\",\n\"id\": 17289840,\n\"node_id\": \"MDQ6VXNlcjE3Mjg5ODQw\",\n\"avatar_url\": \"https://avatars3.githubusercontent.com/u/17289840?v=4\",\n\"gravatar_id\": \"\",\n\"url\": \"https://api.github.com/users/Thuva4\",\n\"html_url\": \"https://github.com/Thuva4\",\n\"followers_url\": \"https://api.github.com/users/Thuva4/followers\",\n\"following_url\": \"https://api.github.com/users/Thuva4/following{/other_user}\",\n\"gists_url\": \"https://api.github.com/users/Thuva4/gists{/gist_id}\",\n\"starred_url\": \"https://api.github.com/users/Thuva4/starred{/owner}{/repo}\",\n\"subscriptions_url\": \"https://api.github.com/users/Thuva4/subscriptions\",\n\"organizations_url\": \"https://api.github.com/users/Thuva4/orgs\",\n\"repos_url\": \"https://api.github.com/users/Thuva4/repos\",\n\"events_url\": \"https://api.github.com/users/Thuva4/events{/privacy}\",\n\"received_events_url\": \"https://api.github.com/users/Thuva4/received_events\",\n\"type\": \"User\",\n\"site_admin\": false \n},\n\"labels\": [\n {\n \"id\": 708591282,\n\"node_id\": \"MDU6TGFiZWw3MDg1OTEyODI=\",\n\"url\": \"https://api.github.com/repos/Thuva4/Resources/labels/Hacktoberfest\",\n\"name\": \"Hacktoberfest\",\n\"color\": \"0e8a16\",\n\"default\": false \n} \n],\n\"state\": \"open\",\n\"locked\": false,\n\"assignee\": null,\n\"assignees\": [],\n\"milestone\": null,\n\"comments\": 8,\n\"created_at\": \"2017-10-02T13:56:50Z\",\n\"updated_at\": \"2017-10-04T12:27:27Z\",\n\"closed_at\": null,\n\"author_association\": \"OWNER\",\n\"body\": \"If you know any resource, which is helpful to others add them and submit the PR.\" \n} \n]"]
