["[\n {\n \"url\": \"https://api.github.com/repos/Thuva4/Algorithms/issues/597\",\n\"repository_url\": \"https://api.github.com/repos/Thuva4/Algorithms\",\n\"labels_url\": \"https://api.github.com/repos/Thuva4/Algorithms/issues/597/labels{/name}\",\n\"comments_url\": \"https://api.github.com/repos/Thuva4/Algorithms/issues/597/comments\",\n\"events_url\": \"https://api.github.com/repos/Thuva4/Algorithms/issues/597/events\",\n\"html_url\": \"https://github.com/Thuva4/Algorithms/pull/597\",\n\"id\": 420296453,\n\"node_id\": \"MDExOlB1bGxSZXF1ZXN0MjYwNjA3NTY2\",\n\"number\": 597,\n\"title\": \"Revert \\\"Added a Java implementation of Recursive Fibonacci\\\"\",\n\"user\": {\n \"login\": \"skydans\",\n\"id\": 31382087,\n\"node_id\": \"MDQ6VXNlcjMxMzgyMDg3\",\n\"avatar_url\": \"https://avatars3.githubusercontent.com/u/31382087?v=4\",\n\"gravatar_id\": \"\",\n\"url\": \"https://api.github.com/users/skydans\",\n\"html_url\": \"https://github.com/skydans\",\n\"followers_url\": \"https://api.github.com/users/skydans/followers\",\n\"following_url\": \"https://api.github.com/users/skydans/following{/other_user}\",\n\"gists_url\": \"https://api.github.com/users/skydans/gists{/gist_id}\",\n\"starred_url\": \"https://api.github.com/users/skydans/starred{/owner}{/repo}\",\n\"subscriptions_url\": \"https://api.github.com/users/skydans/subscriptions\",\n\"organizations_url\": \"https://api.github.com/users/skydans/orgs\",\n\"repos_url\": \"https://api.github.com/users/skydans/repos\",\n\"events_url\": \"https://api.github.com/users/skydans/events{/privacy}\",\n\"received_events_url\": \"https://api.github.com/users/skydans/received_events\",\n\"type\": \"User\",\n\"site_admin\": false \n},\n\"labels\": [],\n\"state\": \"open\",\n\"locked\": false,\n\"assignee\": null,\n\"assignees\": [],\n\"milestone\": null,\n\"comments\": 0,\n\"created_at\": \"2019-03-13T03:08:29Z\",\n\"updated_at\": \"2019-03-13T03:08:29Z\",\n\"closed_at\": null,\n\"author_association\": \"CONTRIBUTOR\",\n\"pull_request\": {\n \"url\": \"https://api.github.com/repos/Thuva4/Algorithms/pulls/597\",\n\"html_url\": \"https://github.com/Thuva4/Algorithms/pull/597\",\n\"diff_url\": \"https://github.com/Thuva4/Algorithms/pull/597.diff\",\n\"patch_url\": \"https://github.com/Thuva4/Algorithms/pull/597.patch\" \n},\n\"body\": \"Reverts Thuva4/Algorithms#371\" \n},\n{\n \"url\": \"https://api.github.com/repos/Thuva4/Algorithms/issues/595\",\n\"repository_url\": \"https://api.github.com/repos/Thuva4/Algorithms\",\n\"labels_url\": \"https://api.github.com/repos/Thuva4/Algorithms/issues/595/labels{/name}\",\n\"comments_url\": \"https://api.github.com/repos/Thuva4/Algorithms/issues/595/comments\",\n\"events_url\": \"https://api.github.com/repos/Thuva4/Algorithms/issues/595/events\",\n\"html_url\": \"https://github.com/Thuva4/Algorithms/pull/595\",\n\"id\": 374800206,\n\"node_id\": \"MDExOlB1bGxSZXF1ZXN0MjI2Mzk4NTkz\",\n\"number\": 595,\n\"title\": \"Added Fibonacci Algorithm in Brainfuck\",\n\"user\": {\n \"login\": \"Kamaropoulos\",\n\"id\": 10237776,\n\"node_id\": \"MDQ6VXNlcjEwMjM3Nzc2\",\n\"avatar_url\": \"https://avatars0.githubusercontent.com/u/10237776?v=4\",\n\"gravatar_id\": \"\",\n\"url\": \"https://api.github.com/users/Kamaropoulos\",\n\"html_url\": \"https://github.com/Kamaropoulos\",\n\"followers_url\": \"https://api.github.com/users/Kamaropoulos/followers\",\n\"following_url\": \"https://api.github.com/users/Kamaropoulos/following{/other_user}\",\n\"gists_url\": \"https://api.github.com/users/Kamaropoulos/gists{/gist_id}\",\n\"starred_url\": \"https://api.github.com/users/Kamaropoulos/starred{/owner}{/repo}\",\n\"subscriptions_url\": \"https://api.github.com/users/Kamaropoulos/subscriptions\",\n\"organizations_url\": \"https://api.github.com/users/Kamaropoulos/orgs\",\n\"repos_url\": \"https://api.github.com/users/Kamaropoulos/repos\",\n\"events_url\": \"https://api.github.com/users/Kamaropoulos/events{/privacy}\",\n\"received_events_url\": \"https://api.github.com/users/Kamaropoulos/received_events\",\n\"type\": \"User\",\n\"site_admin\": false \n},\n\"labels\": [],\n\"state\": \"open\",\n\"locked\": false,\n\"assignee\": null,\n\"assignees\": [],\n\"milestone\": null,\n\"comments\": 0,\n\"created_at\": \"2018-10-28T21:25:50Z\",\n\"updated_at\": \"2018-10-28T21:25:50Z\",\n\"closed_at\": null,\n\"author_association\": \"CONTRIBUTOR\",\n\"pull_request\": {\n \"url\": \"https://api.github.com/repos/Thuva4/Algorithms/pulls/595\",\n\"html_url\": \"https://github.com/Thuva4/Algorithms/pull/595\",\n\"diff_url\": \"https://github.com/Thuva4/Algorithms/pull/595.diff\",\n\"patch_url\": \"https://github.com/Thuva4/Algorithms/pull/595.patch\" \n},\n\"body\": \"\" \n},\n{\n \"url\": \"https://api.github.com/repos/Thuva4/Algorithms/issues/594\",\n\"repository_url\": \"https://api.github.com/repos/Thuva4/Algorithms\",\n\"labels_url\": \"https://api.github.com/repos/Thuva4/Algorithms/issues/594/labels{/name}\",\n\"comments_url\": \"https://api.github.com/repos/Thuva4/Algorithms/issues/594/comments\",\n\"events_url\": \"https://api.github.com/repos/Thuva4/Algorithms/issues/594/events\",\n\"html_url\": \"https://github.com/Thuva4/Algorithms/pull/594\",\n\"id\": 374697339,\n\"node_id\": \"MDExOlB1bGxSZXF1ZXN0MjI2MzI5OTY1\",\n\"number\": 594,\n\"title\": \"Remove duplicate Ternary Search folder\",\n\"user\": {\n \"login\": \"abdulwd\",\n\"id\": 20206262,\n\"node_id\": \"MDQ6VXNlcjIwMjA2MjYy\",\n\"avatar_url\": \"https://avatars1.githubusercontent.com/u/20206262?v=4\",\n\"gravatar_id\": \"\",\n\"url\": \"https://api.github.com/users/abdulwd\",\n\"html_url\": \"https://github.com/abdulwd\",\n\"followers_url\": \"https://api.github.com/users/abdulwd/followers\",\n\"following_url\": \"https://api.github.com/users/abdulwd/following{/other_user}\",\n\"gists_url\": \"https://api.github.com/users/abdulwd/gists{/gist_id}\",\n\"starred_url\": \"https://api.github.com/users/abdulwd/starred{/owner}{/repo}\",\n\"subscriptions_url\": \"https://api.github.com/users/abdulwd/subscriptions\",\n\"organizations_url\": \"https://api.github.com/users/abdulwd/orgs\",\n\"repos_url\": \"https://api.github.com/users/abdulwd/repos\",\n\"events_url\": \"https://api.github.com/users/abdulwd/events{/privacy}\",\n\"received_events_url\": \"https://api.github.com/users/abdulwd/received_events\",\n\"type\": \"User\",\n\"site_admin\": false \n},\n\"labels\": [],\n\"state\": \"open\",\n\"locked\": false,\n\"assignee\": null,\n\"assignees\": [],\n\"milestone\": null,\n\"comments\": 0,\n\"created_at\": \"2018-10-27T22:48:44Z\",\n\"updated_at\": \"2018-10-27T22:48:44Z\",\n\"closed_at\": null,\n\"author_association\": \"CONTRIBUTOR\",\n\"pull_request\": {\n \"url\": \"https://api.github.com/repos/Thuva4/Algorithms/pulls/594\",\n\"html_url\": \"https://github.com/Thuva4/Algorithms/pull/594\",\n\"diff_url\": \"https://github.com/Thuva4/Algorithms/pull/594.diff\",\n\"patch_url\": \"https://github.com/Thuva4/Algorithms/pull/594.patch\" \n},\n\"body\": \"Remove duplicate Ternary Search folder\" \n},\n{\n \"url\": \"https://api.github.com/repos/Thuva4/Algorithms/issues/593\",\n\"repository_url\": \"https://api.github.com/repos/Thuva4/Algorithms\",\n\"labels_url\": \"https://api.github.com/repos/Thuva4/Algorithms/issues/593/labels{/name}\",\n\"comments_url\": \"https://api.github.com/repos/Thuva4/Algorithms/issues/593/comments\",\n\"events_url\": \"https://api.github.com/repos/Thuva4/Algorithms/issues/593/events\",\n\"html_url\": \"https://github.com/Thuva4/Algorithms/pull/593\",\n\"id\": 374696703,\n\"node_id\": \"MDExOlB1bGxSZXF1ZXN0MjI2MzI5NDc2\",\n\"number\": 593,\n\"title\": \"Add longest common sub-sequence in Kotlin\",\n\"user\": {\n \"login\": \"abdulwd\",\n\"id\": 20206262,\n\"node_id\": \"MDQ6VXNlcjIwMjA2MjYy\",\n\"avatar_url\": \"https://avatars1.githubusercontent.com/u/20206262?v=4\",\n\"gravatar_id\": \"\",\n\"url\": \"https://api.github.com/users/abdulwd\",\n\"html_url\": \"https://github.com/abdulwd\",\n\"followers_url\": \"https://api.github.com/users/abdulwd/followers\",\n\"following_url\": \"https://api.github.com/users/abdulwd/following{/other_user}\",\n\"gists_url\": \"https://api.github.com/users/abdulwd/gists{/gist_id}\",\n\"starred_url\": \"https://api.github.com/users/abdulwd/starred{/owner}{/repo}\",\n\"subscriptions_url\": \"https://api.github.com/users/abdulwd/subscriptions\",\n\"organizations_url\": \"https://api.github.com/users/abdulwd/orgs\",\n\"repos_url\": \"https://api.github.com/users/abdulwd/repos\",\n\"events_url\": \"https://api.github.com/users/abdulwd/events{/privacy}\",\n\"received_events_url\": \"https://api.github.com/users/abdulwd/received_events\",\n\"type\": \"User\",\n\"site_admin\": false \n},\n\"labels\": [],\n\"state\": \"open\",\n\"locked\": false,\n\"assignee\": null,\n\"assignees\": [],\n\"milestone\": null,\n\"comments\": 0,\n\"created_at\": \"2018-10-27T22:41:53Z\",\n\"updated_at\": \"2018-10-27T22:41:53Z\",\n\"closed_at\": null,\n\"author_association\": \"CONTRIBUTOR\",\n\"pull_request\": {\n \"url\": \"https://api.github.com/repos/Thuva4/Algorithms/pulls/593\",\n\"html_url\": \"https://github.com/Thuva4/Algorithms/pull/593\",\n\"diff_url\": \"https://github.com/Thuva4/Algorithms/pull/593.diff\",\n\"patch_url\": \"https://github.com/Thuva4/Algorithms/pull/593.patch\" \n},\n\"body\": \"Add longest common sub-sequence in Kotlin\" \n},\n{\n \"url\": \"https://api.github.com/repos/Thuva4/Algorithms/issues/592\",\n\"repository_url\": \"https://api.github.com/repos/Thuva4/Algorithms\",\n\"labels_url\": \"https://api.github.com/repos/Thuva4/Algorithms/issues/592/labels{/name}\",\n\"comments_url\": \"https://api.github.com/repos/Thuva4/Algorithms/issues/592/comments\",\n\"events_url\": \"https://api.github.com/repos/Thuva4/Algorithms/issues/592/events\",\n\"html_url\": \"https://github.com/Thuva4/Algorithms/pull/592\",\n\"id\": 374695215,\n\"node_id\": \"MDExOlB1bGxSZXF1ZXN0MjI2MzI4NDA0\",\n\"number\": 592,\n\"title\": \"Remove redundant BubbleSort folder\",\n\"user\": {\n \"login\": \"abdulwd\",\n\"id\": 20206262,\n\"node_id\": \"MDQ6VXNlcjIwMjA2MjYy\",\n\"avatar_url\": \"https://avatars1.githubusercontent.com/u/20206262?v=4\",\n\"gravatar_id\": \"\",\n\"url\": \"https://api.github.com/users/abdulwd\",\n\"html_url\": \"https://github.com/abdulwd\",\n\"followers_url\": \"https://api.github.com/users/abdulwd/followers\",\n\"following_url\": \"https://api.github.com/users/abdulwd/following{/other_user}\",\n\"gists_url\": \"https://api.github.com/users/abdulwd/gists{/gist_id}\",\n\"starred_url\": \"https://api.github.com/users/abdulwd/starred{/owner}{/repo}\",\n\"subscriptions_url\": \"https://api.github.com/users/abdulwd/subscriptions\",\n\"organizations_url\": \"https://api.github.com/users/abdulwd/orgs\",\n\"repos_url\": \"https://api.github.com/users/abdulwd/repos\",\n\"events_url\": \"https://api.github.com/users/abdulwd/events{/privacy}\",\n\"received_events_url\": \"https://api.github.com/users/abdulwd/received_events\",\n\"type\": \"User\",\n\"site_admin\": false \n},\n\"labels\": [],\n\"state\": \"open\",\n\"locked\": false,\n\"assignee\": null,\n\"assignees\": [],\n\"milestone\": null,\n\"comments\": 0,\n\"created_at\": \"2018-10-27T22:24:03Z\",\n\"updated_at\": \"2018-10-27T22:24:03Z\",\n\"closed_at\": null,\n\"author_association\": \"CONTRIBUTOR\",\n\"pull_request\": {\n \"url\": \"https://api.github.com/repos/Thuva4/Algorithms/pulls/592\",\n\"html_url\": \"https://github.com/Thuva4/Algorithms/pull/592\",\n\"diff_url\": \"https://github.com/Thuva4/Algorithms/pull/592.diff\",\n\"patch_url\": \"https://github.com/Thuva4/Algorithms/pull/592.patch\" \n},\n\"body\": \"Removed duplicate folder\" \n},\n{\n \"url\": \"https://api.github.com/repos/Thuva4/Algorithms/issues/591\",\n\"repository_url\": \"https://api.github.com/repos/Thuva4/Algorithms\",\n\"labels_url\": \"https://api.github.com/repos/Thuva4/Algorithms/issues/591/labels{/name}\",\n\"comments_url\": \"https://api.github.com/repos/Thuva4/Algorithms/issues/591/comments\",\n\"events_url\": \"https://api.github.com/repos/Thuva4/Algorithms/issues/591/events\",\n\"html_url\": \"https://github.com/Thuva4/Algorithms/pull/591\",\n\"id\": 374694643,\n\"node_id\": \"MDExOlB1bGxSZXF1ZXN0MjI2MzI4MDUy\",\n\"number\": 591,\n\"title\": \"Add bubble sort in Kotlin\",\n\"user\": {\n \"login\": \"abdulwd\",\n\"id\": 20206262,\n\"node_id\": \"MDQ6VXNlcjIwMjA2MjYy\",\n\"avatar_url\": \"https://avatars1.githubusercontent.com/u/20206262?v=4\",\n\"gravatar_id\": \"\",\n\"url\": \"https://api.github.com/users/abdulwd\",\n\"html_url\": \"https://github.com/abdulwd\",\n\"followers_url\": \"https://api.github.com/users/abdulwd/followers\",\n\"following_url\": \"https://api.github.com/users/abdulwd/following{/other_user}\",\n\"gists_url\": \"https://api.github.com/users/abdulwd/gists{/gist_id}\",\n\"starred_url\": \"https://api.github.com/users/abdulwd/starred{/owner}{/repo}\",\n\"subscriptions_url\": \"https://api.github.com/users/abdulwd/subscriptions\",\n\"organizations_url\": \"https://api.github.com/users/abdulwd/orgs\",\n\"repos_url\": \"https://api.github.com/users/abdulwd/repos\",\n\"events_url\": \"https://api.github.com/users/abdulwd/events{/privacy}\",\n\"received_events_url\": \"https://api.github.com/users/abdulwd/received_events\",\n\"type\": \"User\",\n\"site_admin\": false \n},\n\"labels\": [],\n\"state\": \"open\",\n\"locked\": false,\n\"assignee\": null,\n\"assignees\": [],\n\"milestone\": null,\n\"comments\": 0,\n\"created_at\": \"2018-10-27T22:16:59Z\",\n\"updated_at\": \"2018-10-27T22:16:59Z\",\n\"closed_at\": null,\n\"author_association\": \"CONTRIBUTOR\",\n\"pull_request\": {\n \"url\": \"https://api.github.com/repos/Thuva4/Algorithms/pulls/591\",\n\"html_url\": \"https://github.com/Thuva4/Algorithms/pull/591\",\n\"diff_url\": \"https://github.com/Thuva4/Algorithms/pull/591.diff\",\n\"patch_url\": \"https://github.com/Thuva4/Algorithms/pull/591.patch\" \n},\n\"body\": \"Add bubble sort in Kotlin\" \n},\n{\n \"url\": \"https://api.github.com/repos/Thuva4/Algorithms/issues/590\",\n\"repository_url\": \"https://api.github.com/repos/Thuva4/Algorithms\",\n\"labels_url\": \"https://api.github.com/repos/Thuva4/Algorithms/issues/590/labels{/name}\",\n\"comments_url\": \"https://api.github.com/repos/Thuva4/Algorithms/issues/590/comments\",\n\"events_url\": \"https://api.github.com/repos/Thuva4/Algorithms/issues/590/events\",\n\"html_url\": \"https://github.com/Thuva4/Algorithms/pull/590\",\n\"id\": 374676709,\n\"node_id\": \"MDExOlB1bGxSZXF1ZXN0MjI2MzE1NDc1\",\n\"number\": 590,\n\"title\": \"Added Bubble Sort in Brainfuck\",\n\"user\": {\n \"login\": \"MyrtoLaz\",\n\"id\": 43724040,\n\"node_id\": \"MDQ6VXNlcjQzNzI0MDQw\",\n\"avatar_url\": \"https://avatars1.githubusercontent.com/u/43724040?v=4\",\n\"gravatar_id\": \"\",\n\"url\": \"https://api.github.com/users/MyrtoLaz\",\n\"html_url\": \"https://github.com/MyrtoLaz\",\n\"followers_url\": \"https://api.github.com/users/MyrtoLaz/followers\",\n\"following_url\": \"https://api.github.com/users/MyrtoLaz/following{/other_user}\",\n\"gists_url\": \"https://api.github.com/users/MyrtoLaz/gists{/gist_id}\",\n\"starred_url\": \"https://api.github.com/users/MyrtoLaz/starred{/owner}{/repo}\",\n\"subscriptions_url\": \"https://api.github.com/users/MyrtoLaz/subscriptions\",\n\"organizations_url\": \"https://api.github.com/users/MyrtoLaz/orgs\",\n\"repos_url\": \"https://api.github.com/users/MyrtoLaz/repos\",\n\"events_url\": \"https://api.github.com/users/MyrtoLaz/events{/privacy}\",\n\"received_events_url\": \"https://api.github.com/users/MyrtoLaz/received_events\",\n\"type\": \"User\",\n\"site_admin\": false \n},\n\"labels\": [],\n\"state\": \"open\",\n\"locked\": false,\n\"assignee\": null,\n\"assignees\": [],\n\"milestone\": null,\n\"comments\": 0,\n\"created_at\": \"2018-10-27T18:51:45Z\",\n\"updated_at\": \"2018-10-27T18:51:45Z\",\n\"closed_at\": null,\n\"author_association\": \"NONE\",\n\"pull_request\": {\n \"url\": \"https://api.github.com/repos/Thuva4/Algorithms/pulls/590\",\n\"html_url\": \"https://github.com/Thuva4/Algorithms/pull/590\",\n\"diff_url\": \"https://github.com/Thuva4/Algorithms/pull/590.diff\",\n\"patch_url\": \"https://github.com/Thuva4/Algorithms/pull/590.patch\" \n},\n\"body\": \"\" \n},\n{\n \"url\": \"https://api.github.com/repos/Thuva4/Algorithms/issues/585\",\n\"repository_url\": \"https://api.github.com/repos/Thuva4/Algorithms\",\n\"labels_url\": \"https://api.github.com/repos/Thuva4/Algorithms/issues/585/labels{/name}\",\n\"comments_url\": \"https://api.github.com/repos/Thuva4/Algorithms/issues/585/comments\",\n\"events_url\": \"https://api.github.com/repos/Thuva4/Algorithms/issues/585/events\",\n\"html_url\": \"https://github.com/Thuva4/Algorithms/pull/585\",\n\"id\": 371101445,\n\"node_id\": \"MDExOlB1bGxSZXF1ZXN0MjIzNjIzMjE2\",\n\"number\": 585,\n\"title\": \"Add Dynamic Programming coin change problem C++\",\n\"user\": {\n \"login\": \"ed-word\",\n\"id\": 16800960,\n\"node_id\": \"MDQ6VXNlcjE2ODAwOTYw\",\n\"avatar_url\": \"https://avatars2.githubusercontent.com/u/16800960?v=4\",\n\"gravatar_id\": \"\",\n\"url\": \"https://api.github.com/users/ed-word\",\n\"html_url\": \"https://github.com/ed-word\",\n\"followers_url\": \"https://api.github.com/users/ed-word/followers\",\n\"following_url\": \"https://api.github.com/users/ed-word/following{/other_user}\",\n\"gists_url\": \"https://api.github.com/users/ed-word/gists{/gist_id}\",\n\"starred_url\": \"https://api.github.com/users/ed-word/starred{/owner}{/repo}\",\n\"subscriptions_url\": \"https://api.github.com/users/ed-word/subscriptions\",\n\"organizations_url\": \"https://api.github.com/users/ed-word/orgs\",\n\"repos_url\": \"https://api.github.com/users/ed-word/repos\",\n\"events_url\": \"https://api.github.com/users/ed-word/events{/privacy}\",\n\"received_events_url\": \"https://api.github.com/users/ed-word/received_events\",\n\"type\": \"User\",\n\"site_admin\": false \n},\n\"labels\": [],\n\"state\": \"open\",\n\"locked\": false,\n\"assignee\": null,\n\"assignees\": [],\n\"milestone\": null,\n\"comments\": 0,\n\"created_at\": \"2018-10-17T14:18:56Z\",\n\"updated_at\": \"2018-10-17T14:18:56Z\",\n\"closed_at\": null,\n\"author_association\": \"CONTRIBUTOR\",\n\"pull_request\": {\n \"url\": \"https://api.github.com/repos/Thuva4/Algorithms/pulls/585\",\n\"html_url\": \"https://github.com/Thuva4/Algorithms/pull/585\",\n\"diff_url\": \"https://github.com/Thuva4/Algorithms/pull/585.diff\",\n\"patch_url\": \"https://github.com/Thuva4/Algorithms/pull/585.patch\" \n},\n\"body\": \"\" \n},\n{\n \"url\": \"https://api.github.com/repos/Thuva4/Algorithms/issues/461\",\n\"repository_url\": \"https://api.github.com/repos/Thuva4/Algorithms\",\n\"labels_url\": \"https://api.github.com/repos/Thuva4/Algorithms/issues/461/labels{/name}\",\n\"comments_url\": \"https://api.github.com/repos/Thuva4/Algorithms/issues/461/comments\",\n\"events_url\": \"https://api.github.com/repos/Thuva4/Algorithms/issues/461/events\",\n\"html_url\": \"https://github.com/Thuva4/Algorithms/pull/461\",\n\"id\": 269388680,\n\"node_id\": \"MDExOlB1bGxSZXF1ZXN0MTQ5Mzc4NzQ0\",\n\"number\": 461,\n\"title\": \"Added bellmanford for python\",\n\"user\": {\n \"login\": \"prathyakshun\",\n\"id\": 30148728,\n\"node_id\": \"MDQ6VXNlcjMwMTQ4NzI4\",\n\"avatar_url\": \"https://avatars3.githubusercontent.com/u/30148728?v=4\",\n\"gravatar_id\": \"\",\n\"url\": \"https://api.github.com/users/prathyakshun\",\n\"html_url\": \"https://github.com/prathyakshun\",\n\"followers_url\": \"https://api.github.com/users/prathyakshun/followers\",\n\"following_url\": \"https://api.github.com/users/prathyakshun/following{/other_user}\",\n\"gists_url\": \"https://api.github.com/users/prathyakshun/gists{/gist_id}\",\n\"starred_url\": \"https://api.github.com/users/prathyakshun/starred{/owner}{/repo}\",\n\"subscriptions_url\": \"https://api.github.com/users/prathyakshun/subscriptions\",\n\"organizations_url\": \"https://api.github.com/users/prathyakshun/orgs\",\n\"repos_url\": \"https://api.github.com/users/prathyakshun/repos\",\n\"events_url\": \"https://api.github.com/users/prathyakshun/events{/privacy}\",\n\"received_events_url\": \"https://api.github.com/users/prathyakshun/received_events\",\n\"type\": \"User\",\n\"site_admin\": false \n},\n\"labels\": [\n {\n \"id\": 1006134894,\n\"node_id\": \"MDU6TGFiZWwxMDA2MTM0ODk0\",\n\"url\": \"https://api.github.com/repos/Thuva4/Algorithms/labels/on%20hold\",\n\"name\": \"on hold\",\n\"color\": \"ff19d4\",\n\"default\": false \n} \n],\n\"state\": \"open\",\n\"locked\": false,\n\"assignee\": null,\n\"assignees\": [],\n\"milestone\": null,\n\"comments\": 0,\n\"created_at\": \"2017-10-29T10:43:42Z\",\n\"updated_at\": \"2018-08-16T13:47:15Z\",\n\"closed_at\": null,\n\"author_association\": \"NONE\",\n\"pull_request\": {\n \"url\": \"https://api.github.com/repos/Thuva4/Algorithms/pulls/461\",\n\"html_url\": \"https://github.com/Thuva4/Algorithms/pull/461\",\n\"diff_url\": \"https://github.com/Thuva4/Algorithms/pull/461.diff\",\n\"patch_url\": \"https://github.com/Thuva4/Algorithms/pull/461.patch\" \n},\n\"body\": \"\" \n},\n{\n \"url\": \"https://api.github.com/repos/Thuva4/Algorithms/issues/448\",\n\"repository_url\": \"https://api.github.com/repos/Thuva4/Algorithms\",\n\"labels_url\": \"https://api.github.com/repos/Thuva4/Algorithms/issues/448/labels{/name}\",\n\"comments_url\": \"https://api.github.com/repos/Thuva4/Algorithms/issues/448/comments\",\n\"events_url\": \"https://api.github.com/repos/Thuva4/Algorithms/issues/448/events\",\n\"html_url\": \"https://github.com/Thuva4/Algorithms/pull/448\",\n\"id\": 269344306,\n\"node_id\": \"MDExOlB1bGxSZXF1ZXN0MTQ5MzUxNzgy\",\n\"number\": 448,\n\"title\": \"Python implementation of Fischer-Yates shuffle algorithm\",\n\"user\": {\n \"login\": \"Retsediv\",\n\"id\": 10120566,\n\"node_id\": \"MDQ6VXNlcjEwMTIwNTY2\",\n\"avatar_url\": \"https://avatars1.githubusercontent.com/u/10120566?v=4\",\n\"gravatar_id\": \"\",\n\"url\": \"https://api.github.com/users/Retsediv\",\n\"html_url\": \"https://github.com/Retsediv\",\n\"followers_url\": \"https://api.github.com/users/Retsediv/followers\",\n\"following_url\": \"https://api.github.com/users/Retsediv/following{/other_user}\",\n\"gists_url\": \"https://api.github.com/users/Retsediv/gists{/gist_id}\",\n\"starred_url\": \"https://api.github.com/users/Retsediv/starred{/owner}{/repo}\",\n\"subscriptions_url\": \"https://api.github.com/users/Retsediv/subscriptions\",\n\"organizations_url\": \"https://api.github.com/users/Retsediv/orgs\",\n\"repos_url\": \"https://api.github.com/users/Retsediv/repos\",\n\"events_url\": \"https://api.github.com/users/Retsediv/events{/privacy}\",\n\"received_events_url\": \"https://api.github.com/users/Retsediv/received_events\",\n\"type\": \"User\",\n\"site_admin\": false \n},\n\"labels\": [\n {\n \"id\": 1006134894,\n\"node_id\": \"MDU6TGFiZWwxMDA2MTM0ODk0\",\n\"url\": \"https://api.github.com/repos/Thuva4/Algorithms/labels/on%20hold\",\n\"name\": \"on hold\",\n\"color\": \"ff19d4\",\n\"default\": false \n} \n],\n\"state\": \"open\",\n\"locked\": false,\n\"assignee\": null,\n\"assignees\": [],\n\"milestone\": null,\n\"comments\": 0,\n\"created_at\": \"2017-10-28T19:41:40Z\",\n\"updated_at\": \"2018-08-16T13:52:49Z\",\n\"closed_at\": null,\n\"author_association\": \"NONE\",\n\"pull_request\": {\n \"url\": \"https://api.github.com/repos/Thuva4/Algorithms/pulls/448\",\n\"html_url\": \"https://github.com/Thuva4/Algorithms/pull/448\",\n\"diff_url\": \"https://github.com/Thuva4/Algorithms/pull/448.diff\",\n\"patch_url\": \"https://github.com/Thuva4/Algorithms/pull/448.patch\" \n},\n\"body\": \"\" \n},\n{\n \"url\": \"https://api.github.com/repos/Thuva4/Algorithms/issues/447\",\n\"repository_url\": \"https://api.github.com/repos/Thuva4/Algorithms\",\n\"labels_url\": \"https://api.github.com/repos/Thuva4/Algorithms/issues/447/labels{/name}\",\n\"comments_url\": \"https://api.github.com/repos/Thuva4/Algorithms/issues/447/comments\",\n\"events_url\": \"https://api.github.com/repos/Thuva4/Algorithms/issues/447/events\",\n\"html_url\": \"https://github.com/Thuva4/Algorithms/pull/447\",\n\"id\": 269341436,\n\"node_id\": \"MDExOlB1bGxSZXF1ZXN0MTQ5MzUwMDM2\",\n\"number\": 447,\n\"title\": \"strongly connected component\",\n\"user\": {\n \"login\": \"abhisagar\",\n\"id\": 30872136,\n\"node_id\": \"MDQ6VXNlcjMwODcyMTM2\",\n\"avatar_url\": \"https://avatars2.githubusercontent.com/u/30872136?v=4\",\n\"gravatar_id\": \"\",\n\"url\": \"https://api.github.com/users/abhisagar\",\n\"html_url\": \"https://github.com/abhisagar\",\n\"followers_url\": \"https://api.github.com/users/abhisagar/followers\",\n\"following_url\": \"https://api.github.com/users/abhisagar/following{/other_user}\",\n\"gists_url\": \"https://api.github.com/users/abhisagar/gists{/gist_id}\",\n\"starred_url\": \"https://api.github.com/users/abhisagar/starred{/owner}{/repo}\",\n\"subscriptions_url\": \"https://api.github.com/users/abhisagar/subscriptions\",\n\"organizations_url\": \"https://api.github.com/users/abhisagar/orgs\",\n\"repos_url\": \"https://api.github.com/users/abhisagar/repos\",\n\"events_url\": \"https://api.github.com/users/abhisagar/events{/privacy}\",\n\"received_events_url\": \"https://api.github.com/users/abhisagar/received_events\",\n\"type\": \"User\",\n\"site_admin\": false \n},\n\"labels\": [],\n\"state\": \"open\",\n\"locked\": false,\n\"assignee\": null,\n\"assignees\": [],\n\"milestone\": null,\n\"comments\": 0,\n\"created_at\": \"2017-10-28T19:01:08Z\",\n\"updated_at\": \"2017-10-28T19:01:08Z\",\n\"closed_at\": null,\n\"author_association\": \"NONE\",\n\"pull_request\": {\n \"url\": \"https://api.github.com/repos/Thuva4/Algorithms/pulls/447\",\n\"html_url\": \"https://github.com/Thuva4/Algorithms/pull/447\",\n\"diff_url\": \"https://github.com/Thuva4/Algorithms/pull/447.diff\",\n\"patch_url\": \"https://github.com/Thuva4/Algorithms/pull/447.patch\" \n},\n\"body\": \"\" \n},\n{\n \"url\": \"https://api.github.com/repos/Thuva4/Algorithms/issues/427\",\n\"repository_url\": \"https://api.github.com/repos/Thuva4/Algorithms\",\n\"labels_url\": \"https://api.github.com/repos/Thuva4/Algorithms/issues/427/labels{/name}\",\n\"comments_url\": \"https://api.github.com/repos/Thuva4/Algorithms/issues/427/comments\",\n\"events_url\": \"https://api.github.com/repos/Thuva4/Algorithms/issues/427/events\",\n\"html_url\": \"https://github.com/Thuva4/Algorithms/pull/427\",\n\"id\": 269106031,\n\"node_id\": \"MDExOlB1bGxSZXF1ZXN0MTQ5MTg4NDQ3\",\n\"number\": 427,\n\"title\": \"EditDistance Algo\",\n\"user\": {\n \"login\": \"anmolduainter\",\n\"id\": 26550827,\n\"node_id\": \"MDQ6VXNlcjI2NTUwODI3\",\n\"avatar_url\": \"https://avatars3.githubusercontent.com/u/26550827?v=4\",\n\"gravatar_id\": \"\",\n\"url\": \"https://api.github.com/users/anmolduainter\",\n\"html_url\": \"https://github.com/anmolduainter\",\n\"followers_url\": \"https://api.github.com/users/anmolduainter/followers\",\n\"following_url\": \"https://api.github.com/users/anmolduainter/following{/other_user}\",\n\"gists_url\": \"https://api.github.com/users/anmolduainter/gists{/gist_id}\",\n\"starred_url\": \"https://api.github.com/users/anmolduainter/starred{/owner}{/repo}\",\n\"subscriptions_url\": \"https://api.github.com/users/anmolduainter/subscriptions\",\n\"organizations_url\": \"https://api.github.com/users/anmolduainter/orgs\",\n\"repos_url\": \"https://api.github.com/users/anmolduainter/repos\",\n\"events_url\": \"https://api.github.com/users/anmolduainter/events{/privacy}\",\n\"received_events_url\": \"https://api.github.com/users/anmolduainter/received_events\",\n\"type\": \"User\",\n\"site_admin\": false \n},\n\"labels\": [],\n\"state\": \"open\",\n\"locked\": false,\n\"assignee\": null,\n\"assignees\": [],\n\"milestone\": null,\n\"comments\": 0,\n\"created_at\": \"2017-10-27T13:24:50Z\",\n\"updated_at\": \"2017-10-27T13:24:50Z\",\n\"closed_at\": null,\n\"author_association\": \"NONE\",\n\"pull_request\": {\n \"url\": \"https://api.github.com/repos/Thuva4/Algorithms/pulls/427\",\n\"html_url\": \"https://github.com/Thuva4/Algorithms/pull/427\",\n\"diff_url\": \"https://github.com/Thuva4/Algorithms/pull/427.diff\",\n\"patch_url\": \"https://github.com/Thuva4/Algorithms/pull/427.patch\" \n},\n\"body\": \"\" \n},\n{\n \"url\": \"https://api.github.com/repos/Thuva4/Algorithms/issues/425\",\n\"repository_url\": \"https://api.github.com/repos/Thuva4/Algorithms\",\n\"labels_url\": \"https://api.github.com/repos/Thuva4/Algorithms/issues/425/labels{/name}\",\n\"comments_url\": \"https://api.github.com/repos/Thuva4/Algorithms/issues/425/comments\",\n\"events_url\": \"https://api.github.com/repos/Thuva4/Algorithms/issues/425/events\",\n\"html_url\": \"https://github.com/Thuva4/Algorithms/pull/425\",\n\"id\": 269034934,\n\"node_id\": \"MDExOlB1bGxSZXF1ZXN0MTQ5MTM0NzU2\",\n\"number\": 425,\n\"title\": \"Added convexHull algo implementation\",\n\"user\": {\n \"login\": \"AnishGG\",\n\"id\": 30872212,\n\"node_id\": \"MDQ6VXNlcjMwODcyMjEy\",\n\"avatar_url\": \"https://avatars0.githubusercontent.com/u/30872212?v=4\",\n\"gravatar_id\": \"\",\n\"url\": \"https://api.github.com/users/AnishGG\",\n\"html_url\": \"https://github.com/AnishGG\",\n\"followers_url\": \"https://api.github.com/users/AnishGG/followers\",\n\"following_url\": \"https://api.github.com/users/AnishGG/following{/other_user}\",\n\"gists_url\": \"https://api.github.com/users/AnishGG/gists{/gist_id}\",\n\"starred_url\": \"https://api.github.com/users/AnishGG/starred{/owner}{/repo}\",\n\"subscriptions_url\": \"https://api.github.com/users/AnishGG/subscriptions\",\n\"organizations_url\": \"https://api.github.com/users/AnishGG/orgs\",\n\"repos_url\": \"https://api.github.com/users/AnishGG/repos\",\n\"events_url\": \"https://api.github.com/users/AnishGG/events{/privacy}\",\n\"received_events_url\": \"https://api.github.com/users/AnishGG/received_events\",\n\"type\": \"User\",\n\"site_admin\": false \n},\n\"labels\": [],\n\"state\": \"open\",\n\"locked\": false,\n\"assignee\": null,\n\"assignees\": [],\n\"milestone\": null,\n\"comments\": 0,\n\"created_at\": \"2017-10-27T08:59:50Z\",\n\"updated_at\": \"2017-10-27T08:59:50Z\",\n\"closed_at\": null,\n\"author_association\": \"NONE\",\n\"pull_request\": {\n \"url\": \"https://api.github.com/repos/Thuva4/Algorithms/pulls/425\",\n\"html_url\": \"https://github.com/Thuva4/Algorithms/pull/425\",\n\"diff_url\": \"https://github.com/Thuva4/Algorithms/pull/425.diff\",\n\"patch_url\": \"https://github.com/Thuva4/Algorithms/pull/425.patch\" \n},\n\"body\": \"Added ConvexHull directory and implementation of convexHull.\" \n},\n{\n \"url\": \"https://api.github.com/repos/Thuva4/Algorithms/issues/423\",\n\"repository_url\": \"https://api.github.com/repos/Thuva4/Algorithms\",\n\"labels_url\": \"https://api.github.com/repos/Thuva4/Algorithms/issues/423/labels{/name}\",\n\"comments_url\": \"https://api.github.com/repos/Thuva4/Algorithms/issues/423/comments\",\n\"events_url\": \"https://api.github.com/repos/Thuva4/Algorithms/issues/423/events\",\n\"html_url\": \"https://github.com/Thuva4/Algorithms/pull/423\",\n\"id\": 269013527,\n\"node_id\": \"MDExOlB1bGxSZXF1ZXN0MTQ5MTE5MTE4\",\n\"number\": 423,\n\"title\": \"Issue #345 Recursive Fibonacci in Go\",\n\"user\": {\n \"login\": \"nfrancois\",\n\"id\": 679033,\n\"node_id\": \"MDQ6VXNlcjY3OTAzMw==\",\n\"avatar_url\": \"https://avatars0.githubusercontent.com/u/679033?v=4\",\n\"gravatar_id\": \"\",\n\"url\": \"https://api.github.com/users/nfrancois\",\n\"html_url\": \"https://github.com/nfrancois\",\n\"followers_url\": \"https://api.github.com/users/nfrancois/followers\",\n\"following_url\": \"https://api.github.com/users/nfrancois/following{/other_user}\",\n\"gists_url\": \"https://api.github.com/users/nfrancois/gists{/gist_id}\",\n\"starred_url\": \"https://api.github.com/users/nfrancois/starred{/owner}{/repo}\",\n\"subscriptions_url\": \"https://api.github.com/users/nfrancois/subscriptions\",\n\"organizations_url\": \"https://api.github.com/users/nfrancois/orgs\",\n\"repos_url\": \"https://api.github.com/users/nfrancois/repos\",\n\"events_url\": \"https://api.github.com/users/nfrancois/events{/privacy}\",\n\"received_events_url\": \"https://api.github.com/users/nfrancois/received_events\",\n\"type\": \"User\",\n\"site_admin\": false \n},\n\"labels\": [\n {\n \"id\": 1006134894,\n\"node_id\": \"MDU6TGFiZWwxMDA2MTM0ODk0\",\n\"url\": \"https://api.github.com/repos/Thuva4/Algorithms/labels/on%20hold\",\n\"name\": \"on hold\",\n\"color\": \"ff19d4\",\n\"default\": false \n} \n],\n\"state\": \"open\",\n\"locked\": false,\n\"assignee\": null,\n\"assignees\": [],\n\"milestone\": null,\n\"comments\": 0,\n\"created_at\": \"2017-10-27T07:33:06Z\",\n\"updated_at\": \"2018-08-16T14:05:00Z\",\n\"closed_at\": null,\n\"author_association\": \"NONE\",\n\"pull_request\": {\n \"url\": \"https://api.github.com/repos/Thuva4/Algorithms/pulls/423\",\n\"html_url\": \"https://github.com/Thuva4/Algorithms/pull/423\",\n\"diff_url\": \"https://github.com/Thuva4/Algorithms/pull/423.diff\",\n\"patch_url\": \"https://github.com/Thuva4/Algorithms/pull/423.patch\" \n},\n\"body\": \"\" \n},\n{\n \"url\": \"https://api.github.com/repos/Thuva4/Algorithms/issues/421\",\n\"repository_url\": \"https://api.github.com/repos/Thuva4/Algorithms\",\n\"labels_url\": \"https://api.github.com/repos/Thuva4/Algorithms/issues/421/labels{/name}\",\n\"comments_url\": \"https://api.github.com/repos/Thuva4/Algorithms/issues/421/comments\",\n\"events_url\": \"https://api.github.com/repos/Thuva4/Algorithms/issues/421/events\",\n\"html_url\": \"https://github.com/Thuva4/Algorithms/pull/421\",\n\"id\": 269003816,\n\"node_id\": \"MDExOlB1bGxSZXF1ZXN0MTQ5MTEyMTAz\",\n\"number\": 421,\n\"title\": \"Add Fibonacci Implementation in Scala\",\n\"user\": {\n \"login\": \"karthikeyanjp\",\n\"id\": 7823084,\n\"node_id\": \"MDQ6VXNlcjc4MjMwODQ=\",\n\"avatar_url\": \"https://avatars0.githubusercontent.com/u/7823084?v=4\",\n\"gravatar_id\": \"\",\n\"url\": \"https://api.github.com/users/karthikeyanjp\",\n\"html_url\": \"https://github.com/karthikeyanjp\",\n\"followers_url\": \"https://api.github.com/users/karthikeyanjp/followers\",\n\"following_url\": \"https://api.github.com/users/karthikeyanjp/following{/other_user}\",\n\"gists_url\": \"https://api.github.com/users/karthikeyanjp/gists{/gist_id}\",\n\"starred_url\": \"https://api.github.com/users/karthikeyanjp/starred{/owner}{/repo}\",\n\"subscriptions_url\": \"https://api.github.com/users/karthikeyanjp/subscriptions\",\n\"organizations_url\": \"https://api.github.com/users/karthikeyanjp/orgs\",\n\"repos_url\": \"https://api.github.com/users/karthikeyanjp/repos\",\n\"events_url\": \"https://api.github.com/users/karthikeyanjp/events{/privacy}\",\n\"received_events_url\": \"https://api.github.com/users/karthikeyanjp/received_events\",\n\"type\": \"User\",\n\"site_admin\": false \n},\n\"labels\": [],\n\"state\": \"open\",\n\"locked\": false,\n\"assignee\": null,\n\"assignees\": [],\n\"milestone\": null,\n\"comments\": 0,\n\"created_at\": \"2017-10-27T06:44:22Z\",\n\"updated_at\": \"2017-10-27T06:44:22Z\",\n\"closed_at\": null,\n\"author_association\": \"NONE\",\n\"pull_request\": {\n \"url\": \"https://api.github.com/repos/Thuva4/Algorithms/pulls/421\",\n\"html_url\": \"https://github.com/Thuva4/Algorithms/pull/421\",\n\"diff_url\": \"https://github.com/Thuva4/Algorithms/pull/421.diff\",\n\"patch_url\": \"https://github.com/Thuva4/Algorithms/pull/421.patch\" \n},\n\"body\": \"\" \n},\n{\n \"url\": \"https://api.github.com/repos/Thuva4/Algorithms/issues/412\",\n\"repository_url\": \"https://api.github.com/repos/Thuva4/Algorithms\",\n\"labels_url\": \"https://api.github.com/repos/Thuva4/Algorithms/issues/412/labels{/name}\",\n\"comments_url\": \"https://api.github.com/repos/Thuva4/Algorithms/issues/412/comments\",\n\"events_url\": \"https://api.github.com/repos/Thuva4/Algorithms/issues/412/events\",\n\"html_url\": \"https://github.com/Thuva4/Algorithms/pull/412\",\n\"id\": 268919626,\n\"node_id\": \"MDExOlB1bGxSZXF1ZXN0MTQ5MDUyMDk0\",\n\"number\": 412,\n\"title\": \"DijkstraInC\",\n\"user\": {\n \"login\": \"Goldenboot321\",\n\"id\": 33135840,\n\"node_id\": \"MDQ6VXNlcjMzMTM1ODQw\",\n\"avatar_url\": \"https://avatars3.githubusercontent.com/u/33135840?v=4\",\n\"gravatar_id\": \"\",\n\"url\": \"https://api.github.com/users/Goldenboot321\",\n\"html_url\": \"https://github.com/Goldenboot321\",\n\"followers_url\": \"https://api.github.com/users/Goldenboot321/followers\",\n\"following_url\": \"https://api.github.com/users/Goldenboot321/following{/other_user}\",\n\"gists_url\": \"https://api.github.com/users/Goldenboot321/gists{/gist_id}\",\n\"starred_url\": \"https://api.github.com/users/Goldenboot321/starred{/owner}{/repo}\",\n\"subscriptions_url\": \"https://api.github.com/users/Goldenboot321/subscriptions\",\n\"organizations_url\": \"https://api.github.com/users/Goldenboot321/orgs\",\n\"repos_url\": \"https://api.github.com/users/Goldenboot321/repos\",\n\"events_url\": \"https://api.github.com/users/Goldenboot321/events{/privacy}\",\n\"received_events_url\": \"https://api.github.com/users/Goldenboot321/received_events\",\n\"type\": \"User\",\n\"site_admin\": false \n},\n\"labels\": [],\n\"state\": \"open\",\n\"locked\": false,\n\"assignee\": null,\n\"assignees\": [],\n\"milestone\": null,\n\"comments\": 0,\n\"created_at\": \"2017-10-26T21:37:24Z\",\n\"updated_at\": \"2017-10-26T21:37:24Z\",\n\"closed_at\": null,\n\"author_association\": \"NONE\",\n\"pull_request\": {\n \"url\": \"https://api.github.com/repos/Thuva4/Algorithms/pulls/412\",\n\"html_url\": \"https://github.com/Thuva4/Algorithms/pull/412\",\n\"diff_url\": \"https://github.com/Thuva4/Algorithms/pull/412.diff\",\n\"patch_url\": \"https://github.com/Thuva4/Algorithms/pull/412.patch\" \n},\n\"body\": \"\" \n},\n{\n \"url\": \"https://api.github.com/repos/Thuva4/Algorithms/issues/411\",\n\"repository_url\": \"https://api.github.com/repos/Thuva4/Algorithms\",\n\"labels_url\": \"https://api.github.com/repos/Thuva4/Algorithms/issues/411/labels{/name}\",\n\"comments_url\": \"https://api.github.com/repos/Thuva4/Algorithms/issues/411/comments\",\n\"events_url\": \"https://api.github.com/repos/Thuva4/Algorithms/issues/411/events\",\n\"html_url\": \"https://github.com/Thuva4/Algorithms/pull/411\",\n\"id\": 268839804,\n\"node_id\": \"MDExOlB1bGxSZXF1ZXN0MTQ4OTkzMTM0\",\n\"number\": 411,\n\"title\": \"calculate sum of GCD(i,j) of all pairs\",\n\"user\": {\n \"login\": \"HoaNP\",\n\"id\": 7907509,\n\"node_id\": \"MDQ6VXNlcjc5MDc1MDk=\",\n\"avatar_url\": \"https://avatars1.githubusercontent.com/u/7907509?v=4\",\n\"gravatar_id\": \"\",\n\"url\": \"https://api.github.com/users/HoaNP\",\n\"html_url\": \"https://github.com/HoaNP\",\n\"followers_url\": \"https://api.github.com/users/HoaNP/followers\",\n\"following_url\": \"https://api.github.com/users/HoaNP/following{/other_user}\",\n\"gists_url\": \"https://api.github.com/users/HoaNP/gists{/gist_id}\",\n\"starred_url\": \"https://api.github.com/users/HoaNP/starred{/owner}{/repo}\",\n\"subscriptions_url\": \"https://api.github.com/users/HoaNP/subscriptions\",\n\"organizations_url\": \"https://api.github.com/users/HoaNP/orgs\",\n\"repos_url\": \"https://api.github.com/users/HoaNP/repos\",\n\"events_url\": \"https://api.github.com/users/HoaNP/events{/privacy}\",\n\"received_events_url\": \"https://api.github.com/users/HoaNP/received_events\",\n\"type\": \"User\",\n\"site_admin\": false \n},\n\"labels\": [],\n\"state\": \"open\",\n\"locked\": false,\n\"assignee\": null,\n\"assignees\": [],\n\"milestone\": null,\n\"comments\": 0,\n\"created_at\": \"2017-10-26T17:07:34Z\",\n\"updated_at\": \"2018-10-03T17:19:57Z\",\n\"closed_at\": null,\n\"author_association\": \"NONE\",\n\"pull_request\": {\n \"url\": \"https://api.github.com/repos/Thuva4/Algorithms/pulls/411\",\n\"html_url\": \"https://github.com/Thuva4/Algorithms/pull/411\",\n\"diff_url\": \"https://github.com/Thuva4/Algorithms/pull/411.diff\",\n\"patch_url\": \"https://github.com/Thuva4/Algorithms/pull/411.patch\" \n},\n\"body\": \"\" \n},\n{\n \"url\": \"https://api.github.com/repos/Thuva4/Algorithms/issues/410\",\n\"repository_url\": \"https://api.github.com/repos/Thuva4/Algorithms\",\n\"labels_url\": \"https://api.github.com/repos/Thuva4/Algorithms/issues/410/labels{/name}\",\n\"comments_url\": \"https://api.github.com/repos/Thuva4/Algorithms/issues/410/comments\",\n\"events_url\": \"https://api.github.com/repos/Thuva4/Algorithms/issues/410/events\",\n\"html_url\": \"https://github.com/Thuva4/Algorithms/pull/410\",\n\"id\": 268805039,\n\"node_id\": \"MDExOlB1bGxSZXF1ZXN0MTQ4OTY3Mzkx\",\n\"number\": 410,\n\"title\": \"Fibonacci Recursion\",\n\"user\": {\n \"login\": \"Vyshnavi15\",\n\"id\": 33127614,\n\"node_id\": \"MDQ6VXNlcjMzMTI3NjE0\",\n\"avatar_url\": \"https://avatars3.githubusercontent.com/u/33127614?v=4\",\n\"gravatar_id\": \"\",\n\"url\": \"https://api.github.com/users/Vyshnavi15\",\n\"html_url\": \"https://github.com/Vyshnavi15\",\n\"followers_url\": \"https://api.github.com/users/Vyshnavi15/followers\",\n\"following_url\": \"https://api.github.com/users/Vyshnavi15/following{/other_user}\",\n\"gists_url\": \"https://api.github.com/users/Vyshnavi15/gists{/gist_id}\",\n\"starred_url\": \"https://api.github.com/users/Vyshnavi15/starred{/owner}{/repo}\",\n\"subscriptions_url\": \"https://api.github.com/users/Vyshnavi15/subscriptions\",\n\"organizations_url\": \"https://api.github.com/users/Vyshnavi15/orgs\",\n\"repos_url\": \"https://api.github.com/users/Vyshnavi15/repos\",\n\"events_url\": \"https://api.github.com/users/Vyshnavi15/events{/privacy}\",\n\"received_events_url\": \"https://api.github.com/users/Vyshnavi15/received_events\",\n\"type\": \"User\",\n\"site_admin\": false \n},\n\"labels\": [],\n\"state\": \"open\",\n\"locked\": false,\n\"assignee\": null,\n\"assignees\": [],\n\"milestone\": null,\n\"comments\": 0,\n\"created_at\": \"2017-10-26T15:24:31Z\",\n\"updated_at\": \"2017-10-26T15:24:31Z\",\n\"closed_at\": null,\n\"author_association\": \"NONE\",\n\"pull_request\": {\n \"url\": \"https://api.github.com/repos/Thuva4/Algorithms/pulls/410\",\n\"html_url\": \"https://github.com/Thuva4/Algorithms/pull/410\",\n\"diff_url\": \"https://github.com/Thuva4/Algorithms/pull/410.diff\",\n\"patch_url\": \"https://github.com/Thuva4/Algorithms/pull/410.patch\" \n},\n\"body\": \"\" \n},\n{\n \"url\": \"https://api.github.com/repos/Thuva4/Algorithms/issues/409\",\n\"repository_url\": \"https://api.github.com/repos/Thuva4/Algorithms\",\n\"labels_url\": \"https://api.github.com/repos/Thuva4/Algorithms/issues/409/labels{/name}\",\n\"comments_url\": \"https://api.github.com/repos/Thuva4/Algorithms/issues/409/comments\",\n\"events_url\": \"https://api.github.com/repos/Thuva4/Algorithms/issues/409/events\",\n\"html_url\": \"https://github.com/Thuva4/Algorithms/pull/409\",\n\"id\": 268790768,\n\"node_id\": \"MDExOlB1bGxSZXF1ZXN0MTQ4OTU2NzI4\",\n\"number\": 409,\n\"title\": \"Sum in Python\",\n\"user\": {\n \"login\": \"iamronakk\",\n\"id\": 33126885,\n\"node_id\": \"MDQ6VXNlcjMzMTI2ODg1\",\n\"avatar_url\": \"https://avatars0.githubusercontent.com/u/33126885?v=4\",\n\"gravatar_id\": \"\",\n\"url\": \"https://api.github.com/users/iamronakk\",\n\"html_url\": \"https://github.com/iamronakk\",\n\"followers_url\": \"https://api.github.com/users/iamronakk/followers\",\n\"following_url\": \"https://api.github.com/users/iamronakk/following{/other_user}\",\n\"gists_url\": \"https://api.github.com/users/iamronakk/gists{/gist_id}\",\n\"starred_url\": \"https://api.github.com/users/iamronakk/starred{/owner}{/repo}\",\n\"subscriptions_url\": \"https://api.github.com/users/iamronakk/subscriptions\",\n\"organizations_url\": \"https://api.github.com/users/iamronakk/orgs\",\n\"repos_url\": \"https://api.github.com/users/iamronakk/repos\",\n\"events_url\": \"https://api.github.com/users/iamronakk/events{/privacy}\",\n\"received_events_url\": \"https://api.github.com/users/iamronakk/received_events\",\n\"type\": \"User\",\n\"site_admin\": false \n},\n\"labels\": [],\n\"state\": \"open\",\n\"locked\": false,\n\"assignee\": null,\n\"assignees\": [],\n\"milestone\": null,\n\"comments\": 0,\n\"created_at\": \"2017-10-26T14:47:47Z\",\n\"updated_at\": \"2017-10-26T14:47:47Z\",\n\"closed_at\": null,\n\"author_association\": \"NONE\",\n\"pull_request\": {\n \"url\": \"https://api.github.com/repos/Thuva4/Algorithms/pulls/409\",\n\"html_url\": \"https://github.com/Thuva4/Algorithms/pull/409\",\n\"diff_url\": \"https://github.com/Thuva4/Algorithms/pull/409.diff\",\n\"patch_url\": \"https://github.com/Thuva4/Algorithms/pull/409.patch\" \n},\n\"body\": \"\" \n},\n{\n \"url\": \"https://api.github.com/repos/Thuva4/Algorithms/issues/408\",\n\"repository_url\": \"https://api.github.com/repos/Thuva4/Algorithms\",\n\"labels_url\": \"https://api.github.com/repos/Thuva4/Algorithms/issues/408/labels{/name}\",\n\"comments_url\": \"https://api.github.com/repos/Thuva4/Algorithms/issues/408/comments\",\n\"events_url\": \"https://api.github.com/repos/Thuva4/Algorithms/issues/408/events\",\n\"html_url\": \"https://github.com/Thuva4/Algorithms/pull/408\",\n\"id\": 268786777,\n\"node_id\": \"MDExOlB1bGxSZXF1ZXN0MTQ4OTUzNzQ1\",\n\"number\": 408,\n\"title\": \"Create SieveofEratosthenes.c\",\n\"user\": {\n \"login\": \"glacion\",\n\"id\": 23531467,\n\"node_id\": \"MDQ6VXNlcjIzNTMxNDY3\",\n\"avatar_url\": \"https://avatars3.githubusercontent.com/u/23531467?v=4\",\n\"gravatar_id\": \"\",\n\"url\": \"https://api.github.com/users/glacion\",\n\"html_url\": \"https://github.com/glacion\",\n\"followers_url\": \"https://api.github.com/users/glacion/followers\",\n\"following_url\": \"https://api.github.com/users/glacion/following{/other_user}\",\n\"gists_url\": \"https://api.github.com/users/glacion/gists{/gist_id}\",\n\"starred_url\": \"https://api.github.com/users/glacion/starred{/owner}{/repo}\",\n\"subscriptions_url\": \"https://api.github.com/users/glacion/subscriptions\",\n\"organizations_url\": \"https://api.github.com/users/glacion/orgs\",\n\"repos_url\": \"https://api.github.com/users/glacion/repos\",\n\"events_url\": \"https://api.github.com/users/glacion/events{/privacy}\",\n\"received_events_url\": \"https://api.github.com/users/glacion/received_events\",\n\"type\": \"User\",\n\"site_admin\": false \n},\n\"labels\": [],\n\"state\": \"open\",\n\"locked\": false,\n\"assignee\": null,\n\"assignees\": [],\n\"milestone\": null,\n\"comments\": 0,\n\"created_at\": \"2017-10-26T14:37:37Z\",\n\"updated_at\": \"2017-10-26T14:37:37Z\",\n\"closed_at\": null,\n\"author_association\": \"NONE\",\n\"pull_request\": {\n \"url\": \"https://api.github.com/repos/Thuva4/Algorithms/pulls/408\",\n\"html_url\": \"https://github.com/Thuva4/Algorithms/pull/408\",\n\"diff_url\": \"https://github.com/Thuva4/Algorithms/pull/408.diff\",\n\"patch_url\": \"https://github.com/Thuva4/Algorithms/pull/408.patch\" \n},\n\"body\": \"\" \n},\n{\n \"url\": \"https://api.github.com/repos/Thuva4/Algorithms/issues/407\",\n\"repository_url\": \"https://api.github.com/repos/Thuva4/Algorithms\",\n\"labels_url\": \"https://api.github.com/repos/Thuva4/Algorithms/issues/407/labels{/name}\",\n\"comments_url\": \"https://api.github.com/repos/Thuva4/Algorithms/issues/407/comments\",\n\"events_url\": \"https://api.github.com/repos/Thuva4/Algorithms/issues/407/events\",\n\"html_url\": \"https://github.com/Thuva4/Algorithms/pull/407\",\n\"id\": 268743466,\n\"node_id\": \"MDExOlB1bGxSZXF1ZXN0MTQ4OTIyNDI1\",\n\"number\": 407,\n\"title\": \"Create heapsort.c\",\n\"user\": {\n \"login\": \"hemantyadaviitg2016\",\n\"id\": 31350062,\n\"node_id\": \"MDQ6VXNlcjMxMzUwMDYy\",\n\"avatar_url\": \"https://avatars1.githubusercontent.com/u/31350062?v=4\",\n\"gravatar_id\": \"\",\n\"url\": \"https://api.github.com/users/hemantyadaviitg2016\",\n\"html_url\": \"https://github.com/hemantyadaviitg2016\",\n\"followers_url\": \"https://api.github.com/users/hemantyadaviitg2016/followers\",\n\"following_url\": \"https://api.github.com/users/hemantyadaviitg2016/following{/other_user}\",\n\"gists_url\": \"https://api.github.com/users/hemantyadaviitg2016/gists{/gist_id}\",\n\"starred_url\": \"https://api.github.com/users/hemantyadaviitg2016/starred{/owner}{/repo}\",\n\"subscriptions_url\": \"https://api.github.com/users/hemantyadaviitg2016/subscriptions\",\n\"organizations_url\": \"https://api.github.com/users/hemantyadaviitg2016/orgs\",\n\"repos_url\": \"https://api.github.com/users/hemantyadaviitg2016/repos\",\n\"events_url\": \"https://api.github.com/users/hemantyadaviitg2016/events{/privacy}\",\n\"received_events_url\": \"https://api.github.com/users/hemantyadaviitg2016/received_events\",\n\"type\": \"User\",\n\"site_admin\": false \n},\n\"labels\": [],\n\"state\": \"open\",\n\"locked\": false,\n\"assignee\": null,\n\"assignees\": [],\n\"milestone\": null,\n\"comments\": 0,\n\"created_at\": \"2017-10-26T12:38:17Z\",\n\"updated_at\": \"2017-10-26T12:38:17Z\",\n\"closed_at\": null,\n\"author_association\": \"NONE\",\n\"pull_request\": {\n \"url\": \"https://api.github.com/repos/Thuva4/Algorithms/pulls/407\",\n\"html_url\": \"https://github.com/Thuva4/Algorithms/pull/407\",\n\"diff_url\": \"https://github.com/Thuva4/Algorithms/pull/407.diff\",\n\"patch_url\": \"https://github.com/Thuva4/Algorithms/pull/407.patch\" \n},\n\"body\": \"Program to implement heapsort in c.\" \n},\n{\n \"url\": \"https://api.github.com/repos/Thuva4/Algorithms/issues/406\",\n\"repository_url\": \"https://api.github.com/repos/Thuva4/Algorithms\",\n\"labels_url\": \"https://api.github.com/repos/Thuva4/Algorithms/issues/406/labels{/name}\",\n\"comments_url\": \"https://api.github.com/repos/Thuva4/Algorithms/issues/406/comments\",\n\"events_url\": \"https://api.github.com/repos/Thuva4/Algorithms/issues/406/events\",\n\"html_url\": \"https://github.com/Thuva4/Algorithms/pull/406\",\n\"id\": 268728978,\n\"node_id\": \"MDExOlB1bGxSZXF1ZXN0MTQ4OTExNTE3\",\n\"number\": 406,\n\"title\": \"Create Fibonnacci.php\",\n\"user\": {\n \"login\": \"franky-naidu\",\n\"id\": 21127827,\n\"node_id\": \"MDQ6VXNlcjIxMTI3ODI3\",\n\"avatar_url\": \"https://avatars2.githubusercontent.com/u/21127827?v=4\",\n\"gravatar_id\": \"\",\n\"url\": \"https://api.github.com/users/franky-naidu\",\n\"html_url\": \"https://github.com/franky-naidu\",\n\"followers_url\": \"https://api.github.com/users/franky-naidu/followers\",\n\"following_url\": \"https://api.github.com/users/franky-naidu/following{/other_user}\",\n\"gists_url\": \"https://api.github.com/users/franky-naidu/gists{/gist_id}\",\n\"starred_url\": \"https://api.github.com/users/franky-naidu/starred{/owner}{/repo}\",\n\"subscriptions_url\": \"https://api.github.com/users/franky-naidu/subscriptions\",\n\"organizations_url\": \"https://api.github.com/users/franky-naidu/orgs\",\n\"repos_url\": \"https://api.github.com/users/franky-naidu/repos\",\n\"events_url\": \"https://api.github.com/users/franky-naidu/events{/privacy}\",\n\"received_events_url\": \"https://api.github.com/users/franky-naidu/received_events\",\n\"type\": \"User\",\n\"site_admin\": false \n},\n\"labels\": [],\n\"state\": \"open\",\n\"locked\": false,\n\"assignee\": null,\n\"assignees\": [],\n\"milestone\": null,\n\"comments\": 0,\n\"created_at\": \"2017-10-26T11:47:05Z\",\n\"updated_at\": \"2017-10-26T11:47:05Z\",\n\"closed_at\": null,\n\"author_association\": \"NONE\",\n\"pull_request\": {\n \"url\": \"https://api.github.com/repos/Thuva4/Algorithms/pulls/406\",\n\"html_url\": \"https://github.com/Thuva4/Algorithms/pull/406\",\n\"diff_url\": \"https://github.com/Thuva4/Algorithms/pull/406.diff\",\n\"patch_url\": \"https://github.com/Thuva4/Algorithms/pull/406.patch\" \n},\n\"body\": \"Added Fibonacci in php\" \n},\n{\n \"url\": \"https://api.github.com/repos/Thuva4/Algorithms/issues/405\",\n\"repository_url\": \"https://api.github.com/repos/Thuva4/Algorithms\",\n\"labels_url\": \"https://api.github.com/repos/Thuva4/Algorithms/issues/405/labels{/name}\",\n\"comments_url\": \"https://api.github.com/repos/Thuva4/Algorithms/issues/405/comments\",\n\"events_url\": \"https://api.github.com/repos/Thuva4/Algorithms/issues/405/events\",\n\"html_url\": \"https://github.com/Thuva4/Algorithms/pull/405\",\n\"id\": 268683715,\n\"node_id\": \"MDExOlB1bGxSZXF1ZXN0MTQ4ODc3NTg0\",\n\"number\": 405,\n\"title\": \"Fibonacci series using recursion\",\n\"user\": {\n \"login\": \"anuj1121999\",\n\"id\": 24679944,\n\"node_id\": \"MDQ6VXNlcjI0Njc5OTQ0\",\n\"avatar_url\": \"https://avatars1.githubusercontent.com/u/24679944?v=4\",\n\"gravatar_id\": \"\",\n\"url\": \"https://api.github.com/users/anuj1121999\",\n\"html_url\": \"https://github.com/anuj1121999\",\n\"followers_url\": \"https://api.github.com/users/anuj1121999/followers\",\n\"following_url\": \"https://api.github.com/users/anuj1121999/following{/other_user}\",\n\"gists_url\": \"https://api.github.com/users/anuj1121999/gists{/gist_id}\",\n\"starred_url\": \"https://api.github.com/users/anuj1121999/starred{/owner}{/repo}\",\n\"subscriptions_url\": \"https://api.github.com/users/anuj1121999/subscriptions\",\n\"organizations_url\": \"https://api.github.com/users/anuj1121999/orgs\",\n\"repos_url\": \"https://api.github.com/users/anuj1121999/repos\",\n\"events_url\": \"https://api.github.com/users/anuj1121999/events{/privacy}\",\n\"received_events_url\": \"https://api.github.com/users/anuj1121999/received_events\",\n\"type\": \"User\",\n\"site_admin\": false \n},\n\"labels\": [],\n\"state\": \"open\",\n\"locked\": false,\n\"assignee\": null,\n\"assignees\": [],\n\"milestone\": null,\n\"comments\": 0,\n\"created_at\": \"2017-10-26T09:12:41Z\",\n\"updated_at\": \"2017-10-26T09:12:41Z\",\n\"closed_at\": null,\n\"author_association\": \"NONE\",\n\"pull_request\": {\n \"url\": \"https://api.github.com/repos/Thuva4/Algorithms/pulls/405\",\n\"html_url\": \"https://github.com/Thuva4/Algorithms/pull/405\",\n\"diff_url\": \"https://github.com/Thuva4/Algorithms/pull/405.diff\",\n\"patch_url\": \"https://github.com/Thuva4/Algorithms/pull/405.patch\" \n},\n\"body\": \"Implemented  Fibonacci series using recursion\" \n},\n{\n \"url\": \"https://api.github.com/repos/Thuva4/Algorithms/issues/404\",\n\"repository_url\": \"https://api.github.com/repos/Thuva4/Algorithms\",\n\"labels_url\": \"https://api.github.com/repos/Thuva4/Algorithms/issues/404/labels{/name}\",\n\"comments_url\": \"https://api.github.com/repos/Thuva4/Algorithms/issues/404/comments\",\n\"events_url\": \"https://api.github.com/repos/Thuva4/Algorithms/issues/404/events\",\n\"html_url\": \"https://github.com/Thuva4/Algorithms/pull/404\",\n\"id\": 268679471,\n\"node_id\": \"MDExOlB1bGxSZXF1ZXN0MTQ4ODc0MzQ4\",\n\"number\": 404,\n\"title\": \"Fibonacci using recursion\",\n\"user\": {\n \"login\": \"tanuj1121999\",\n\"id\": 26416906,\n\"node_id\": \"MDQ6VXNlcjI2NDE2OTA2\",\n\"avatar_url\": \"https://avatars1.githubusercontent.com/u/26416906?v=4\",\n\"gravatar_id\": \"\",\n\"url\": \"https://api.github.com/users/tanuj1121999\",\n\"html_url\": \"https://github.com/tanuj1121999\",\n\"followers_url\": \"https://api.github.com/users/tanuj1121999/followers\",\n\"following_url\": \"https://api.github.com/users/tanuj1121999/following{/other_user}\",\n\"gists_url\": \"https://api.github.com/users/tanuj1121999/gists{/gist_id}\",\n\"starred_url\": \"https://api.github.com/users/tanuj1121999/starred{/owner}{/repo}\",\n\"subscriptions_url\": \"https://api.github.com/users/tanuj1121999/subscriptions\",\n\"organizations_url\": \"https://api.github.com/users/tanuj1121999/orgs\",\n\"repos_url\": \"https://api.github.com/users/tanuj1121999/repos\",\n\"events_url\": \"https://api.github.com/users/tanuj1121999/events{/privacy}\",\n\"received_events_url\": \"https://api.github.com/users/tanuj1121999/received_events\",\n\"type\": \"User\",\n\"site_admin\": false \n},\n\"labels\": [],\n\"state\": \"open\",\n\"locked\": false,\n\"assignee\": null,\n\"assignees\": [],\n\"milestone\": null,\n\"comments\": 0,\n\"created_at\": \"2017-10-26T08:58:50Z\",\n\"updated_at\": \"2017-10-26T08:58:50Z\",\n\"closed_at\": null,\n\"author_association\": \"NONE\",\n\"pull_request\": {\n \"url\": \"https://api.github.com/repos/Thuva4/Algorithms/pulls/404\",\n\"html_url\": \"https://github.com/Thuva4/Algorithms/pull/404\",\n\"diff_url\": \"https://github.com/Thuva4/Algorithms/pull/404.diff\",\n\"patch_url\": \"https://github.com/Thuva4/Algorithms/pull/404.patch\" \n},\n\"body\": \"Implemented Fibonacci using recursion\" \n},\n{\n \"url\": \"https://api.github.com/repos/Thuva4/Algorithms/issues/399\",\n\"repository_url\": \"https://api.github.com/repos/Thuva4/Algorithms\",\n\"labels_url\": \"https://api.github.com/repos/Thuva4/Algorithms/issues/399/labels{/name}\",\n\"comments_url\": \"https://api.github.com/repos/Thuva4/Algorithms/issues/399/comments\",\n\"events_url\": \"https://api.github.com/repos/Thuva4/Algorithms/issues/399/events\",\n\"html_url\": \"https://github.com/Thuva4/Algorithms/pull/399\",\n\"id\": 268639046,\n\"node_id\": \"MDExOlB1bGxSZXF1ZXN0MTQ4ODQ1MDM0\",\n\"number\": 399,\n\"title\": \"added code of conduct file for contributors\",\n\"user\": {\n \"login\": \"syam3526\",\n\"id\": 11440246,\n\"node_id\": \"MDQ6VXNlcjExNDQwMjQ2\",\n\"avatar_url\": \"https://avatars2.githubusercontent.com/u/11440246?v=4\",\n\"gravatar_id\": \"\",\n\"url\": \"https://api.github.com/users/syam3526\",\n\"html_url\": \"https://github.com/syam3526\",\n\"followers_url\": \"https://api.github.com/users/syam3526/followers\",\n\"following_url\": \"https://api.github.com/users/syam3526/following{/other_user}\",\n\"gists_url\": \"https://api.github.com/users/syam3526/gists{/gist_id}\",\n\"starred_url\": \"https://api.github.com/users/syam3526/starred{/owner}{/repo}\",\n\"subscriptions_url\": \"https://api.github.com/users/syam3526/subscriptions\",\n\"organizations_url\": \"https://api.github.com/users/syam3526/orgs\",\n\"repos_url\": \"https://api.github.com/users/syam3526/repos\",\n\"events_url\": \"https://api.github.com/users/syam3526/events{/privacy}\",\n\"received_events_url\": \"https://api.github.com/users/syam3526/received_events\",\n\"type\": \"User\",\n\"site_admin\": false \n},\n\"labels\": [],\n\"state\": \"open\",\n\"locked\": false,\n\"assignee\": null,\n\"assignees\": [],\n\"milestone\": null,\n\"comments\": 0,\n\"created_at\": \"2017-10-26T06:02:29Z\",\n\"updated_at\": \"2017-10-26T06:02:29Z\",\n\"closed_at\": null,\n\"author_association\": \"CONTRIBUTOR\",\n\"pull_request\": {\n \"url\": \"https://api.github.com/repos/Thuva4/Algorithms/pulls/399\",\n\"html_url\": \"https://github.com/Thuva4/Algorithms/pull/399\",\n\"diff_url\": \"https://github.com/Thuva4/Algorithms/pull/399.diff\",\n\"patch_url\": \"https://github.com/Thuva4/Algorithms/pull/399.patch\" \n},\n\"body\": \"created code of conduct .md \" \n},\n{\n \"url\": \"https://api.github.com/repos/Thuva4/Algorithms/issues/396\",\n\"repository_url\": \"https://api.github.com/repos/Thuva4/Algorithms\",\n\"labels_url\": \"https://api.github.com/repos/Thuva4/Algorithms/issues/396/labels{/name}\",\n\"comments_url\": \"https://api.github.com/repos/Thuva4/Algorithms/issues/396/comments\",\n\"events_url\": \"https://api.github.com/repos/Thuva4/Algorithms/issues/396/events\",\n\"html_url\": \"https://github.com/Thuva4/Algorithms/pull/396\",\n\"id\": 268631555,\n\"node_id\": \"MDExOlB1bGxSZXF1ZXN0MTQ4ODM5NjUx\",\n\"number\": 396,\n\"title\": \"Python implementations of XorSwap and BinaryGCD\",\n\"user\": {\n \"login\": \"jeremyferguson\",\n\"id\": 33037736,\n\"node_id\": \"MDQ6VXNlcjMzMDM3NzM2\",\n\"avatar_url\": \"https://avatars1.githubusercontent.com/u/33037736?v=4\",\n\"gravatar_id\": \"\",\n\"url\": \"https://api.github.com/users/jeremyferguson\",\n\"html_url\": \"https://github.com/jeremyferguson\",\n\"followers_url\": \"https://api.github.com/users/jeremyferguson/followers\",\n\"following_url\": \"https://api.github.com/users/jeremyferguson/following{/other_user}\",\n\"gists_url\": \"https://api.github.com/users/jeremyferguson/gists{/gist_id}\",\n\"starred_url\": \"https://api.github.com/users/jeremyferguson/starred{/owner}{/repo}\",\n\"subscriptions_url\": \"https://api.github.com/users/jeremyferguson/subscriptions\",\n\"organizations_url\": \"https://api.github.com/users/jeremyferguson/orgs\",\n\"repos_url\": \"https://api.github.com/users/jeremyferguson/repos\",\n\"events_url\": \"https://api.github.com/users/jeremyferguson/events{/privacy}\",\n\"received_events_url\": \"https://api.github.com/users/jeremyferguson/received_events\",\n\"type\": \"User\",\n\"site_admin\": false \n},\n\"labels\": [],\n\"state\": \"open\",\n\"locked\": false,\n\"assignee\": null,\n\"assignees\": [],\n\"milestone\": null,\n\"comments\": 1,\n\"created_at\": \"2017-10-26T05:10:11Z\",\n\"updated_at\": \"2017-10-26T05:12:34Z\",\n\"closed_at\": null,\n\"author_association\": \"NONE\",\n\"pull_request\": {\n \"url\": \"https://api.github.com/repos/Thuva4/Algorithms/pulls/396\",\n\"html_url\": \"https://github.com/Thuva4/Algorithms/pull/396\",\n\"diff_url\": \"https://github.com/Thuva4/Algorithms/pull/396.diff\",\n\"patch_url\": \"https://github.com/Thuva4/Algorithms/pull/396.patch\" \n},\n\"body\": \"I added python implementations of the XorSwap and BinaryGCD algorithms.  \" \n},\n{\n \"url\": \"https://api.github.com/repos/Thuva4/Algorithms/issues/392\",\n\"repository_url\": \"https://api.github.com/repos/Thuva4/Algorithms\",\n\"labels_url\": \"https://api.github.com/repos/Thuva4/Algorithms/issues/392/labels{/name}\",\n\"comments_url\": \"https://api.github.com/repos/Thuva4/Algorithms/issues/392/comments\",\n\"events_url\": \"https://api.github.com/repos/Thuva4/Algorithms/issues/392/events\",\n\"html_url\": \"https://github.com/Thuva4/Algorithms/pull/392\",\n\"id\": 268577108,\n\"node_id\": \"MDExOlB1bGxSZXF1ZXN0MTQ4ODAwOTIz\",\n\"number\": 392,\n\"title\": \"Add xor swap in Ruby\",\n\"user\": {\n \"login\": \"kcywinski\",\n\"id\": 33105410,\n\"node_id\": \"MDQ6VXNlcjMzMTA1NDEw\",\n\"avatar_url\": \"https://avatars1.githubusercontent.com/u/33105410?v=4\",\n\"gravatar_id\": \"\",\n\"url\": \"https://api.github.com/users/kcywinski\",\n\"html_url\": \"https://github.com/kcywinski\",\n\"followers_url\": \"https://api.github.com/users/kcywinski/followers\",\n\"following_url\": \"https://api.github.com/users/kcywinski/following{/other_user}\",\n\"gists_url\": \"https://api.github.com/users/kcywinski/gists{/gist_id}\",\n\"starred_url\": \"https://api.github.com/users/kcywinski/starred{/owner}{/repo}\",\n\"subscriptions_url\": \"https://api.github.com/users/kcywinski/subscriptions\",\n\"organizations_url\": \"https://api.github.com/users/kcywinski/orgs\",\n\"repos_url\": \"https://api.github.com/users/kcywinski/repos\",\n\"events_url\": \"https://api.github.com/users/kcywinski/events{/privacy}\",\n\"received_events_url\": \"https://api.github.com/users/kcywinski/received_events\",\n\"type\": \"User\",\n\"site_admin\": false \n},\n\"labels\": [],\n\"state\": \"open\",\n\"locked\": false,\n\"assignee\": null,\n\"assignees\": [],\n\"milestone\": null,\n\"comments\": 1,\n\"created_at\": \"2017-10-25T22:55:39Z\",\n\"updated_at\": \"2017-10-26T05:00:32Z\",\n\"closed_at\": null,\n\"author_association\": \"NONE\",\n\"pull_request\": {\n \"url\": \"https://api.github.com/repos/Thuva4/Algorithms/pulls/392\",\n\"html_url\": \"https://github.com/Thuva4/Algorithms/pull/392\",\n\"diff_url\": \"https://github.com/Thuva4/Algorithms/pull/392.diff\",\n\"patch_url\": \"https://github.com/Thuva4/Algorithms/pull/392.patch\" \n},\n\"body\": \"\" \n},\n{\n \"url\": \"https://api.github.com/repos/Thuva4/Algorithms/issues/391\",\n\"repository_url\": \"https://api.github.com/repos/Thuva4/Algorithms\",\n\"labels_url\": \"https://api.github.com/repos/Thuva4/Algorithms/issues/391/labels{/name}\",\n\"comments_url\": \"https://api.github.com/repos/Thuva4/Algorithms/issues/391/comments\",\n\"events_url\": \"https://api.github.com/repos/Thuva4/Algorithms/issues/391/events\",\n\"html_url\": \"https://github.com/Thuva4/Algorithms/pull/391\",\n\"id\": 268549804,\n\"node_id\": \"MDExOlB1bGxSZXF1ZXN0MTQ4NzgxNDM2\",\n\"number\": 391,\n\"title\": \"Sieve in Ruby\",\n\"user\": {\n \"login\": \"herrphon\",\n\"id\": 2065719,\n\"node_id\": \"MDQ6VXNlcjIwNjU3MTk=\",\n\"avatar_url\": \"https://avatars2.githubusercontent.com/u/2065719?v=4\",\n\"gravatar_id\": \"\",\n\"url\": \"https://api.github.com/users/herrphon\",\n\"html_url\": \"https://github.com/herrphon\",\n\"followers_url\": \"https://api.github.com/users/herrphon/followers\",\n\"following_url\": \"https://api.github.com/users/herrphon/following{/other_user}\",\n\"gists_url\": \"https://api.github.com/users/herrphon/gists{/gist_id}\",\n\"starred_url\": \"https://api.github.com/users/herrphon/starred{/owner}{/repo}\",\n\"subscriptions_url\": \"https://api.github.com/users/herrphon/subscriptions\",\n\"organizations_url\": \"https://api.github.com/users/herrphon/orgs\",\n\"repos_url\": \"https://api.github.com/users/herrphon/repos\",\n\"events_url\": \"https://api.github.com/users/herrphon/events{/privacy}\",\n\"received_events_url\": \"https://api.github.com/users/herrphon/received_events\",\n\"type\": \"User\",\n\"site_admin\": false \n},\n\"labels\": [],\n\"state\": \"open\",\n\"locked\": false,\n\"assignee\": null,\n\"assignees\": [],\n\"milestone\": null,\n\"comments\": 1,\n\"created_at\": \"2017-10-25T21:07:48Z\",\n\"updated_at\": \"2017-10-26T04:59:34Z\",\n\"closed_at\": null,\n\"author_association\": \"NONE\",\n\"pull_request\": {\n \"url\": \"https://api.github.com/repos/Thuva4/Algorithms/pulls/391\",\n\"html_url\": \"https://github.com/Thuva4/Algorithms/pull/391\",\n\"diff_url\": \"https://github.com/Thuva4/Algorithms/pull/391.diff\",\n\"patch_url\": \"https://github.com/Thuva4/Algorithms/pull/391.patch\" \n},\n\"body\": \"enjoy :-)\" \n},\n{\n \"url\": \"https://api.github.com/repos/Thuva4/Algorithms/issues/387\",\n\"repository_url\": \"https://api.github.com/repos/Thuva4/Algorithms\",\n\"labels_url\": \"https://api.github.com/repos/Thuva4/Algorithms/issues/387/labels{/name}\",\n\"comments_url\": \"https://api.github.com/repos/Thuva4/Algorithms/issues/387/comments\",\n\"events_url\": \"https://api.github.com/repos/Thuva4/Algorithms/issues/387/events\",\n\"html_url\": \"https://github.com/Thuva4/Algorithms/pull/387\",\n\"id\": 268498670,\n\"node_id\": \"MDExOlB1bGxSZXF1ZXN0MTQ4NzQzNjUz\",\n\"number\": 387,\n\"title\": \"Added euclidean shortest path algorithm in Python\",\n\"user\": {\n \"login\": \"SergiGomez\",\n\"id\": 15036706,\n\"node_id\": \"MDQ6VXNlcjE1MDM2NzA2\",\n\"avatar_url\": \"https://avatars1.githubusercontent.com/u/15036706?v=4\",\n\"gravatar_id\": \"\",\n\"url\": \"https://api.github.com/users/SergiGomez\",\n\"html_url\": \"https://github.com/SergiGomez\",\n\"followers_url\": \"https://api.github.com/users/SergiGomez/followers\",\n\"following_url\": \"https://api.github.com/users/SergiGomez/following{/other_user}\",\n\"gists_url\": \"https://api.github.com/users/SergiGomez/gists{/gist_id}\",\n\"starred_url\": \"https://api.github.com/users/SergiGomez/starred{/owner}{/repo}\",\n\"subscriptions_url\": \"https://api.github.com/users/SergiGomez/subscriptions\",\n\"organizations_url\": \"https://api.github.com/users/SergiGomez/orgs\",\n\"repos_url\": \"https://api.github.com/users/SergiGomez/repos\",\n\"events_url\": \"https://api.github.com/users/SergiGomez/events{/privacy}\",\n\"received_events_url\": \"https://api.github.com/users/SergiGomez/received_events\",\n\"type\": \"User\",\n\"site_admin\": false \n},\n\"labels\": [],\n\"state\": \"open\",\n\"locked\": false,\n\"assignee\": null,\n\"assignees\": [],\n\"milestone\": null,\n\"comments\": 1,\n\"created_at\": \"2017-10-25T18:20:34Z\",\n\"updated_at\": \"2017-10-26T04:55:06Z\",\n\"closed_at\": null,\n\"author_association\": \"NONE\",\n\"pull_request\": {\n \"url\": \"https://api.github.com/repos/Thuva4/Algorithms/pulls/387\",\n\"html_url\": \"https://github.com/Thuva4/Algorithms/pull/387\",\n\"diff_url\": \"https://github.com/Thuva4/Algorithms/pull/387.diff\",\n\"patch_url\": \"https://github.com/Thuva4/Algorithms/pull/387.patch\" \n},\n\"body\": \"Issue #59\" \n},\n{\n \"url\": \"https://api.github.com/repos/Thuva4/Algorithms/issues/380\",\n\"repository_url\": \"https://api.github.com/repos/Thuva4/Algorithms\",\n\"labels_url\": \"https://api.github.com/repos/Thuva4/Algorithms/issues/380/labels{/name}\",\n\"comments_url\": \"https://api.github.com/repos/Thuva4/Algorithms/issues/380/comments\",\n\"events_url\": \"https://api.github.com/repos/Thuva4/Algorithms/issues/380/events\",\n\"html_url\": \"https://github.com/Thuva4/Algorithms/pull/380\",\n\"id\": 268493079,\n\"node_id\": \"MDExOlB1bGxSZXF1ZXN0MTQ4NzM5NTQ3\",\n\"number\": 380,\n\"title\": \"best first search\",\n\"user\": {\n \"login\": \"syam3526\",\n\"id\": 11440246,\n\"node_id\": \"MDQ6VXNlcjExNDQwMjQ2\",\n\"avatar_url\": \"https://avatars2.githubusercontent.com/u/11440246?v=4\",\n\"gravatar_id\": \"\",\n\"url\": \"https://api.github.com/users/syam3526\",\n\"html_url\": \"https://github.com/syam3526\",\n\"followers_url\": \"https://api.github.com/users/syam3526/followers\",\n\"following_url\": \"https://api.github.com/users/syam3526/following{/other_user}\",\n\"gists_url\": \"https://api.github.com/users/syam3526/gists{/gist_id}\",\n\"starred_url\": \"https://api.github.com/users/syam3526/starred{/owner}{/repo}\",\n\"subscriptions_url\": \"https://api.github.com/users/syam3526/subscriptions\",\n\"organizations_url\": \"https://api.github.com/users/syam3526/orgs\",\n\"repos_url\": \"https://api.github.com/users/syam3526/repos\",\n\"events_url\": \"https://api.github.com/users/syam3526/events{/privacy}\",\n\"received_events_url\": \"https://api.github.com/users/syam3526/received_events\",\n\"type\": \"User\",\n\"site_admin\": false \n},\n\"labels\": [],\n\"state\": \"open\",\n\"locked\": false,\n\"assignee\": null,\n\"assignees\": [],\n\"milestone\": null,\n\"comments\": 3,\n\"created_at\": \"2017-10-25T18:01:59Z\",\n\"updated_at\": \"2017-10-26T14:33:15Z\",\n\"closed_at\": null,\n\"author_association\": \"CONTRIBUTOR\",\n\"pull_request\": {\n \"url\": \"https://api.github.com/repos/Thuva4/Algorithms/pulls/380\",\n\"html_url\": \"https://github.com/Thuva4/Algorithms/pull/380\",\n\"diff_url\": \"https://github.com/Thuva4/Algorithms/pull/380.diff\",\n\"patch_url\": \"https://github.com/Thuva4/Algorithms/pull/380.patch\" \n},\n\"body\": \"i added a new java code to implement best first search.\" \n} \n]"]
